claim_id,feature,family,causal_role,target,top_fraction,orientation,gross_directionally_positive,globally_adjusted_diagnostic_survivor,discovery_lift_mean,discovery_lift_lb,discovery_precision,discovery_base_rate,discovery_recall,discovery_median_lead_days,discovery_mean_terminal_return,discovery_mean_mfe,discovery_mean_mae,validation_lift_mean,validation_lift_lb,validation_precision,validation_base_rate,validation_recall,validation_median_lead_days,validation_mean_terminal_return,validation_mean_mfe,validation_mean_mae,diagnostic_lockbox_lift_mean,diagnostic_lockbox_lift_lb,diagnostic_lockbox_precision,diagnostic_lockbox_base_rate,diagnostic_lockbox_recall,diagnostic_lockbox_median_lead_days,diagnostic_lockbox_mean_terminal_return,diagnostic_lockbox_mean_mfe,diagnostic_lockbox_mean_mae,min_lift
range_63:down_21d_20pct:top5,range_63,range,realized_range,down_21d_20pct,0.05,1,True,False,0.0719984949450324,-0.0151865794978712,0.0822047244094488,0.0102169052243312,0.4169329073482428,14.0,0.0038964322831697,0.0760772255635381,-0.0752550110304497,0.0295400065686913,-0.0380059769975751,0.0407692307692307,0.0112301381864521,0.1879432624113475,10.0,0.0547731991543523,0.123456558788561,-0.0656005440498388,0.0290917613969295,-0.008265371188816,0.0347169811320754,0.0056252197351459,0.3194444444444444,14.5,0.0116071058700332,0.079606724919033,-0.0628826025529625,0.0290917613969295
downvol_126:down_21d_20pct:top5,downvol_126,volatility,downside_fragility,down_21d_20pct,0.05,1,True,False,0.0464866839214104,-0.0119850967334149,0.0569440050616893,0.0102169052243312,0.2875399361022364,14.0,0.0063430732576438,0.0695670890649087,-0.0651327696995192,0.0380015450302298,-0.0335456288590506,0.0492307692307692,0.0112301381864521,0.226950354609929,10.0,0.0552007117552875,0.1185151700275369,-0.0603233935748634,0.0290917613969295,0.0026987599438358,0.0347169811320754,0.0056252197351459,0.3194444444444444,14.5,0.0136019506875819,0.0714295032911445,-0.0533471122105547,0.0290917613969295
residual_mom_252:down_21d_20pct:top5,residual_mom_252,market_relative,idiosyncratic_direction,down_21d_20pct,0.05,-1,True,False,0.0611254888428801,-0.0259581117671422,0.0743099787685774,0.0102169052243312,0.2795527156549521,14.0,-0.0152740299755933,0.0547462193408006,-0.0740898212397847,0.0336425706712554,-0.0340091399133893,0.0448717948717948,0.0112301381864521,0.1985815602836879,8.5,0.0512507232130158,0.1172778797161619,-0.0589504871634237,0.0289659752334075,-0.006203247143549,0.0345911949685534,0.0056252197351459,0.3055555555555556,14.0,0.0133422527801189,0.0737548412386124,-0.056399982283599,0.0289659752334075
rel_strength_63:down_21d_20pct:top5,rel_strength_63,market_relative,relative_strength,down_21d_20pct,0.05,-1,True,False,0.0416310408767909,-0.0170587385484333,0.0520936366633696,0.0102169052243312,0.2523961661341853,14.0,0.0033653203739256,0.0595243861139577,-0.0611387045934658,0.0296361604148452,-0.0263743880988166,0.0408653846153846,0.0112301381864521,0.1808510638297872,10.0,0.03670899100196,0.0921370612507265,-0.0532503216452133,0.0281798117113949,-0.0126498579303988,0.0338050314465408,0.0056252197351459,0.2986111111111111,15.0,-0.0012405962176732,0.0599455647585638,-0.0582781222158694,0.0281798117113949
drawdown_252:down_21d_20pct:top5,drawdown_252,breakout,drawdown_state,down_21d_20pct,0.05,-1,True,False,0.0568732418599368,-0.0209609460844052,0.0677118078719146,0.0102169052243312,0.3242811501597444,14.0,-0.0035462458302963,0.0626681921508288,-0.0690483785504628,0.0320400065686913,-0.0434893287476971,0.0432692307692307,0.0112301381864521,0.1914893617021276,9.0,0.051673828269848,0.1170302056725944,-0.0569127033669632,0.0281798117113949,-0.0080038954627995,0.0338050314465408,0.0056252197351459,0.2986111111111111,14.0,0.0095759338029943,0.0707433142683621,-0.0584385562750519,0.0281798117113949
dist_high_252:down_21d_20pct:top5,dist_high_252,breakout,distance_to_supply,down_21d_20pct,0.05,-1,True,False,0.0568732418599368,-0.0209609460844052,0.0677118078719146,0.0102169052243312,0.3242811501597444,14.0,-0.0035462458302963,0.0626681921508288,-0.0690483785504628,0.0320400065686913,-0.0434893287476971,0.0432692307692307,0.0112301381864521,0.1914893617021276,9.0,0.051673828269848,0.1170302056725944,-0.0569127033669632,0.0281798117113949,-0.0080038954627995,0.0338050314465408,0.0056252197351459,0.2986111111111111,14.0,0.0095759338029943,0.0707433142683621,-0.0584385562750519,0.0281798117113949
mom_63:down_21d_20pct:top5,mom_63,price_path,direction_state,down_21d_20pct,0.05,-1,True,False,0.0416310408767909,-0.0170587385484333,0.0520936366633696,0.0102169052243312,0.2523961661341853,14.0,0.0033653203739256,0.0595243861139577,-0.0611387045934658,0.0296361604148452,-0.0263743880988166,0.0408653846153846,0.0112301381864521,0.1808510638297872,10.0,0.03670899100196,0.0921370612507265,-0.0532503216452133,0.0281798117113949,-0.0126498579303988,0.0338050314465408,0.0056252197351459,0.2986111111111111,15.0,-0.0012405962176732,0.0599455647585638,-0.0582781222158694,0.0281798117113949
mom_252_skip_21:down_21d_20pct:top5,mom_252_skip_21,price_path,persistent_direction,down_21d_20pct,0.05,-1,True,False,0.0527079804253717,-0.0160161565207645,0.0658174097664543,0.0102169052243312,0.2476038338658147,14.0,-0.0147324943504303,0.0527391015348697,-0.0712074852487938,0.0320400065686913,-0.0399284528999134,0.0432692307692307,0.0112301381864521,0.1914893617021276,10.5,0.0468312211291204,0.1123440564796315,-0.0603368006976856,0.0273936481893823,-0.0039645950129725,0.0330188679245283,0.0056252197351459,0.2916666666666667,14.0,0.0096046512334066,0.0673576940541799,-0.0553141986985177,0.0273936481893823
mom_63_skip_5:down_21d_20pct:top5,mom_63_skip_5,price_path,persistent_direction,down_21d_20pct,0.05,-1,True,False,0.0409748728977883,-0.0139850791027905,0.0514003294892915,0.0102169052243312,0.2492012779552715,14.0,0.0035221065615225,0.0593012952391629,-0.0609090026013953,0.0288348783635631,-0.0256812455094013,0.0400641025641025,0.0112301381864521,0.1773049645390071,10.5,0.0357584601082415,0.091070615523618,-0.0534728628445141,0.0273936481893823,-0.0119195639929409,0.0330188679245283,0.0056252197351459,0.2916666666666667,14.5,-0.0006016684395528,0.0598271639165974,-0.0578739856474234,0.0273936481893823
upvolshare63_x_relstrength63:down_21d_20pct:top5,upvolshare63_x_relstrength63,interaction,relative_accumulation_proxy,down_21d_20pct,0.05,-1,True,False,0.0432714608242975,-0.0187524688669481,0.0537421694691724,0.0102169052243312,0.2603833865814696,14.0,0.0031086892066086,0.0598060702514954,-0.0615348819880541,0.0336425706712554,-0.0297876787431456,0.0448717948717948,0.0112301381864521,0.1985815602836879,10.0,0.0363762453425295,0.093102263556833,-0.0541357764331496,0.0273936481893823,-0.0136401752693213,0.0330188679245283,0.0056252197351459,0.2916666666666667,15.5,0.0014367928651236,0.061584702913898,-0.0573096547402938,0.0273936481893823
range_42:down_21d_20pct:top5,range_42,range,realized_range,down_21d_20pct,0.05,1,True,False,0.0688488886458198,-0.0174529363063018,0.0790551181102362,0.0102169052243312,0.4009584664536741,14.0,0.0033946081981594,0.0746979652998383,-0.074820163058494,0.0303092373379221,-0.034750727994434,0.0415384615384615,0.0112301381864521,0.1914893617021276,10.0,0.0567772491231655,0.1246748133333903,-0.0641872519510338,0.0268276104535333,-0.009025806277122,0.0324528301886792,0.0056252197351459,0.2986111111111111,15.0,0.0095743539417651,0.075853145840935,-0.0612588405467961,0.0268276104535333
range_126:down_21d_20pct:top5,range_126,range,realized_range,down_21d_20pct,0.05,1,True,False,0.066657287595951,-0.0229242986266531,0.077020202020202,0.0102169052243312,0.389776357827476,14.0,0.0047757394985754,0.0756711208081283,-0.0736394691658636,0.0287707757994606,-0.0430417454057856,0.04,0.0112301381864521,0.1843971631205673,9.5,0.052800747121038,0.1211097185256805,-0.0643395733775869,0.0268276104535333,-0.0054225718167223,0.0324528301886792,0.0056252197351459,0.2986111111111111,14.0,0.0123438359187275,0.0788203295621389,-0.0623202206164203,0.0268276104535333
upvolshare21_x_relstrength63:down_21d_20pct:top5,upvolshare21_x_relstrength63,interaction,relative_accumulation_proxy,down_21d_20pct,0.05,-1,True,False,0.0350693610867647,-0.0150249055841591,0.0454695222405271,0.0102169052243312,0.2204472843450479,14.0,0.0040878594704763,0.0586180629745306,-0.0592833807397178,0.026431032209717,-0.0313311655225296,0.0376602564102564,0.0112301381864521,0.1666666666666666,11.0,0.0379300331026353,0.0917468407629097,-0.0525088509307726,0.0281798117113949,-0.0168216305431433,0.0338050314465408,0.0056252197351459,0.2986111111111111,16.0,0.0007986292307951,0.0600419298299481,-0.0565546537756016,0.026431032209717
mom_126_skip_21:down_21d_20pct:top5,mom_126_skip_21,price_path,persistent_direction,down_21d_20pct,0.05,-1,True,False,0.0376933476800426,-0.0208411006479177,0.0482689747003994,0.0102169052243312,0.231629392971246,14.0,-0.0010299863373385,0.0569251470227434,-0.0592615870225531,0.0320400065686913,-0.0324409930507574,0.0432692307692307,0.0112301381864521,0.1914893617021276,11.0,0.0393737595378569,0.0995747184117199,-0.0573809560297136,0.0258213211453572,-0.0101054706882919,0.0314465408805031,0.0056252197351459,0.2777777777777778,14.0,0.0098733495158241,0.0683741391175788,-0.0550792224198132,0.0258213211453572
vol_126:down_21d_20pct:top5,vol_126,volatility,fragility_or_expansion,down_21d_20pct,0.05,1,True,False,0.0527858965198356,-0.0140493371788215,0.0632711167352103,0.0102169052243312,0.3194888178913738,14.0,0.0055776219498374,0.0732310149691696,-0.0695427638247307,0.037232314260999,-0.0387897437836962,0.0484615384615384,0.0112301381864521,0.2234042553191489,10.0,0.0581883196596403,0.1235394971528615,-0.0610552905287387,0.0253181764912691,-0.0005518373470775,0.030943396226415,0.0056252197351459,0.2847222222222222,14.0,0.013609371237178,0.0741876080412309,-0.0549582269472165,0.0253181764912691
range_21:down_21d_20pct:top5,range_21,range,realized_range,down_21d_20pct,0.05,1,True,False,0.0732583374647175,-0.0213154153915535,0.0834645669291338,0.0102169052243312,0.4233226837060703,14.0,0.0008803112654715,0.0733828037116487,-0.0763816479906672,0.0287707757994606,-0.0347771878772562,0.04,0.0112301381864521,0.1843971631205673,10.0,0.0543546566627041,0.1227199735303717,-0.0645105067972728,0.0253181764912691,-0.0095167808652385,0.030943396226415,0.0056252197351459,0.2847222222222222,15.0,0.0083299796171935,0.0733732896641095,-0.0592036740400051,0.0253181764912691
sma_spread_42_252:down_21d_20pct:top5,sma_spread_42_252,trend,trend_transition,down_21d_20pct,0.05,1,True,False,0.0399011921704958,-0.0159311654961352,0.0505438259756877,0.0102169052243312,0.2523961661341853,14.0,-0.0032255486587158,0.0561346673224499,-0.0618884763461634,0.0256938527225375,-0.0392813563413824,0.0369230769230769,0.0112301381864521,0.1702127659574468,10.0,0.0437826701317433,0.1025871765742544,-0.0553577753056136,0.0253181764912691,-0.0087765958244377,0.030943396226415,0.0056252197351459,0.2847222222222222,14.0,0.0071828152048746,0.0664109278617033,-0.0557353871163125,0.0253181764912691
mom_accel_21_63:down_21d_20pct:top5,mom_accel_21_63,price_acceleration,direction_change,down_21d_20pct,0.05,1,True,False,0.0304236917954261,-0.0100953715341089,0.040784065760354,0.0102169052243312,0.2060702875399361,14.0,0.0026742254750172,0.0561096623926686,-0.0575217516711855,0.0287707757994606,-0.0375649234220346,0.04,0.0112301381864521,0.1843971631205673,10.0,0.0339468447583223,0.0857304553972784,-0.0542135088326191,0.0253181764912691,-0.014813914223149,0.030943396226415,0.0056252197351459,0.2847222222222222,15.0,0.0042936532246901,0.0604811497652264,-0.0537429259663258,0.0253181764912691
mom_126_skip_10:down_21d_20pct:top5,mom_126_skip_10,price_path,persistent_direction,down_21d_20pct,0.05,-1,True,False,0.0436457286324235,-0.0212525130642838,0.0542971352431712,0.0102169052243312,0.2603833865814696,14.0,-0.0012874550116134,0.0577411973600552,-0.0611527097788884,0.0296361604148452,-0.0313713125189755,0.0408653846153846,0.0112301381864521,0.1808510638297872,11.0,0.0378938559615531,0.098973357817079,-0.0564377197151107,0.0250351576233446,-0.0070256533565107,0.0306603773584905,0.0056252197351459,0.2708333333333333,14.0,0.0077979080991544,0.0659294791713954,-0.0555059728098721,0.0250351576233446
mom_252_skip_42:down_21d_20pct:top5,mom_252_skip_42,price_path,persistent_direction,down_21d_20pct,0.05,-1,True,False,0.0485175251479599,-0.0200872384245615,0.0616496598639455,0.0102169052243312,0.231629392971246,14.0,-0.0154450950571559,0.0518469378349973,-0.0706289332981979,0.027232314260999,-0.0176275200075633,0.0384615384615384,0.0112301381864521,0.1702127659574468,11.0,0.0482314031120336,0.1113225849008335,-0.0570688218160099,0.0250351576233446,-0.0032929471372776,0.0306603773584905,0.0056252197351459,0.2708333333333333,14.0,0.012803511984125,0.0676341801711067,-0.0519932570084641,0.0250351576233446
sma_spread_21_63:down_42d_30pct:top5,sma_spread_21_63,trend,trend_transition,down_42d_30pct,0.05,1,True,False,0.0259883626365665,-0.0213492490788476,0.0346784363177805,0.008670237084449,0.2071563088512241,25.0,0.0064069700846963,0.0862509758023375,-0.0879609668256873,0.0154460068766401,-0.0254311010525994,0.0192307692307692,0.0037838053132592,0.2631578947368421,15.0,0.0775810080347481,0.1407344423427832,-0.0684846983245269,0.0163198757763975,-0.0061614736434586,0.0191666666666666,0.0028467908902691,0.3484848484848485,26.0,0.0013348324440478,0.089319743366416,-0.0873104204641234,0.0154460068766401
sma_dist_126:down_42d_30pct:top5,sma_dist_126,trend,trend_state,down_42d_30pct,0.05,-1,True,False,0.0398991237914221,-0.0384017446949986,0.0488287693830419,0.008670237084449,0.2787193973634652,25.0,0.0058131232544397,0.0905947992620126,-0.090756612487227,0.0154460068766401,-0.0268329032059828,0.0192307692307692,0.0037838053132592,0.2526315789473684,14.5,0.0853077605487722,0.1524483076050493,-0.0660620712773302,0.0171184868875086,-0.0050289936740586,0.0199652777777777,0.0028467908902691,0.3484848484848485,25.0,0.0002185720875801,0.0936272374160656,-0.0914767370125255,0.0154460068766401
dist_high_126:down_42d_30pct:top5,dist_high_126,breakout,distance_to_supply,down_42d_30pct,0.05,-1,True,False,0.051382063423968,-0.0402116339083055,0.0603164139749505,0.008670237084449,0.3446327683615819,25.0,0.0023659931918021,0.0966062292126912,-0.0988303370124592,0.0170485709792042,-0.0254088289351668,0.0208333333333333,0.0037838053132592,0.2736842105263158,14.5,0.0954738799863085,0.1706051406324662,-0.0703876735148765,0.0153823757763975,-0.0053267465038526,0.0182291666666666,0.0028467908902691,0.3181818181818182,25.0,0.0102161098894385,0.1018443793967458,-0.0903534076670298,0.0153823757763975
drawdown_126:down_42d_30pct:top5,drawdown_126,breakout,drawdown_state,down_42d_30pct,0.05,-1,True,False,0.051382063423968,-0.0402116339083055,0.0603164139749505,0.008670237084449,0.3446327683615819,25.0,0.0023659931918021,0.0966062292126912,-0.0988303370124592,0.0170485709792042,-0.0254088289351668,0.0208333333333333,0.0037838053132592,0.2736842105263158,14.5,0.0954738799863085,0.1706051406324662,-0.0703876735148765,0.0153823757763975,-0.0053267465038526,0.0182291666666666,0.0028467908902691,0.3181818181818182,25.0,0.0102161098894385,0.1018443793967458,-0.0903534076670298,0.0153823757763975
dist_high_252:down_42d_30pct:top5,dist_high_252,breakout,distance_to_supply,down_42d_30pct,0.05,-1,True,False,0.0514591697474387,-0.0369160052528428,0.0607882431529726,0.008670237084449,0.3427495291902072,26.0,-0.0035503984616094,0.0954914657372272,-0.1039659611875826,0.0178498530304862,-0.025480177564208,0.0216346153846153,0.0037838053132592,0.2842105263157894,15.0,0.1006583522239184,0.1824106005487684,-0.0733130369178478,0.0145143202208419,-0.0059184354708974,0.0173611111111111,0.0028467908902691,0.303030303030303,27.5,0.0128390887793374,0.1054731132288358,-0.0888671022092667,0.0145143202208419
drawdown_252:down_42d_30pct:top5,drawdown_252,breakout,drawdown_state,down_42d_30pct,0.05,-1,True,False,0.0514591697474387,-0.0369160052528428,0.0607882431529726,0.008670237084449,0.3427495291902072,26.0,-0.0035503984616094,0.0954914657372272,-0.1039659611875826,0.0178498530304862,-0.025480177564208,0.0216346153846153,0.0037838053132592,0.2842105263157894,15.0,0.1006583522239184,0.1824106005487684,-0.0733130369178478,0.0145143202208419,-0.0059184354708974,0.0173611111111111,0.0028467908902691,0.303030303030303,27.5,0.0128390887793374,0.1054731132288358,-0.0888671022092667,0.0145143202208419
minret_126:down_42d_30pct:top5,minret_126,distribution,crash_history,down_42d_30pct,0.05,-1,True,False,0.0182455804843355,-0.009591938107283,0.027062706270627,0.008670237084449,0.1544256120527307,27.0,0.0171679468966629,0.0921453296962689,-0.0783320951011903,0.014644724825358,-0.0126688005191348,0.0184294871794871,0.0037838053132592,0.2421052631578947,16.0,0.0615733227103736,0.1367524413497989,-0.0724494798290449,0.0145143202208419,-0.0133102379524364,0.0173611111111111,0.0028467908902691,0.303030303030303,28.0,0.0208815900233816,0.0949642354213326,-0.0732036059869493,0.0145143202208419
mom_accel_10_42:down_42d_30pct:top5,mom_accel_10_42,price_acceleration,direction_change,down_42d_30pct,0.05,1,True,False,0.0212639531877476,-0.0175407602780046,0.0299873737373737,0.008670237084449,0.1789077212806026,24.0,0.0079814079364265,0.0854943671283274,-0.0849724303894797,0.0139075453381785,-0.0209206875909647,0.0176923076923076,0.0037838053132592,0.2421052631578947,15.0,0.064180688767315,0.1289041333514093,-0.0697964727675444,0.0146532091097308,-0.0077089214216552,0.0175,0.0028467908902691,0.3181818181818182,26.0,0.0051166497187289,0.0867453001131473,-0.0815240462469702,0.0139075453381785
mom_63_skip_5:down_42d_30pct:top5,mom_63_skip_5,price_path,persistent_direction,down_42d_30pct,0.05,-1,True,False,0.0290723521378788,-0.0165740594060644,0.0379162545334652,0.008670237084449,0.2165725047080979,26.0,0.0110324219602283,0.0909404287659604,-0.0877549507126879,0.013843442774076,-0.0276975660743834,0.0176282051282051,0.0037838053132592,0.231578947368421,14.0,0.0814584429383251,0.1459087146224666,-0.0669873658260552,0.0197226535541752,-0.0104292902567795,0.0225694444444444,0.0028467908902691,0.3939393939393939,28.0,-0.0045029845264387,0.088968661828275,-0.0916289953270075,0.013843442774076
downvol_63:down_42d_30pct:top5,downvol_63,volatility,downside_fragility,down_42d_30pct,0.05,1,True,False,0.0411064728727869,-0.0278357161313599,0.049763779527559,0.008670237084449,0.2975517890772128,26.0,0.0198827839507129,0.1080788447077367,-0.0933742473113744,0.0169844684151016,-0.024001809172393,0.0207692307692307,0.0037838053132592,0.2842105263157894,13.0,0.1205324011297319,0.1909629981520134,-0.0672500797318968,0.0138198757763975,-0.0040253892616757,0.0166666666666666,0.0028467908902691,0.303030303030303,22.0,0.0182427324870514,0.1000337297475237,-0.0798285720265888,0.0138198757763975
downvol_126:down_42d_30pct:top5,downvol_126,volatility,downside_fragility,down_42d_30pct,0.05,1,True,False,0.0445710398019208,-0.0268142136452399,0.0535318340196388,0.008670237084449,0.3182674199623352,26.0,0.0135329744466074,0.1069252485378668,-0.0965800941316041,0.0177536991843324,-0.0265815114039233,0.0215384615384615,0.0037838053132592,0.2947368421052631,14.5,0.1101226223288869,0.1917357083806675,-0.0766902209152881,0.0138198757763975,-0.0119231971346175,0.0166666666666666,0.0028467908902691,0.303030303030303,28.0,0.0232221909731314,0.1078433314809837,-0.0802374817493363,0.0138198757763975
mom_189:down_42d_30pct:top5,mom_189,price_path,direction_state,down_42d_30pct,0.05,-1,True,False,0.0518482777714803,-0.0414347806023891,0.0620126253249164,0.008670237084449,0.3145009416195857,28.0,-0.0094697426655273,0.0855186974496655,-0.10083292374041,0.0162472889279221,-0.0279285859969762,0.0200320512820512,0.0037838053132592,0.2631578947368421,15.0,0.0829457687891073,0.1621199278959364,-0.076122737142503,0.0136462646652864,-0.0124562422647799,0.0164930555555555,0.0028467908902691,0.2878787878787879,26.0,0.0176724887281078,0.1023069658344709,-0.0806995454213101,0.0136462646652864
sma_dist_252:down_42d_30pct:top5,sma_dist_252,trend,trend_state,down_42d_30pct,0.05,-1,True,False,0.0481522914405604,-0.0404288645270206,0.0573333333333333,0.008670237084449,0.3239171374764595,26.5,-0.004114200326176,0.086045147358084,-0.0956941048757158,0.0170485709792042,-0.0262122124473229,0.0208333333333333,0.0037838053132592,0.2736842105263158,15.5,0.0899751916801137,0.1646692119150098,-0.0709260824849491,0.0136462646652864,-0.0066549942583139,0.0164930555555555,0.0028467908902691,0.2878787878787879,26.0,0.0096272560773812,0.0989595620807003,-0.0883293190649784,0.0136462646652864
sma_dist_63:down_42d_30pct:top5,sma_dist_63,trend,trend_state,down_42d_30pct,0.05,-1,True,False,0.030384688095884,-0.0292584350682804,0.0391061452513966,0.008670237084449,0.224105461393597,24.0,0.0071730623148655,0.0884085483802334,-0.088296084489989,0.0170485709792042,-0.0247226083498857,0.0208333333333333,0.0037838053132592,0.2736842105263158,14.5,0.0741485123926433,0.1384380199059122,-0.0696307531291484,0.0136462646652864,-0.0048059018659093,0.0164930555555555,0.0028467908902691,0.2878787878787879,21.0,-0.0014147084414049,0.0866152053020677,-0.085353349262568,0.0136462646652864
minret_63:down_42d_30pct:top5,minret_63,distribution,crash_history,down_42d_30pct,0.05,-1,True,False,0.0205421684108447,-0.0082780312704119,0.0291994750656168,0.008670237084449,0.167608286252354,27.0,0.0210068164363688,0.0962361772371106,-0.0795620644660842,0.0186511350817683,-0.0179916967695483,0.0224358974358974,0.0037838053132592,0.2947368421052631,14.5,0.0896078490155659,0.1519813754713924,-0.0604124654544348,0.0136462646652864,-0.0048637798273439,0.0164930555555555,0.0028467908902691,0.2878787878787879,21.0,0.0207750805161256,0.0923799072841915,-0.0703190443654051,0.0136462646652864
drawdown_63:down_42d_30pct:top5,drawdown_63,breakout,drawdown_state,down_42d_30pct,0.05,-1,True,False,0.0421957117179313,-0.0291611492328183,0.0509365757476174,0.008670237084449,0.2919020715630885,25.0,0.0058146934897794,0.0947084797729975,-0.0960916840536371,0.0130421607227939,-0.0290390207514863,0.016826923076923,0.0037838053132592,0.2210526315789473,14.0,0.0866402247025821,0.1566353695814649,-0.0713966744438574,0.016250431331953,-0.0076660396389634,0.0190972222222222,0.0028467908902691,0.3333333333333333,23.5,-0.0052985533603065,0.0902457410272976,-0.0944877757409393,0.0130421607227939
dist_high_63:down_42d_30pct:top5,dist_high_63,breakout,distance_to_supply,down_42d_30pct,0.05,-1,True,False,0.0421957117179313,-0.0291611492328183,0.0509365757476174,0.008670237084449,0.2919020715630885,25.0,0.0058146934897794,0.0947084797729975,-0.0960916840536371,0.0130421607227939,-0.0290390207514863,0.016826923076923,0.0037838053132592,0.2210526315789473,14.0,0.0866402247025821,0.1566353695814649,-0.0713966744438574,0.016250431331953,-0.0076660396389634,0.0190972222222222,0.0028467908902691,0.3333333333333333,23.5,-0.0052985533603065,0.0902457410272976,-0.0944877757409393,0.0130421607227939
mom_63:down_42d_30pct:top5,mom_63,price_path,direction_state,down_42d_30pct,0.05,-1,True,False,0.0294004361273801,-0.0214146613760955,0.0382711976245463,0.008670237084449,0.2184557438794727,27.0,0.0111103103374363,0.0919437662023231,-0.0882119870334905,0.0130421607227939,-0.0290390207514863,0.016826923076923,0.0037838053132592,0.2210526315789473,14.0,0.0825402281548327,0.1462906658728886,-0.0674424012890822,0.0171184868875086,-0.0089948352021324,0.0199652777777777,0.0028467908902691,0.3484848484848485,26.0,-0.0059871685273911,0.088446641024425,-0.0924857761660999,0.0130421607227939
rel_strength_63:down_42d_30pct:top5,rel_strength_63,market_relative,relative_strength,down_42d_30pct,0.05,-1,True,False,0.0294004361273801,-0.0214146613760955,0.0382711976245463,0.008670237084449,0.2184557438794727,27.0,0.0111103103374363,0.0919437662023231,-0.0882119870334905,0.0130421607227939,-0.0290390207514863,0.016826923076923,0.0037838053132592,0.2210526315789473,14.0,0.0825402281548327,0.1462906658728886,-0.0674424012890822,0.0171184868875086,-0.0089948352021324,0.0199652777777777,0.0028467908902691,0.3484848484848485,26.0,-0.0059871685273911,0.088446641024425,-0.0924857761660999,0.0130421607227939
sma_spread_42_252:down_42d_30pct:top5,sma_spread_42_252,trend,trend_transition,down_42d_30pct,0.05,1,True,False,0.0398454131336821,-0.0261636826618269,0.0489443378119001,0.008670237084449,0.288135593220339,27.0,-0.0060172854946057,0.0842964277116902,-0.0944577134572645,0.0169844684151016,-0.0253932113799471,0.0207692307692307,0.0037838053132592,0.2842105263157894,15.0,0.0885864494675039,0.1635780469185159,-0.0714955128265962,0.0129865424430641,-0.0056734083003669,0.0158333333333333,0.0028467908902691,0.2878787878787879,26.0,0.016933323503591,0.1010329387632229,-0.0822241783003779,0.0129865424430641
mom_42:up_126d_100pct:top5,mom_42,price_path,direction_state,up_126d_100pct,0.05,-1,True,False,0.0021176019836834,-0.0065686035088538,0.0029615004935834,0.00083439678021,0.1764705882352941,95.0,0.0253497239875066,0.1744520212132242,-0.1523946162001083,0.0178481183408569,-0.039518269457071,0.0216346153846153,0.0037844082380591,0.2842105263157894,70.0,0.1678190603714877,0.2760430619836056,-0.0951429924151967,0.0025545982768984,-0.002091081776559,0.0026881720430107,0.0001335737661123,1.0,126.0,0.0227425029095846,0.1557932962337888,-0.161279548779224,0.0025545982768984
rel_strength_42:up_126d_100pct:top5,rel_strength_42,market_relative,relative_strength,up_126d_100pct,0.05,-1,True,False,0.0021176019836834,-0.0065686035088538,0.0029615004935834,0.00083439678021,0.1764705882352941,95.0,0.0253497239875066,0.1744520212132242,-0.1523946162001083,0.0178481183408569,-0.039518269457071,0.0216346153846153,0.0037844082380591,0.2842105263157894,70.0,0.1678190603714877,0.2760430619836056,-0.0951429924151967,0.0025545982768984,-0.002091081776559,0.0026881720430107,0.0001335737661123,1.0,126.0,0.0227425029095846,0.1557932962337888,-0.161279548779224,0.0025545982768984
residual_mom_42:up_126d_100pct:top5,residual_mom_42,market_relative,idiosyncratic_direction,up_126d_100pct,0.05,-1,True,False,0.0017895179941821,-0.0068791044377982,0.0026324448831852,0.00083439678021,0.1568627450980392,94.0,0.0270457750245417,0.1773904436503294,-0.1541167990798614,0.0154442721870107,-0.0369295147889439,0.0192307692307692,0.0037844082380591,0.2526315789473684,71.0,0.1799673593485819,0.288188227888538,-0.0906406445728549,0.0025545982768984,-0.002091081776559,0.0026881720430107,0.0001335737661123,1.0,126.0,0.022995428538897,0.1598187727592827,-0.1636504952973159,0.0025545982768984
range_42:up_126d_100pct:top5,range_42,range,realized_range,up_126d_100pct,0.05,1,True,False,0.0092435862356519,-0.011757227253523,0.0100787401574803,0.00083439678021,0.6274509803921569,107.5,0.0516070177286461,0.2362396756342865,-0.1880884233735481,0.0523673491100876,-0.0333155180880693,0.0561538461538461,0.0037844082380591,0.7684210526315789,78.0,0.2338755244278362,0.3997237457891729,-0.1121892285585357,0.0024470713951779,-0.0020030650011273,0.0025806451612903,0.0001335737661123,1.0,126.0,0.0544708859359755,0.2107685872004267,-0.1735555305773808,0.0024470713951779
range_63:up_126d_100pct:top5,range_63,range,realized_range,up_126d_100pct,0.05,1,True,False,0.0086136649758094,-0.0114834520910493,0.0094488188976377,0.00083439678021,0.5882352941176471,108.5,0.0541344645543178,0.2386453647679285,-0.1893166072140402,0.0531365798793184,-0.0351212502599828,0.0569230769230769,0.0037844082380591,0.7789473684210526,78.0,0.2235067288210469,0.3912771353581634,-0.1153391963150119,0.0024470713951779,-0.0020030650011273,0.0025806451612903,0.0001335737661123,1.0,126.0,0.0490357738749959,0.2123413579574127,-0.1792020520911607,0.0024470713951779
range_126:up_126d_100pct:top5,range_126,range,realized_range,up_126d_100pct,0.05,1,True,False,0.0090467358419511,-0.0123279921578645,0.0097853535353535,0.00083439678021,0.6078431372549019,109.0,0.0569887703183758,0.2383510046768137,-0.1851772702310178,0.0531365798793184,-0.0389574538210578,0.0569230769230769,0.0037844082380591,0.7789473684210526,77.5,0.2204519519074665,0.3822695683280278,-0.1171532645634741,0.0024470713951779,-0.0020030650011273,0.0025806451612903,0.0001335737661123,1.0,126.0,0.0621353039791519,0.2215551063921962,-0.1732971012418763,0.0024470713951779
residual_mom_252:up_126d_100pct:top5,residual_mom_252,market_relative,idiosyncratic_direction,up_126d_100pct,0.05,-1,True,False,0.0023375170959962,-0.0086581096138749,0.0029812606473594,0.00083439678021,0.1372549019607843,93.0,-0.0507414410479991,0.1456005681463716,-0.2136699703339988,0.0218545285972671,-0.0518562360873451,0.0256410256410256,0.0037844082380591,0.3368421052631579,68.0,0.1888863238921653,0.3345415021322066,-0.1113062957760959,0.001210512255393,-0.0031297656440101,0.0013440860215053,0.0001335737661123,0.5,126.0,0.0300220103501295,0.1760650279898456,-0.1600810500940527,0.001210512255393
clv_volume_10:up_126d_100pct:top5,clv_volume_10,signed_volume_proxy,accumulation_distribution_proxy,up_126d_100pct,0.05,-1,True,False,0.0011476145364621,-0.00209725438844,0.0019795447047179,0.00083439678021,0.1176470588235294,104.0,0.0468479831614528,0.1504629907707045,-0.110202888965367,0.0058288875716261,-0.0082847707196013,0.0096153846153846,0.0037844082380591,0.1263157894736842,75.5,0.1155156009614862,0.2027058614731235,-0.0848514899164432,0.001210512255393,-0.0013047682464647,0.0013440860215053,0.0001335737661123,0.5,126.0,0.025731975538608,0.1361001230193317,-0.110830899106205,0.001210512255393
clv_10:up_126d_100pct:top5,clv_10,signed_volume_proxy,close_pressure_proxy,up_126d_100pct,0.05,-1,True,False,0.0004914465574595,-0.0014766349228171,0.0013210039630118,0.00083439678021,0.0784313725490196,99.0,0.0440442279112879,0.1503853613084807,-0.1135277809637028,0.0058288875716261,-0.0137400836735563,0.0096153846153846,0.0037844082380591,0.1263157894736842,55.5,0.1171733008160871,0.2092342988196827,-0.084426260017367,0.001210512255393,-0.0013047682464647,0.0013440860215053,0.0001335737661123,0.5,126.0,0.0227735959690189,0.1339738411799025,-0.1124704098917807,0.001210512255393
rel_strength_252:up_126d_100pct:top5,rel_strength_252,market_relative,relative_strength,up_126d_100pct,0.05,-1,True,False,0.0023375170959962,-0.0086581096138749,0.0029812606473594,0.00083439678021,0.1372549019607843,93.0,-0.0460430324903775,0.1476369138065963,-0.2103530698983075,0.0218545285972671,-0.0518562360873451,0.0256410256410256,0.0037844082380591,0.3368421052631579,68.0,0.1814523372609461,0.3281536712776837,-0.1140767234727544,0.001210512255393,-0.0031297656440101,0.0013440860215053,0.0001335737661123,0.5,126.0,0.0151076579825166,0.1584575404384438,-0.1497430291024396,0.001210512255393
mom10_x_volumez5:up_126d_100pct:top5,mom10_x_volumez5,interaction,price_volume_confirmation,up_126d_100pct,0.05,-1,True,False,0.0024599504944674,-0.0048491547464133,0.0032905561039815,0.00083439678021,0.196078431372549,108.0,0.0423603118023656,0.165625273001802,-0.1271531374590162,0.0114378619306005,-0.0144764919255125,0.0152243589743589,0.0037844082380591,0.2,96.0,0.1334923605061716,0.2335624060409276,-0.0954022874578213,0.001210512255393,-0.0031297656440101,0.0013440860215053,0.0001335737661123,0.5,126.0,0.0747464845653076,0.1665196363083541,-0.096811588281401,0.001210512255393
rel_strength_42:up_126d_100pct:top10,rel_strength_42,market_relative,relative_strength,up_126d_100pct,0.1,-1,True,False,0.0012973920099301,-0.00341141097897,0.0021392134276781,0.00083439678021,0.2549019607843137,104.0,0.0270604001167143,0.1582314137606057,-0.1365281520718453,0.0082327337254723,-0.0219698230754663,0.0120192307692307,0.0037844082380591,0.3157894736842105,71.0,0.1432293318086982,0.2415460747836357,-0.0873660825046452,0.001210512255393,-0.0009908720836635,0.0013440860215053,0.0001335737661123,1.0,126.0,0.0286085943881041,0.1492437284651133,-0.1431894153056252,0.001210512255393
overnight_21:up_126d_100pct:top5,overnight_21,session,overnight_information,up_126d_100pct,0.05,-1,True,False,0.0008052660256782,-0.0037130768160342,0.0016474464579901,0.00083439678021,0.0980392156862745,105.0,0.0320835869483762,0.1539644915944354,-0.1314002384972543,0.0018224773152159,-0.0107905351165956,0.0056089743589743,0.0037844082380591,0.0736842105263157,70.0,0.1240172549683364,0.2202763813031514,-0.0910862892603539,0.001210512255393,-0.0013047682464647,0.0013440860215053,0.0001335737661123,0.5,126.0,0.0542250458773815,0.1524593567156908,-0.1131800045813075,0.001210512255393
overnight_10:up_126d_100pct:top5,overnight_10,session,overnight_information,up_126d_100pct,0.05,-1,True,False,0.0021176019836834,-0.0031445332624473,0.0029634507737899,0.00083439678021,0.1764705882352941,106.0,0.0276237382787806,0.1513104130708794,-0.131239626858351,0.0074314516741902,-0.0137629924128431,0.0112179487179487,0.0037844082380591,0.1473684210526315,69.5,0.1306416647580155,0.2259603891013494,-0.0887999214936438,0.001210512255393,-0.0013047682464647,0.0013440860215053,0.0001335737661123,0.5,126.0,0.0628102659256494,0.1555524037811475,-0.1003457790182312,0.001210512255393
mfv_10:up_126d_100pct:top5,mfv_10,signed_volume_proxy,chaikin_proxy,up_126d_100pct,0.05,-1,True,False,0.0011476145364621,-0.00209725438844,0.0019795447047179,0.00083439678021,0.1176470588235294,104.0,0.0468479831614528,0.1504629907707045,-0.110202888965367,0.0058288875716261,-0.0082847707196013,0.0096153846153846,0.0037844082380591,0.1263157894736842,75.5,0.1155156009614862,0.2027058614731235,-0.0848514899164432,0.001210512255393,-0.0013047682464647,0.0013440860215053,0.0001335737661123,0.5,126.0,0.025731975538608,0.1361001230193317,-0.110830899106205,0.001210512255393
sma_spread_42_252:up_126d_100pct:top5,sma_spread_42_252,trend,trend_transition,up_126d_100pct,0.05,-1,True,False,0.0026110646753395,-0.0084719648277562,0.0033277870216306,0.00083439678021,0.196078431372549,108.5,0.0747229240306428,0.2027940155933753,-0.1268524458220644,0.0314699132126518,-0.0109559491467807,0.0352564102564102,0.0037844082380591,0.4631578947368421,107.5,0.1142291116915922,0.2239596015530973,-0.0934459388050234,0.001210512255393,-0.0013047682464647,0.0013440860215053,0.0001335737661123,0.5,126.0,0.1127588342844633,0.1987415344979657,-0.087116372717057,0.001210512255393
volume_z_5:up_126d_100pct:top5,volume_z_5,volume,participation_shock,up_126d_100pct,0.05,-1,True,False,0.0021176019836834,-0.0026465733901993,0.0029702970297029,0.00083439678021,0.1764705882352941,99.0,0.0460639488701127,0.1438665070527543,-0.1051463773843588,0.00342504141778,-0.0027871391049947,0.0072115384615384,0.0037844082380591,0.0947368421052631,88.0,0.1020814468321916,0.1897341855265814,-0.0822554409316304,0.001210512255393,-0.0031297656440101,0.0013440860215053,0.0001335737661123,0.5,126.0,0.0608057844251654,0.1469560946610059,-0.0839675824673292,0.001210512255393
dollar_volume_z_5:up_126d_100pct:top5,dollar_volume_z_5,liquidity,capital_flow_proxy,up_126d_100pct,0.05,-1,True,False,0.0021176019836834,-0.0026465733901993,0.0029693170570768,0.00083439678021,0.1764705882352941,99.0,0.0468924157243339,0.1439131704170667,-0.1050620763137932,0.0026237593664979,-0.0029313646812005,0.0064102564102564,0.0037844082380591,0.0842105263157894,91.5,0.104219096806317,0.1908259432296756,-0.0815973674400727,0.001210512255393,-0.0031297656440101,0.0013440860215053,0.0001335737661123,0.5,126.0,0.06019815361704,0.1481795850757435,-0.0860299645774868,0.001210512255393
residual_mom_42:up_126d_100pct:top10,residual_mom_42,market_relative,idiosyncratic_direction,up_126d_100pct,0.1,-1,True,False,0.0012973920099301,-0.00341141097897,0.0021392134276781,0.00083439678021,0.2549019607843137,104.0,0.0270951578385401,0.1588512403869079,-0.138764544806114,0.0070308106485492,-0.018332727120799,0.0108173076923076,0.0037844082380591,0.2842105263157894,72.0,0.1553217225469122,0.2545310256766845,-0.0876005308396814,0.001210512255393,-0.0009908720836635,0.0013440860215053,0.0001335737661123,1.0,126.0,0.0339492053425359,0.154375343832761,-0.1429311476076463,0.001210512255393
dollar_volume_z_10:up_126d_100pct:top5,dollar_volume_z_10,liquidity,capital_flow_proxy,up_126d_100pct,0.05,-1,True,False,0.0008195305469608,-0.0015952224825727,0.0016458196181698,0.00083439678021,0.0980392156862745,99.0,0.0415684003046098,0.142097442458364,-0.1092735973563139,0.0018224773152159,-0.0025238114994889,0.0056089743589743,0.0037844082380591,0.0736842105263157,95.0,0.0994885585494201,0.1866230073550757,-0.0838292116621176,0.001210512255393,-0.0031297656440101,0.0013440860215053,0.0001335737661123,0.5,126.0,0.062230494865402,0.1479975686388149,-0.0872746175956379,0.001210512255393
range_63:up_21d_30pct:top5,range_63,range,realized_range,up_21d_30pct,0.05,1,True,False,0.0119067043095604,-0.0021650418756298,0.0132283464566929,0.001321995723915,0.5185185185185185,16.0,0.0038964322831697,0.0760772255635381,-0.0752550110304497,0.0655652643105286,-0.017864620851834,0.0715384615384615,0.0059734777587511,0.62,13.0,0.0547731991543523,0.123456558788561,-0.0656005440498388,0.0206883081370366,0.0008585859271084,0.0226415094339622,0.0019532012969256,0.6,16.0,0.0116071058700332,0.079606724919033,-0.0628826025529625,0.0206883081370366
range_126:up_21d_30pct:top5,range_126,range,realized_range,up_21d_30pct,0.05,1,True,False,0.0116442371179593,-0.0008953529722179,0.0129419191919191,0.001321995723915,0.5061728395061729,16.0,0.0047757394985754,0.0756711208081283,-0.0736394691658636,0.064026802772067,-0.0239224624415938,0.07,0.0059734777587511,0.6066666666666667,13.0,0.052800747121038,0.1211097185256805,-0.0643395733775869,0.0191788741747724,0.0049469549292558,0.0211320754716981,0.0019532012969256,0.56,16.0,0.0123438359187275,0.0788203295621389,-0.0623202206164203,0.0191788741747724
range_42:up_21d_30pct:top5,range_42,range,realized_range,up_21d_30pct,0.05,1,True,False,0.0106468617898753,-0.0010951175352366,0.0119685039370078,0.001321995723915,0.4691358024691358,16.0,0.0033946081981594,0.0746979652998383,-0.074820163058494,0.0671037258489901,-0.0187635305386381,0.073076923076923,0.0059734777587511,0.6333333333333333,13.0,0.0567772491231655,0.1246748133333903,-0.0641872519510338,0.0169147232313762,0.000146555054229,0.0188679245283018,0.0019532012969256,0.5,16.0,0.0095743539417651,0.075853145840935,-0.0612588405467961,0.0169147232313762
downvol_126:up_21d_30pct:top5,downvol_126,volatility,downside_fragility,up_21d_30pct,0.05,1,True,False,0.0116704838371194,-0.0008742876094913,0.0129705789307181,0.001321995723915,0.5061728395061729,16.0,0.0063430732576438,0.0695670890649087,-0.0651327696995192,0.0655652643105286,-0.0183861520251494,0.0715384615384615,0.0059734777587511,0.62,13.0,0.0552007117552875,0.1185151700275369,-0.0603233935748634,0.0169147232313762,0.0011008363753816,0.0188679245283018,0.0019532012969256,0.5,16.0,0.0136019506875819,0.0714295032911445,-0.0533471122105547,0.0169147232313762
gap_abs_63:up_21d_30pct:top5,gap_abs_63,session,information_jump,up_21d_30pct,0.05,1,True,False,0.0046626098213714,-0.0017040593023052,0.0059842519685039,0.001321995723915,0.2345679012345679,18.0,0.0006935142411021,0.0668050178781853,-0.0690720886206023,0.0617191104643747,-0.0229751270439509,0.0676923076923076,0.0059734777587511,0.5866666666666667,14.0,0.0566132537809841,0.1177710874751292,-0.0581946861982447,0.015405289269112,-0.0008811140002367,0.0173584905660377,0.0019532012969256,0.46,15.0,0.0084791247304181,0.0675814772476012,-0.0547786507140029,0.015405289269112
vol_126:up_21d_30pct:top5,vol_126,volatility,fragility_or_expansion,up_21d_30pct,0.05,1,True,False,0.0129828197951247,0.0009037394355116,0.0142360012654223,0.001321995723915,0.5555555555555556,16.0,0.0055776219498374,0.0732310149691696,-0.0695427638247307,0.0686421873874516,-0.0256430521812162,0.0746153846153846,0.0059734777587511,0.6466666666666666,13.0,0.0581883196596403,0.1235394971528615,-0.0610552905287387,0.0146505722879799,-0.0015741497231608,0.0166037735849056,0.0019532012969256,0.44,16.0,0.013609371237178,0.0741876080412309,-0.0549582269472165,0.0146505722879799
downvol_63:up_21d_30pct:top5,downvol_63,volatility,downside_fragility,up_21d_30pct,0.05,1,True,False,0.0087570980103478,-0.0011262101863541,0.0100787401574803,0.001321995723915,0.3950617283950617,17.0,0.0077284679940329,0.0687086510588252,-0.0644433172521277,0.0663344950797593,-0.0132299244559966,0.0723076923076923,0.0059734777587511,0.6266666666666667,13.0,0.058744161379009,0.1173413859783981,-0.0547293342655212,0.0146505722879799,-0.0031005485674796,0.0166037735849056,0.0019532012969256,0.44,16.0,0.0114658000862151,0.0682269615792353,-0.0525794661726463,0.0146505722879799
sma_dist_252:up_21d_30pct:top5,sma_dist_252,trend,trend_state,up_21d_30pct,0.05,-1,True,False,0.004967403196647,-0.0032268100757842,0.0063333333333333,0.001321995723915,0.2345679012345679,15.0,-0.0029076549637088,0.0576465031553582,-0.0631625653035798,0.041302443797708,-0.0464973206637512,0.047275641025641,0.0059734777587511,0.3933333333333333,13.0,0.0447990134149261,0.1053118271368718,-0.0545356643924694,0.0145562326653384,-0.0107809692148262,0.0165094339622641,0.0019532012969256,0.42,14.0,0.0049881855198616,0.0656787863018402,-0.058242495168237,0.0145562326653384
residual_mom_252:up_21d_30pct:top5,residual_mom_252,market_relative,idiosyncratic_direction,up_21d_30pct,0.05,-1,True,False,0.0072550117338384,-0.0028348253441096,0.0084925690021231,0.001321995723915,0.2469135802469135,14.0,-0.0152740299755933,0.0547462193408006,-0.0740898212397847,0.0549242386695029,-0.0233147307141035,0.0608974358974358,0.0059734777587511,0.5066666666666667,13.0,0.0512507232130158,0.1172778797161619,-0.0589504871634237,0.0145562326653384,-0.0106696352651381,0.0165094339622641,0.0019532012969256,0.42,13.0,0.0133422527801189,0.0737548412386124,-0.056399982283599,0.0145562326653384
beta_252:up_21d_30pct:top5,beta_252,market_relative,market_loading,up_21d_30pct,0.05,1,True,False,0.0053774561066999,-0.0034762432820361,0.0067071223251357,0.001321995723915,0.2592592592592592,14.0,0.0012403186198083,0.063990568734967,-0.0664772861415936,0.0594114181566824,-0.0115564082784969,0.0653846153846153,0.0059734777587511,0.5666666666666667,14.0,0.052423222036117,0.1140754711152521,-0.0600978194179458,0.0138958553068479,-0.0052471839221178,0.0158490566037735,0.0019532012969256,0.42,15.0,0.0218900780457864,0.0708850292039284,-0.0447035108828474,0.0138958553068479
mom_189:up_21d_30pct:top5,mom_189,price_path,direction_state,up_21d_30pct,0.05,-1,True,False,0.0067188543326628,-0.0024609694513949,0.0081693278871147,0.001321995723915,0.2716049382716049,14.5,-0.0060487880228581,0.0566412173953707,-0.0657772481392258,0.0437062899515542,-0.0385394025838279,0.0496794871794871,0.0059734777587511,0.4133333333333333,13.0,0.0405364229803924,0.1029758539780395,-0.0573606170290242,0.0137700691433259,-0.0082296146019112,0.0157232704402515,0.0019532012969256,0.4,13.5,0.0115609892546195,0.0690136413502664,-0.0540602852567997,0.0137700691433259
residual_mom_126:up_21d_30pct:top5,residual_mom_126,market_relative,idiosyncratic_direction,up_21d_30pct,0.05,-1,True,False,0.0033139640432078,-0.0036313773639526,0.0046635576282478,0.001321995723915,0.1728395061728395,12.5,-0.0010048213673492,0.0593072748999333,-0.0631345733406101,0.0364947514900157,-0.0187229522469304,0.0424679487179487,0.0059734777587511,0.3533333333333333,13.0,0.046930250188478,0.1063098235693573,-0.0529700746751744,0.0137700691433259,-0.0121673326058345,0.0157232704402515,0.0019532012969256,0.4,13.5,0.0062175701976904,0.0683890279058939,-0.0576631241254054,0.0137700691433259
gap_abs_42:up_21d_30pct:top5,gap_abs_42,session,information_jump,up_21d_30pct,0.05,1,True,False,0.0037177279316076,-0.0023259839283123,0.0050393700787401,0.001321995723915,0.1975308641975308,16.5,0.001348433443628,0.0634390207643232,-0.0657933432709372,0.0586421873874516,-0.0311591049427807,0.0646153846153846,0.0059734777587511,0.56,13.5,0.0553210017879124,0.1142120711079741,-0.0562117418621371,0.0131411383257158,-0.0025318385684126,0.0150943396226415,0.0019532012969256,0.4,15.5,0.0103036838857992,0.0662387126958836,-0.050910138363042,0.0131411383257158
dist_high_126:up_21d_30pct:top5,dist_high_126,breakout,distance_to_supply,up_21d_30pct,0.05,-1,True,False,0.0068804575904003,-0.0037835424868777,0.0082372322899505,0.001321995723915,0.3086419753086419,16.0,-0.0004677564146694,0.0637117015941747,-0.0670398678887655,0.0477127002079644,-0.0389407166750561,0.0536858974358974,0.0059734777587511,0.4466666666666666,13.0,0.0485516719408087,0.1081773760675266,-0.0541097149012708,0.0129839056213133,-0.0112037470861678,0.0149371069182389,0.0019532012969256,0.38,13.0,0.0041255141762147,0.0657673026472761,-0.0593222080175417,0.0129839056213133
mom_126_skip_21:up_21d_30pct:top5,mom_126_skip_21,price_path,persistent_direction,up_21d_30pct,0.05,-1,True,False,0.0036446518738956,-0.0059779967915853,0.0049933422103861,0.001321995723915,0.1851851851851851,16.0,-0.0010299863373385,0.0569251470227434,-0.0592615870225531,0.0388985976438619,-0.0363034211248331,0.0448717948717948,0.0059734777587511,0.3733333333333333,13.0,0.0393737595378569,0.0995747184117199,-0.0573809560297136,0.0129839056213133,-0.0133458927453675,0.0149371069182389,0.0019532012969256,0.38,13.0,0.0098733495158241,0.0683741391175788,-0.0550792224198132,0.0129839056213133
upvolshare21_x_relstrength63:up_21d_30pct:top5,upvolshare21_x_relstrength63,interaction,relative_accumulation_proxy,up_21d_30pct,0.05,-1,True,False,0.0052543021641764,-0.0034609393546609,0.0065897858319604,0.001321995723915,0.2469135802469135,16.5,0.0040878594704763,0.0586180629745306,-0.0592833807397178,0.0324883412336055,-0.0312283230080141,0.0384615384615384,0.0059734777587511,0.32,13.0,0.0379300331026353,0.0917468407629097,-0.0525088509307726,0.0129839056213133,-0.0074611262537114,0.0149371069182389,0.0019532012969256,0.38,14.0,0.0007986292307951,0.0600419298299481,-0.0565546537756016,0.0129839056213133
dist_high_252:up_21d_30pct:top5,dist_high_252,breakout,distance_to_supply,up_21d_30pct,0.05,-1,True,False,0.0079579714046065,-0.0024752712803225,0.0093395597064709,0.001321995723915,0.345679012345679,14.5,-0.0035462458302963,0.0626681921508288,-0.0690483785504628,0.0541229566182209,-0.0277108815489709,0.0600961538461538,0.0059734777587511,0.5,13.0,0.051673828269848,0.1170302056725944,-0.0569127033669632,0.0129839056213133,-0.0091941267118293,0.0149371069182389,0.0019532012969256,0.38,17.0,0.0095759338029943,0.0707433142683621,-0.0584385562750519,0.0129839056213133
mom_126:up_21d_30pct:top5,mom_126,price_path,direction_state,up_21d_30pct,0.05,-1,True,False,0.0039753397045835,-0.004245445493716,0.0053333333333333,0.001321995723915,0.1975308641975308,14.0,-0.0018407840701196,0.0582731170449645,-0.0625960785821223,0.0372960335412978,-0.0312863716177902,0.0432692307692307,0.0059734777587511,0.36,13.0,0.0393549187460616,0.0999914362459166,-0.0552729899387662,0.0129839056213133,-0.0133458927453675,0.0149371069182389,0.0019532012969256,0.38,13.0,0.0082141132581769,0.0664402301021389,-0.0549856279355276,0.0129839056213133
drawdown_252:up_21d_30pct:top5,drawdown_252,breakout,drawdown_state,up_21d_30pct,0.05,-1,True,False,0.0079579714046065,-0.0024752712803225,0.0093395597064709,0.001321995723915,0.345679012345679,14.5,-0.0035462458302963,0.0626681921508288,-0.0690483785504628,0.0541229566182209,-0.0277108815489709,0.0600961538461538,0.0059734777587511,0.5,13.0,0.051673828269848,0.1170302056725944,-0.0569127033669632,0.0129839056213133,-0.0091941267118293,0.0149371069182389,0.0019532012969256,0.38,17.0,0.0095759338029943,0.0707433142683621,-0.0584385562750519,0.0129839056213133
drawdown_126:up_21d_30pct:top5,drawdown_126,breakout,drawdown_state,up_21d_30pct,0.05,-1,True,False,0.0068804575904003,-0.0037835424868777,0.0082372322899505,0.001321995723915,0.3086419753086419,16.0,-0.0004677564146694,0.0637117015941747,-0.0670398678887655,0.0477127002079644,-0.0389407166750561,0.0536858974358974,0.0059734777587511,0.4466666666666666,13.0,0.0485516719408087,0.1081773760675266,-0.0541097149012708,0.0129839056213133,-0.0112037470861678,0.0149371069182389,0.0019532012969256,0.38,13.0,0.0041255141762147,0.0657673026472761,-0.0593222080175417,0.0129839056213133
range_63:up_42d_50pct:top5,range_63,range,realized_range,up_42d_50pct,0.05,1,True,False,0.0059074134618123,-0.0041456323957338,0.0062992125984251,0.0003918751224609,0.8333333333333334,34.0,0.0130626212861583,0.1174517839566516,-0.1105731825405935,0.0535759519811477,-0.0257370073306493,0.0569230769230769,0.0033456804875134,0.8809523809523809,32.0,0.1142461733682194,0.1973689146308054,-0.0797011022192562,0.0140510697032436,-0.0061804386072268,0.015,0.0009489302967563,0.8181818181818182,34.5,0.0192756245931345,0.1186633142099713,-0.0959612733493284,0.0140510697032436
range_126:up_42d_50pct:top5,range_126,range,realized_range,up_42d_50pct,0.05,1,True,False,0.0040438964014448,-0.0033498531595629,0.0044191919191919,0.0003918751224609,0.5833333333333334,33.0,0.0143114131315811,0.1167790091763078,-0.108393131380524,0.0520374904426861,-0.0335274931829463,0.0553846153846153,0.0033456804875134,0.8571428571428571,31.5,0.1066518438270762,0.1917316062823015,-0.0798517585430544,0.0132177363699102,-0.0057133418173926,0.0141666666666666,0.0009489302967563,0.7727272727272727,33.0,0.0229288869976682,0.1188909688274247,-0.0945202184663575,0.0132177363699102
range_42:up_42d_50pct:top5,range_42,range,realized_range,up_42d_50pct,0.05,1,True,False,0.004332610312206,-0.003220608682964,0.0047244094488188,0.0003918751224609,0.625,34.0,0.0130614981014666,0.1155071666413789,-0.1086456741187677,0.0528067212119169,-0.0249374748898452,0.0561538461538461,0.0033456804875134,0.8690476190476191,32.0,0.1157816930845004,0.1993440630478566,-0.0790277867126893,0.0132177363699102,-0.0063197716029373,0.0141666666666666,0.0009489302967563,0.7727272727272727,38.0,0.016111581585471,0.1137301929434042,-0.0947614548457085,0.0132177363699102
range_15:up_42d_50pct:top5,range_15,range,realized_range,up_42d_50pct,0.05,1,True,False,0.004332610312206,-0.003313279767957,0.0047244094488188,0.0003918751224609,0.625,32.0,0.0106609277593738,0.1108230048895246,-0.1085097551950394,0.0512682596734554,-0.0245741705654233,0.0546153846153846,0.0033456804875134,0.8452380952380952,32.0,0.1090022161174824,0.1923123728064205,-0.0815238410686597,0.0098844030365769,-0.015718386152059,0.0108333333333333,0.0009489302967563,0.5909090909090909,38.0,0.0143094052472436,0.1074845760421142,-0.0887662263450076,0.0098844030365769
dist_low_189:up_42d_50pct:top5,dist_low_189,breakout,distance_from_capitulation,up_42d_50pct,0.05,1,True,False,0.0021278859027571,-0.0059879503034997,0.0025300442757748,0.0003918751224609,0.3333333333333333,35.0,0.0252283872830264,0.0989112285100392,-0.0789456277998934,0.0281913365965323,-0.0018673349749374,0.0315384615384615,0.0033456804875134,0.4880952380952381,32.0,0.0749669484686389,0.142975948423877,-0.0667064355941637,0.0090510697032436,-0.0117083208088823,0.01,0.0009489302967563,0.5454545454545454,32.0,0.0388260100949802,0.0989337517379684,-0.0583928804512544,0.0090510697032436
range_21:up_42d_50pct:top5,range_21,range,realized_range,up_42d_50pct,0.05,1,True,False,0.0049625315720485,-0.002927384024764,0.0053543307086614,0.0003918751224609,0.7083333333333334,32.0,0.0100262402271773,0.1119672339991215,-0.1102386031809807,0.0520374904426861,-0.026438101540938,0.0553846153846153,0.0033456804875134,0.8571428571428571,32.0,0.1142895921821718,0.1965736439956812,-0.0798829952153853,0.0090510697032436,-0.0106396415685177,0.01,0.0009489302967563,0.5454545454545454,38.0,0.0128356677144084,0.1076318470520771,-0.0912849682086497,0.0090510697032436
drawdown_63:up_42d_50pct:top5,drawdown_63,breakout,drawdown_state,up_42d_50pct,0.05,-1,True,False,0.0012486208108936,-0.0027130920567241,0.0016431153466973,0.0003918751224609,0.2083333333333333,34.0,0.0058146934897794,0.0947084797729975,-0.0960916840536371,0.0263003109555067,-0.0274710579064383,0.0296474358974358,0.0033456804875134,0.4404761904761904,25.0,0.0866402247025821,0.1566353695814649,-0.0713966744438574,0.0085996808143547,-0.0112925588912928,0.0095486111111111,0.0009489302967563,0.5,38.0,-0.0052985533603065,0.0902457410272976,-0.0944877757409393,0.0085996808143547
mom_accel_42_126:up_42d_50pct:top5,mom_accel_42_126,price_acceleration,direction_change,up_42d_50pct,0.05,-1,True,False,0.0006281014803594,-0.0020253219160428,0.0009983361064891,0.0003918751224609,0.125,40.0,0.0193932220484129,0.0924456349195201,-0.0758866251369887,0.01588364428884,-0.0027471882411264,0.0192307692307692,0.0033456804875134,0.2857142857142857,33.0,0.0585656748492969,0.1147682361432394,-0.0616171721690295,0.0085996808143547,-0.0123596038575841,0.0095486111111111,0.0009489302967563,0.5,33.0,0.0378623172622653,0.091986255260601,-0.0544259519160632,0.0085996808143547
dist_high_63:up_42d_50pct:top5,dist_high_63,breakout,distance_to_supply,up_42d_50pct,0.05,-1,True,False,0.0012486208108936,-0.0027130920567241,0.0016431153466973,0.0003918751224609,0.2083333333333333,34.0,0.0058146934897794,0.0947084797729975,-0.0960916840536371,0.0263003109555067,-0.0274710579064383,0.0296474358974358,0.0033456804875134,0.4404761904761904,25.0,0.0866402247025821,0.1566353695814649,-0.0713966744438574,0.0085996808143547,-0.0112925588912928,0.0095486111111111,0.0009489302967563,0.5,38.0,-0.0052985533603065,0.0902457410272976,-0.0944877757409393,0.0085996808143547
amihud_15:up_42d_50pct:top5,amihud_15,liquidity,price_impact,up_42d_50pct,0.05,1,True,False,0.0024428465326784,-0.0025889641778257,0.0028346456692913,0.0003918751224609,0.375,32.0,0.02159177668275,0.0780415780369737,-0.0599805292245685,0.0220374904426861,-0.0224499550784491,0.0253846153846153,0.0033456804875134,0.3928571428571428,32.0,0.0727061552175849,0.123750210097405,-0.0548068106911161,0.0082177363699102,-0.0092371854383665,0.0091666666666666,0.0009489302967563,0.5,38.0,0.0286772075059702,0.0835530805510231,-0.0529525497718114,0.0082177363699102
downvol_15:up_42d_50pct:top5,downvol_15,volatility,downside_fragility,up_42d_50pct,0.05,1,True,False,0.0024428465326784,-0.0015425054885232,0.0028382213812677,0.0003918751224609,0.375,34.0,0.0113848080909369,0.0948001817277172,-0.0917096331139157,0.0389605673657631,-0.0280349744755078,0.0423076923076923,0.0033456804875134,0.6547619047619048,32.0,0.0913607341814055,0.1611916455044715,-0.0707611365262499,0.0082177363699102,-0.0105232266748539,0.0091666666666666,0.0009489302967563,0.5,38.0,0.0161748706177844,0.0912390489333264,-0.0708733979427672,0.0082177363699102
downvol_21:up_42d_50pct:top5,downvol_21,volatility,downside_fragility,up_42d_50pct,0.05,1,True,False,0.0014979646429146,-0.0022547563116786,0.0018933417481855,0.0003918751224609,0.25,35.5,0.0140394950001818,0.0977255217768778,-0.090833121835695,0.0412682596734554,-0.024010432091982,0.0446153846153846,0.0033456804875134,0.6904761904761905,32.0,0.1014017596739036,0.1688107763739014,-0.0686803871512529,0.0082177363699102,-0.0076258969234567,0.0091666666666666,0.0009489302967563,0.5,38.0,0.0109268754002186,0.0890922107682553,-0.0739032986340113,0.0082177363699102
residual_mom_126:up_42d_50pct:top5,residual_mom_126,market_relative,idiosyncratic_direction,up_42d_50pct,0.05,1,True,False,0.0015661047009714,-0.0044691223565042,0.0019163206643244,0.0003918751224609,0.25,35.0,0.0230915668101651,0.0907995214292228,-0.0713542954142815,0.0135759519811477,-0.0060298432431956,0.0169230769230769,0.0033456804875134,0.2619047619047619,33.5,0.0473293236932612,0.1043164850110174,-0.0612657182273042,0.0082177363699102,-0.01188738391145,0.0091666666666666,0.0009489302967563,0.5,33.0,0.0363500976574123,0.090147653024901,-0.0508476924595337,0.0082177363699102
rel_strength_126:up_42d_50pct:top5,rel_strength_126,market_relative,relative_strength,up_42d_50pct,0.05,1,True,False,0.0015661047009714,-0.0044691223565042,0.0019163206643244,0.0003918751224609,0.25,35.0,0.0255062656697398,0.094177142438986,-0.0719851255236441,0.0143451827503784,-0.0047503629606316,0.0176923076923076,0.0033456804875134,0.2738095238095238,33.0,0.0540696044601381,0.1102395196717053,-0.0593800440021682,0.0082177363699102,-0.01188738391145,0.0091666666666666,0.0009489302967563,0.5,33.0,0.037262758332012,0.0917417868028809,-0.0528044823661009,0.0082177363699102
mom_126:up_42d_50pct:top5,mom_126,price_path,direction_state,up_42d_50pct,0.05,1,True,False,0.0015661047009714,-0.0044691223565042,0.0019163206643244,0.0003918751224609,0.25,35.0,0.0255062656697398,0.094177142438986,-0.0719851255236441,0.0143451827503784,-0.0047503629606316,0.0176923076923076,0.0033456804875134,0.2738095238095238,33.0,0.0540696044601381,0.1102395196717053,-0.0593800440021682,0.0082177363699102,-0.01188738391145,0.0091666666666666,0.0009489302967563,0.5,33.0,0.037262758332012,0.0917417868028809,-0.0528044823661009,0.0082177363699102
downvol_63:up_42d_50pct:top5,downvol_63,volatility,downside_fragility,up_42d_50pct,0.05,1,True,False,0.0021278859027571,-0.002301359850547,0.00251968503937,0.0003918751224609,0.3333333333333333,35.5,0.0198827839507129,0.1080788447077367,-0.0933742473113744,0.0543451827503785,-0.0247630862601669,0.0576923076923076,0.0033456804875134,0.8928571428571429,32.0,0.1205324011297319,0.1909629981520134,-0.0672500797318968,0.0082177363699102,-0.0077813535739096,0.0091666666666666,0.0009489302967563,0.5,31.0,0.0182427324870514,0.1000337297475237,-0.0798285720265888,0.0082177363699102
range_126:up_42d_50pct:top10,range_126,range,realized_range,up_42d_50pct,0.1,1,True,False,0.0029894746327373,-0.0021528527707313,0.0033783783783783,0.0003918751224609,0.875,34.0,0.0109853131686151,0.1057811454816931,-0.1003273622919685,0.0272651199560299,-0.0122711695456505,0.0306122448979591,0.0033456804875134,0.9285714285714286,32.0,0.0744293201973075,0.1577183919351948,-0.0802075049005021,0.007979641131815,-0.0047203769798151,0.0089285714285714,0.0009489302967563,0.9545454545454546,38.0,0.0201748572926853,0.1071315178795979,-0.0857063206483854,0.007979641131815
range_63:up_42d_50pct:top10,range_63,range,realized_range,up_42d_50pct,0.1,1,True,False,0.0029827790411148,-0.0021567088915676,0.0033745781777277,0.0003918751224609,0.875,34.0,0.0096815898277153,0.1053918406028807,-0.1012033046435343,0.0276575846342089,-0.0127977273588219,0.0310047095761381,0.0033456804875134,0.9404761904761904,32.0,0.076930738914344,0.1585654399810465,-0.0789517203014203,0.007979641131815,-0.0047203769798151,0.0089285714285714,0.0009489302967563,0.9545454545454546,38.0,0.0227758510657159,0.1096557180851398,-0.0832815019913847,0.007979641131815
range_42:up_42d_50pct:top10,range_42,range,realized_range,up_42d_50pct,0.1,1,True,False,0.0029827790411148,-0.0021567088915676,0.0033745781777277,0.0003918751224609,0.875,34.0,0.0103145644496355,0.1050714421587284,-0.1008035595326189,0.0276575846342089,-0.0127977273588219,0.0310047095761381,0.0033456804875134,0.9404761904761904,32.0,0.0798630903014104,0.1605769792442038,-0.0773593249823944,0.0075544710637878,-0.0046079255833788,0.0085034013605442,0.0009489302967563,0.9090909090909092,38.0,0.0245991815189843,0.1089826952219613,-0.0822280843211505,0.0075544710637878
amihud_21:up_42d_50pct:top5,amihud_21,liquidity,price_impact,up_42d_50pct,0.05,1,True,False,0.0021278859027571,-0.0029589030969022,0.00251968503937,0.0003918751224609,0.3333333333333333,30.5,0.0210020852497532,0.0780510916675337,-0.059798725809013,0.0220374904426861,-0.0226122926456608,0.0253846153846153,0.0033456804875134,0.3928571428571428,32.0,0.0726065633851687,0.1234596230902705,-0.0547794523372319,0.0073844030365769,-0.0092266808110209,0.0083333333333333,0.0009489302967563,0.4545454545454545,38.5,0.0293804460409733,0.0834097901038111,-0.0513160164139662,0.0073844030365769
