metric,horizon_m,n,n_oos,base_rate,oos_ic,block_perm_p,n_nonoverlap,nonoverlap_ic,nonoverlap_p,raw_auc,raw_pr_auc,logit_brier,logit_auc,logit_pr_auc,era_ic_pre1946,era_ic_postwar,era_ic_modern,fdr_q_nonoverlap,status
cape_level,6,1707,683,0.03367496339677892,0.016548776536761386,0.8202995008319468,114,0.008005056053393021,0.9326350380071646,0.4797430830039525,0.03164951652805444,0.06183711630950811,0.4797430830039525,0.03164951652805444,0.1003764876180941,0.039882747728775765,0.22720840200586115,0.9326350380071646,CONTEXT_ONLY
cape_expanding_pct,6,1648,660,0.03484848484848485,-0.029853531903480373,0.7304492512479202,110,-0.04981668964054774,0.6052717897873306,0.4631765749778172,0.03137902684583395,0.03584820988660076,0.4631765749778172,0.03137902684583395,0.09515305690193845,0.011774439301378805,0.11933272418854773,0.8646739854104724,CONTEXT_ONLY
rate10_level,6,1827,731,0.03146374829001368,0.07406146077244237,0.3577371048252912,122,0.072895580060616,0.42491017948189536,0.5445836403831982,0.03439303526206883,0.03223564636609813,0.4554163596168017,0.02805243108056823,-0.03039665470086327,0.04294483037119232,0.014281377323117652,0.7081836324698255,CONTEXT_ONLY
rate10_chg_6m,6,1821,729,0.03155006858710562,0.20036025856286935,0.0033277870216306157,122,0.21016374465070234,0.020154997557982675,0.6862914151989161,0.07333834478296063,0.04141076558605676,0.6863529991378248,0.07333834478296063,0.17160296323421872,0.3537214207015256,0.04345796622104307,0.09757481022972357,HISTORICALLY_SUPPORTED_US_ONLY
rate10_chg_12m,6,1815,726,0.03168044077134986,0.13874857186354084,0.04492512479201331,121,0.17193170322048582,0.05933744086512866,0.5503123260560332,0.038629689916879206,0.05344994250097309,0.5503123260560332,0.038629689916879206,0.18290833339853582,0.3478283061397552,-0.030335573912263256,0.16953554532893905,CONDITIONAL_US_ONLY
inflation_yoy,6,1815,726,0.03168044077134986,0.26689566015378496,0.0016638935108153079,121,0.2749040873757435,0.0022764338581327693,0.6300946255179665,0.053995751480280525,0.03153930450948335,0.36990537448203353,0.02767198773115953,0.03894812193352779,0.28749782049806644,0.18177047581080022,0.024342705464347383,HISTORICALLY_SUPPORTED_US_ONLY
inflation_accel_6m,6,1809,724,0.031767955801104975,0.22401340424456045,0.0016638935108153079,121,0.2335397294416733,0.00993670106293708,0.6944117099795323,0.10323925534202591,0.03143106650623355,0.6944117099795323,0.10323925534202591,0.04367266065584315,0.2737271701324564,0.15805211080134465,0.06624467375291386,HISTORICALLY_SUPPORTED_US_ONLY
inflation_abs,6,1815,726,0.03168044077134986,0.2637679118196431,0.0016638935108153079,121,0.2731558681363316,0.0024342705464347383,0.6289813841301256,0.053957460245013224,0.0312773904704407,0.6289813841301256,0.053957460245013224,0.19807804273072346,0.2729013153745357,0.17298321391226307,0.024342705464347383,HISTORICALLY_SUPPORTED_US_ONLY
real_rate_proxy,6,1815,726,0.03168044077134986,-0.16460699556193992,0.021630615640599003,121,-0.15978927129531909,0.0799968441263667,0.4217947925041747,0.0331262173267918,0.03165223506285393,0.4217947925041747,0.0331262173267918,-0.054859053265903554,-0.2362420066243593,-0.09795886392423984,0.19852523388525087,CONDITIONAL_US_ONLY
earnings_yoy_negative,6,1815,726,0.03168044077134986,0.0419172573431139,0.5357737104825291,121,0.06664577646990696,0.4676536720449758,0.7219370400148432,0.16723560707569327,0.03028687392305592,0.7219370400148432,0.16723560707569327,-0.06155493204588258,-0.13059669627171364,0.11747256677882556,0.7194671877615012,CONTEXT_ONLY
earnings_decel_6m,6,1809,724,0.031767955801104975,0.108074730600283,0.1264559068219634,121,0.09915384546633607,0.2792348128180218,0.6050362835700552,0.04261764913388898,0.04214382092653728,0.6050362835700552,0.04261764913388898,0.014273378860932202,-0.11532324346473756,0.25546745228686685,0.5076996596691306,CONTEXT_ONLY
earnings_decel_12m,6,1803,722,0.03185595567867036,0.12239888112610786,0.12312811980033278,121,0.19568987798547696,0.03146927105606531,0.6544753374385768,0.06674749742914274,0.04000978716798797,0.6544753374385768,0.06674749742914274,-0.05699995303016296,-0.07145302872169844,0.2622598763936713,0.10489757018688438,CONTEXT_ONLY
dividend_yoy_negative,6,1815,726,0.03168044077134986,-0.045444807221672205,0.56738768718802,121,-0.03554712453470916,0.6986955228721268,0.5392417589213928,0.03674211209925608,0.03193675957005958,0.4607582410786072,0.028549577442539102,-0.054618537742404605,-0.1022025218192397,-0.017916302502269738,0.9239307314004673,CONTEXT_ONLY
dividend_decel_6m,6,1809,724,0.031767955801104975,-0.1472930736974752,0.03494176372712146,121,-0.20457891925079516,0.024393702557430893,0.4287663586181232,0.0317679286567047,0.031718230665844345,0.4287663586181232,0.0317679286567047,-0.05133598088256945,-0.0910228357274463,-0.1436209852996351,0.09757481022972357,HISTORICALLY_SUPPORTED_US_ONLY
vix_avg,6,399,160,0.0,-0.021741399800727805,0.8951747088186356,27,0.03970678810501797,0.8441117526017106,,0.0,,,,,,0.18949227538076638,0.9326350380071646,CONTEXT_ONLY
vix_max,6,399,160,0.0,0.000918477201982068,0.9950083194675541,27,0.05497862968387104,0.7853411216903973,,0.0,,,,,,0.19064526968570972,0.9239307314004673,CONTEXT_ONLY
vix_expanding_pct,6,364,146,0.0,0.01803747566579658,0.8935108153078203,25,0.01923076923076923,0.9273024767969301,,0.0,,,,,,0.1916717949410519,0.9326350380071646,CONTEXT_ONLY
vix_chg_3m,6,396,159,0.0,-0.016262584666513997,0.8535773710482529,27,0.0638949080318137,0.7515310488197963,,0.0,,,,,,0.03069165276997757,0.9239307314004673,CONTEXT_ONLY
negative_control_noise,6,1827,731,0.03146374829001368,-0.005024403310277056,0.8985024958402662,122,0.15438696806070104,0.08952650915823193,0.6426553672316384,0.05405306543739889,0.03142358730725982,0.3573446327683616,0.0233476192309282,-0.0243998234001995,0.017057177421079758,-0.037937431555727784,0.19852523388525087,CONTEXT_ONLY
negative_control_sine,6,1827,731,0.03146374829001368,-0.0027749676699251485,0.8951747088186356,122,0.14994125272196587,0.09926261694262543,0.505526897568165,0.033746642156686664,0.03141167221829262,0.49447310243183495,0.031061038863868712,-0.007713766953315428,-0.013045587729769654,-0.012700395844624703,0.19852523388525087,CONTEXT_ONLY
cape_level,12,1701,681,0.1013215859030837,0.05125502479076938,0.6605657237936772,57,0.051433293908974526,0.7039739239137551,0.6014611158473051,0.1903160627209304,0.1467824181592181,0.6014611158473051,0.1903160627209304,0.24194744344597316,0.08286918849868745,0.36719281332377696,0.9383252678331381,CONTEXT_ONLY
cape_expanding_pct,12,1642,657,0.1050228310502283,0.004349205697902546,0.9667221297836939,55,0.01067821067821068,0.9383252678331382,0.5779108744947254,0.12931498707465533,0.10130504260815923,0.5779108744947254,0.12931498707465533,0.22503345458094373,0.053434786018653334,0.25830351372321386,0.9383252678331381,CONTEXT_ONLY
rate10_level,12,1821,729,0.09876543209876543,0.043742480399333504,0.6955074875207987,61,0.015891273021920525,0.9032516346132811,0.5036149162861492,0.09149043623200528,0.09212308641125067,0.49638508371385087,0.09197497094670087,-0.07945521288679996,0.050575706027655286,-0.06578369590654448,0.9383252678331381,CONTEXT_ONLY
rate10_chg_6m,12,1815,726,0.09504132231404959,0.1320862617679243,0.09983361064891846,61,0.234279972827486,0.06916902807878722,0.519522202369135,0.10396980576801661,0.12293532428950556,0.5195442613548629,0.1039698057680166,0.2456750649767208,0.2901381430353345,-0.03431945203450363,0.2766761123151489,CONDITIONAL_US_ONLY
rate10_chg_12m,12,1809,724,0.09530386740331492,0.07945409450728597,0.39933444259567386,61,0.07816073719267401,0.5493442868786793,0.5110299811926099,0.09953346604209931,0.10810565365299592,0.5110410443633144,0.09952064791480611,0.1990880011168284,0.2591343807234433,-0.0739567672616042,0.9241839795692837,CONTEXT_ONLY
inflation_yoy,12,1809,724,0.09530386740331492,0.2612788966770237,0.008319467554076539,61,0.2800105764145954,0.028842301081637513,0.6284766013939596,0.12829923502924648,0.09183620210497759,0.3715233986060405,0.07261669584126827,0.08462478134382594,0.26558384811847646,0.11485499269877347,0.19228200721091673,CONDITIONAL_US_ONLY
inflation_accel_6m,12,1803,722,0.09556786703601108,0.20109378762136104,0.018302828618968387,61,0.321523003701745,0.01151380612478041,0.6975164791264399,0.23044624358742938,0.0901492825358381,0.6975164791264399,0.23044624358742938,0.2138896170717194,0.23518160863057036,0.10030002088639164,0.19228200721091673,CONDITIONAL_US_ONLY
inflation_abs,12,1809,724,0.09530386740331492,0.2636738828257867,0.008319467554076539,61,0.28762559492332096,0.02459649529356487,0.6278128111516761,0.12823229064659314,0.09099222421027431,0.6278128111516761,0.12823229064659314,0.19488972082934264,0.26925725882906204,0.11953722550167833,0.19228200721091673,CONDITIONAL_US_ONLY
real_rate_proxy,12,1809,724,0.09530386740331492,-0.1912491321922796,0.05823627287853577,61,-0.2375991538868323,0.06520948717637537,0.4113729394844563,0.08073674754060499,0.09187877907232656,0.4113729394844563,0.08073674754060499,-0.11026097734393232,-0.22519990558458555,-0.11468967956173641,0.2766761123151489,CONDITIONAL_US_ONLY
earnings_yoy_negative,12,1809,724,0.09530386740331492,0.03552740628166094,0.7138103161397671,61,0.07715494447382336,0.5545103877415702,0.5922557805066931,0.21851818226620875,0.09087503756612952,0.5922557805066931,0.21851818226620875,-0.14622936115005733,-0.0642983531098265,0.05330863884338126,0.9241839795692837,CONTEXT_ONLY
earnings_decel_6m,12,1803,722,0.09556786703601108,0.16997086450101315,0.04326123128119801,61,0.023955579058699095,0.8545982345107107,0.5868788423552388,0.13950979370457817,0.09352370032082201,0.5868788423552388,0.13950979370457817,-0.1380370308523874,-0.022373853696456097,0.28913199931663297,0.9383252678331381,CONTEXT_ONLY
earnings_decel_12m,12,1797,719,0.09596662030598054,0.10850313895760427,0.23793677204658903,60,0.055904417893859415,0.6713787482401575,0.5521070234113713,0.14469522673010377,0.09218181644480164,0.5521070234113713,0.14469522673010377,-0.15405604842142634,-0.009739447652331451,0.205725187982856,0.9383252678331381,CONTEXT_ONLY
dividend_yoy_negative,12,1809,724,0.09530386740331492,0.0724725182915266,0.502495840266223,61,0.040031729243786354,0.7593668023928628,0.6286093594424162,0.14267040701592415,0.09441523438231798,0.3713906405575838,0.07095212380545517,-0.04928336175303682,-0.04018113484623516,0.1628527072014978,0.9383252678331381,CONTEXT_ONLY
dividend_decel_6m,12,1803,722,0.09556786703601108,-0.10622645155503832,0.26788685524126454,61,-0.09545214172395557,0.464317852798034,0.47668508777770374,0.09271397126989066,0.09180253974077346,0.5233149122222962,0.10766034006051409,-0.12014618939985978,-0.04618209027818847,-0.11571470880375094,0.9241839795692837,CONTEXT_ONLY
vix_avg,12,393,158,0.0189873417721519,0.03633841739432121,0.8435940099833611,14,0.178021978021978,0.5425969526062154,0.6344086021505376,0.032661358274351196,0.037091531048619814,0.6344086021505376,0.032661358274351196,,,0.3037843070903637,0.9241839795692837,CONTEXT_ONLY
vix_max,12,393,158,0.0189873417721519,0.054359673994033186,0.7504159733777038,14,0.1912087912087912,0.5125839704707786,0.7311827956989247,0.04534865355760878,0.04058044875844175,0.7311827956989247,0.04534865355760878,,,0.31673872036373274,0.9241839795692837,CONTEXT_ONLY
vix_expanding_pct,12,358,144,0.020833333333333332,0.0640412973580597,0.7171381031613977,12,0.1398601398601399,0.6646331617926677,0.6997635933806148,0.043220668220668224,0.03601208500186822,0.6997635933806148,0.043220668220668224,,,0.31126510858477047,0.9383252678331381,CONTEXT_ONLY
vix_chg_3m,12,390,156,0.019230769230769232,0.007960258901418842,0.9367720465890182,13,-0.26373626373626374,0.38393651665067413,0.6601307189542484,0.035546436588103254,0.03814896483562302,0.6601307189542484,0.035546436588103254,,,0.04640726248681683,0.9241839795692837,CONTEXT_ONLY
negative_control_noise,12,1821,729,0.09876543209876543,-0.032679646874575155,0.34608985024958405,61,-0.022739291380222102,0.8619064603694583,0.5400177574835109,0.12101723168473028,0.09435513064138505,0.45998224251648906,0.09730102434791288,-0.05472334788073612,0.010189485539673873,-0.05206066969581668,0.9383252678331381,CONTEXT_ONLY
negative_control_sine,12,1821,729,0.09876543209876543,0.004557169069355158,0.7304492512479202,61,-0.09619249074563721,0.4608441792811732,0.5102105530187722,0.10351448355143876,0.09365101466349918,0.5102105530187722,0.10351448355143876,0.012898309377486004,-0.003560068733267744,0.002259157331141424,0.9241839795692837,CONTEXT_ONLY
cape_level,24,1689,676,0.21893491124260356,0.14209823074836309,0.34442595673876875,29,0.1990147783251231,0.3006763893462304,0.6453598484848484,0.4577665892556464,0.23103177977324596,0.6453598484848484,0.4577665892556464,0.43023202453594495,0.27683292301109796,0.5508133223250713,0.8314494130235822,CONTEXT_ONLY
cape_expanding_pct,24,1630,652,0.22699386503067484,0.0928589580948134,0.5457570715474209,28,0.14778325123152708,0.4529668967572381,0.6324806949806949,0.32029914391560127,0.19199449136713068,0.6324806949806949,0.32029914391560127,0.3916948474511763,0.24620287802283994,0.4029314982326326,0.8314494130235822,CONTEXT_ONLY
rate10_level,24,1809,724,0.21823204419889503,0.012410796092973925,0.9351081530782029,31,0.017945357486096894,0.9236658385934967,0.4810965245784318,0.19263608165384866,0.18671603952065455,0.5189034754215682,0.22490149958469624,-0.13303631588221235,0.07853860451558024,-0.12524329635418815,0.9776728208886185,CONTEXT_ONLY
rate10_chg_6m,24,1803,722,0.21606648199445982,0.10198831881240986,0.16638935108153077,31,0.20120967741935486,0.27774495131732646,0.5479410165805925,0.2325220734122353,0.19365657812292617,0.4521212738968922,0.20019780775691898,0.18218749624868075,0.08192990087116632,0.055582078911451685,0.8314494130235822,CONTEXT_ONLY
rate10_chg_12m,24,1797,719,0.21279554937413073,0.07457573344675295,0.46755407653910147,30,-0.013125695216907676,0.9451166719944469,0.5033545809372041,0.20901013069458854,0.21779953946027014,0.4966280976465969,0.23156362474920106,0.12370777690189207,0.05714888783504866,0.03389903497015647,0.9776728208886185,CONTEXT_ONLY
inflation_yoy,24,1797,719,0.21279554937413073,0.14201910474298898,0.3211314475873544,30,0.13592880978865407,0.4738605007204884,0.5389558650315249,0.21443151676450978,0.18757777056277958,0.46104413496847496,0.18822747014025898,-0.05619034411841297,0.1758436812805397,-0.0009884110986877566,0.8314494130235822,CONTEXT_ONLY
inflation_accel_6m,24,1791,717,0.2105997210599721,0.15019795794686291,0.09317803660565724,30,0.25383759733036704,0.1758830229537755,0.6402078019329325,0.3577900315178554,0.18436175878079653,0.6402078019329325,0.3577900315178554,0.22548726065164132,0.13533485679030605,0.12221829463784496,0.8314494130235822,CONTEXT_ONLY
inflation_abs,24,1797,719,0.21279554937413073,0.1414967066207924,0.3277870216306156,30,0.13592880978865407,0.4738605007204884,0.5378819372271877,0.21422019637238893,0.18799895698331145,0.5378819372271877,0.21422019637238893,0.007341754760631505,0.15997730581544667,-0.0019082142001903772,0.8314494130235822,CONTEXT_ONLY
real_rate_proxy,24,1797,719,0.21279554937413073,-0.1453588533640099,0.2895174708818636,30,-0.16262513904338155,0.39054878801410287,0.4881867941522899,0.2041918547556869,0.1884353816276539,0.4881867941522899,0.2041918547556869,0.01627785805660195,-0.1278948816432949,-0.1666034302800537,0.8314494130235822,CONTEXT_ONLY
earnings_yoy_negative,24,1797,719,0.21279554937413073,0.0696135660715856,0.5773710482529119,30,0.21379310344827587,0.2566214549399979,0.5672879281276704,0.2923326677822141,0.18479900215938655,0.5672879281276704,0.2923326677822141,-0.13217789018945128,0.06283432626678132,0.08502397108505426,0.8314494130235822,CONTEXT_ONLY
earnings_decel_6m,24,1791,717,0.2105997210599721,0.020239921529769733,0.8202995008319468,30,0.03270300333704116,0.863786459147252,0.4727025951840498,0.21446430244086018,0.19144211171805703,0.5272974048159502,0.221005459717179,-0.20575002348076107,0.006914233788969048,0.10941801948839525,0.9776728208886185,CONTEXT_ONLY
earnings_decel_12m,24,1785,714,0.20728291316526612,0.030183850534931934,0.7254575707154742,30,0.053170189098998885,0.7802081176079786,0.4875847579027792,0.222841442903715,0.19219765455033547,0.5124152420972209,0.20830992506799806,-0.19037410430255466,0.03376982413402504,0.09196141126298829,0.9776728208886185,CONTEXT_ONLY
dividend_yoy_negative,24,1797,719,0.21279554937413073,0.1579621858653674,0.22462562396006655,30,0.13548387096774192,0.4753226725916998,0.6852583200535809,0.3340122687642128,0.187339521766344,0.6852583200535809,0.3340122687642128,-0.10130682721805302,0.07833151887087449,0.21800438421505994,0.8314494130235822,CONTEXT_ONLY
dividend_decel_6m,24,1791,717,0.2105997210599721,0.000998244090333089,1.0,30,-0.01846496106785317,0.9228476207693762,0.48437975335221023,0.21035890992253764,0.18708399262889408,0.5156202466477897,0.21927550595734285,-0.05764593961049509,0.014910500156717778,0.14691760517275965,0.9776728208886185,CONTEXT_ONLY
vix_avg,24,381,153,0.0784313725490196,0.08861261022884726,0.7487520798668885,7,,,0.7098108747044918,0.12790930423438707,0.12074172783591143,0.7098108747044918,0.12790930423438707,,,0.29187349361036874,,CONTEXT_ONLY
vix_max,24,381,153,0.0784313725490196,0.0932923888991448,0.6905158069883528,7,,,0.7130614657210401,0.13649454389975413,0.12456664875596184,0.7130614657210401,0.13649454389975413,,,0.30838765812123703,,CONTEXT_ONLY
vix_expanding_pct,24,346,139,0.08633093525179857,0.17138692609580786,0.5790349417637272,6,,,0.7939632545931758,0.1890258714759153,0.10585634146757555,0.7939632545931758,0.1890258714759153,,,0.3299392839161603,,CONTEXT_ONLY
vix_chg_3m,24,378,152,0.07894736842105263,-0.06699291145569043,0.6139767054908486,7,,,0.45059523809523805,0.07421755935984775,0.11602543666439458,0.45059523809523805,0.07421755935984775,,,0.01579525494717408,,CONTEXT_ONLY
negative_control_noise,24,1809,724,0.21823204419889503,-0.036801929200555146,0.33111480865224624,31,-0.005241935483870968,0.9776728208886185,0.521324417408418,0.23133165430445163,0.1888554195817941,0.47867558259158205,0.20734541461576625,-0.008522328017554799,0.030043071324691396,-0.09766466752418627,0.9776728208886185,CONTEXT_ONLY
negative_control_sine,24,1809,724,0.21823204419889503,-0.0004940168275271288,0.9550748752079867,31,0.12016129032258066,0.5196558831397389,0.5018226953526859,0.22492938252438532,0.18852241620756083,0.498177304647314,0.22473537946812333,-0.0015696527836810427,-0.005196082020076409,0.007187229710206824,0.8314494130235822,CONTEXT_ONLY
