period,series,hurdle_monthly,n_months,mean_monthly,annual_arithmetic_return,annual_volatility,annual_sharpe,max_drawdown,hac_se_mean,hac_t_above_hurdle,bonferroni_adjusted_lower_bound_above_hurdle,rolling36_mean_above_hurdle_share,positive_calendar_year_share_above_hurdle,leave_one_year_out_positive_share_above_hurdle,reverse_sign_adjusted_lower_bound_above_hurdle,reverse_sign_pass,moving_block_boot_probability_mean_above_hurdle
post_publication_lockbox,TSMOM,0.0,89,0.00354228057615203,0.042507366913824354,0.13749431521387698,0.3091572684128993,-0.2553645834461682,0.00408149916555481,0.8678871249188452,-0.005952706330535867,0.7777777777777778,0.625,1.0,-0.013037267482839926,False,
post_publication_lockbox,TSMOM,0.001,89,0.00354228057615203,0.042507366913824354,0.13749431521387698,0.3091572684128993,-0.2553645834461682,0.00408149916555481,0.6228791120692169,-0.006952706330535867,0.7592592592592593,0.625,1.0,-0.014037267482839927,False,0.74295
post_publication_lockbox,TSMOM,0.0025,89,0.00354228057615203,0.042507366913824354,0.13749431521387698,0.3091572684128993,-0.2553645834461682,0.00408149916555481,0.2553670927947745,-0.008452706330535867,0.6296296296296297,0.5,0.75,-0.015537267482839926,False,
post_publication_lockbox,TSMOM^CM,0.0,89,0.004548016001647145,0.05457619201976574,0.16125332223281338,0.338450031689704,-0.21872595470775513,0.004547103365720602,1.0002007070992545,-0.006030128246240929,0.8148148148148148,0.625,1.0,-0.015126160249535218,False,
post_publication_lockbox,TSMOM^CM,0.001,89,0.004548016001647145,0.05457619201976574,0.16125332223281338,0.338450031689704,-0.21872595470775513,0.004547103365720602,0.7802804810628874,-0.007030128246240929,0.7777777777777778,0.625,1.0,-0.01612616024953522,False,0.8137
post_publication_lockbox,TSMOM^CM,0.0025,89,0.004548016001647145,0.05457619201976574,0.16125332223281338,0.338450031689704,-0.21872595470775513,0.004547103365720602,0.45040014200833683,-0.008530128246240928,0.7592592592592593,0.625,0.875,-0.017626160249535217,False,
post_publication_lockbox,TSMOM^EQ,0.0,89,-0.0031776996273919804,-0.03813239552870376,0.29274526128943057,-0.13025794289801715,-0.7385821092525165,0.00973209388756129,-0.3265175679668933,-0.02581793555268605,0.2962962962962963,0.5,0.25,-0.019462536297902087,False,
post_publication_lockbox,TSMOM^EQ,0.001,89,-0.0031776996273919804,-0.03813239552870376,0.29274526128943057,-0.13025794289801715,-0.7385821092525165,0.00973209388756129,-0.4292703785699756,-0.02681793555268605,0.2777777777777778,0.5,0.25,-0.02046253629790209,False,0.35335
post_publication_lockbox,TSMOM^EQ,0.0025,89,-0.0031776996273919804,-0.03813239552870376,0.29274526128943057,-0.13025794289801715,-0.7385821092525165,0.00973209388756129,-0.5833995944745989,-0.02831793555268605,0.2222222222222222,0.5,0.125,-0.021962536297902086,False,
post_publication_lockbox,TSMOM^FI,0.0,89,0.008834984264030288,0.10601981116836345,0.3281411168440154,0.32309212630235795,-0.5610980681640082,0.011255582165246934,0.7849424520492102,-0.01734941537718392,0.7777777777777778,0.5,0.875,-0.03501938390524449,False,
post_publication_lockbox,TSMOM^FI,0.001,89,0.008834984264030288,0.10601981116836345,0.3281411168440154,0.32309212630235795,-0.5610980681640082,0.011255582165246934,0.6960976472831245,-0.01834941537718392,0.7592592592592593,0.5,0.875,-0.03601938390524449,False,0.7379
post_publication_lockbox,TSMOM^FI,0.0025,89,0.008834984264030288,0.10601981116836345,0.3281411168440154,0.32309212630235795,-0.5610980681640082,0.011255582165246934,0.562830440133996,-0.019849415377183918,0.7407407407407407,0.5,0.875,-0.037519383905244494,False,
post_publication_lockbox,TSMOM^FX,0.0,89,0.0008370325492850306,0.010044390591420368,0.18924666725334074,0.05307565378667483,-0.47098973649317777,0.004962283811588012,0.1686788948528856,-0.010706965846190021,0.5370370370370371,0.625,0.75,-0.012381030944760082,False,
post_publication_lockbox,TSMOM^FX,0.001,89,0.0008370325492850306,0.010044390591420368,0.18924666725334074,0.05307565378667483,-0.47098973649317777,0.004962283811588012,-0.03284121926569476,-0.01170696584619002,0.2962962962962963,0.5,0.375,-0.013381030944760081,False,0.48875
post_publication_lockbox,TSMOM^FX,0.0025,89,0.0008370325492850306,0.010044390591420368,0.18924666725334074,0.05307565378667483,-0.47098973649317777,0.004962283811588012,-0.3351213904435653,-0.013206965846190022,0.12962962962962962,0.5,0.125,-0.014881030944760083,False,
post_publication_validation,TSMOM,0.0,72,0.005631067845824905,0.06757281414989885,0.12287105881151912,0.5499489855748189,-0.17559889396605455,0.00437142504077113,1.28815381558769,-0.004538387504301911,0.7837837837837838,0.6666666666666666,1.0,-0.01580052319595172,False,
post_publication_validation,TSMOM,0.001,72,0.005631067845824905,0.06757281414989885,0.12287105881151912,0.5499489855748189,-0.17559889396605455,0.00437142504077113,1.059395460892536,-0.005538387504301911,0.6756756756756757,0.6666666666666666,1.0,-0.01680052319595172,False,0.8514
post_publication_validation,TSMOM,0.0025,72,0.005631067845824905,0.06757281414989885,0.12287105881151912,0.5499489855748189,-0.17559889396605455,0.00437142504077113,0.7162579288498051,-0.007038387504301911,0.6756756756756757,0.6666666666666666,1.0,-0.01830052319595172,False,
post_publication_validation,TSMOM^CM,0.0,72,0.0027491906865053893,0.03299028823806467,0.14837861192355295,0.2223385689513108,-0.32737339194244863,0.005206114935321317,0.528069533742576,-0.009362043725291626,0.5675675675675675,0.6666666666666666,0.8333333333333334,-0.014860425098302404,False,
post_publication_validation,TSMOM^CM,0.001,72,0.0027491906865053893,0.03299028823806467,0.14837861192355295,0.2223385689513108,-0.32737339194244863,0.005206114935321317,0.3359877198710809,-0.010362043725291627,0.5135135135135135,0.5,0.5,-0.015860425098302405,False,0.6558
post_publication_validation,TSMOM^CM,0.0025,72,0.0027491906865053893,0.03299028823806467,0.14837861192355295,0.2223385689513108,-0.32737339194244863,0.005206114935321317,0.047864999063838266,-0.011862043725291626,0.3783783783783784,0.5,0.5,-0.017360425098302403,False,
post_publication_validation,TSMOM^EQ,0.0,72,0.012662869385445918,0.15195443262535102,0.23745162842845302,0.6399384734947677,-0.404092666165063,0.008151375318493788,1.5534641567437684,-0.006300065257241087,0.7297297297297297,0.6666666666666666,1.0,-0.03162580402813292,False,
post_publication_validation,TSMOM^EQ,0.001,72,0.012662869385445918,0.15195443262535102,0.23745162842845302,0.6399384734947677,-0.404092666165063,0.008151375318493788,1.4307854723589128,-0.007300065257241087,0.5945945945945946,0.5,1.0,-0.03262580402813292,False,0.90165
post_publication_validation,TSMOM^EQ,0.0025,72,0.012662869385445918,0.15195443262535102,0.23745162842845302,0.6399384734947677,-0.404092666165063,0.008151375318493788,1.2467674457816298,-0.008800065257241087,0.4864864864864865,0.5,1.0,-0.03412580402813292,False,
post_publication_validation,TSMOM^FI,0.0,72,0.005820485519779421,0.06984582623735305,0.26331630689905383,0.2652544654749752,-0.3750942223772489,0.009162132733128752,0.635276271291455,-0.01549382248561465,0.972972972972973,0.5,1.0,-0.027134793525173492,False,
post_publication_validation,TSMOM^FI,0.001,72,0.005820485519779421,0.06984582623735305,0.26331630689905383,0.2652544654749752,-0.3750942223772489,0.009162132733128752,0.5261313779431884,-0.01649382248561465,0.8648648648648649,0.5,1.0,-0.028134793525173493,False,0.68805
post_publication_validation,TSMOM^FI,0.0025,72,0.005820485519779421,0.06984582623735305,0.26331630689905383,0.2652544654749752,-0.3750942223772489,0.009162132733128752,0.36241403792078847,-0.01799382248561465,0.7297297297297297,0.5,0.8333333333333334,-0.02963479352517349,False,
post_publication_validation,TSMOM^FX,0.0,72,0.005915768529630774,0.07098922235556929,0.1793158672212541,0.3958892397847713,-0.23424760114530718,0.006803318972604576,0.869541550741959,-0.009911118098709596,0.7297297297297297,0.8333333333333334,1.0,-0.021742655157971146,False,
post_publication_validation,TSMOM^FX,0.001,72,0.005915768529630774,0.07098922235556929,0.1793158672212541,0.3958892397847713,-0.23424760114530718,0.006803318972604576,0.7225544692855738,-0.010911118098709597,0.7297297297297297,0.5,1.0,-0.022742655157971147,False,0.73695
post_publication_validation,TSMOM^FX,0.0025,72,0.005915768529630774,0.07098922235556929,0.1793158672212541,0.3958892397847713,-0.23424760114530718,0.006803318972604576,0.5020738471009959,-0.012411118098709597,0.6756756756756757,0.5,0.8333333333333334,-0.024242655157971145,False,
replication,TSMOM,0.0,324,0.013405438629628437,0.16086526355554123,0.1198183363544517,1.3425763405666287,-0.16433135866330806,0.0017289054926068494,7.753713946165832,0.00938340301248496,1.0,0.9259259259259259,1.0,-0.017427474246771914,False,
replication,TSMOM,0.001,324,0.013405438629628437,0.16086526355554123,0.1198183363544517,1.3425763405666287,-0.16433135866330806,0.0017289054926068494,7.175313331281906,0.008383403012484959,0.9965397923875432,0.8888888888888888,1.0,-0.018427474246771915,False,1.0
replication,TSMOM,0.0025,324,0.013405438629628437,0.16086526355554123,0.1198183363544517,1.3425763405666287,-0.16433135866330806,0.0017289054926068494,6.307712408956015,0.006883403012484959,0.9930795847750865,0.8888888888888888,1.0,-0.019927474246771913,False,
replication,TSMOM^CM,0.0,324,0.010940011153991284,0.1312801338478954,0.1455429471736087,0.9020027173924127,-0.257975574545096,0.0020322745138986248,5.383136519782682,0.006212233659115836,0.9930795847750865,0.8888888888888888,1.0,-0.015667788648866733,False,
replication,TSMOM^CM,0.001,324,0.010940011153991284,0.1312801338478954,0.1455429471736087,0.9020027173924127,-0.257975574545096,0.0020322745138986248,4.891077010518037,0.005212233659115836,0.9826989619377162,0.8888888888888888,1.0,-0.016667788648866734,False,1.0
replication,TSMOM^CM,0.0025,324,0.010940011153991284,0.1312801338478954,0.1455429471736087,0.9020027173924127,-0.257975574545096,0.0020322745138986248,4.152987746621072,0.003712233659115836,0.9688581314878892,0.8148148148148148,1.0,-0.018167788648866732,False,
replication,TSMOM^EQ,0.0,324,0.017233857830538924,0.2068062939664671,0.2800513043244574,0.7384585994531513,-0.49839859753708726,0.005083015026842309,3.3904794181269633,0.00540899662912667,0.889273356401384,0.7407407407407407,1.0,-0.029058719031951178,False,
replication,TSMOM^EQ,0.001,324,0.017233857830538924,0.2068062939664671,0.2800513043244574,0.7384585994531513,-0.49839859753708726,0.005083015026842309,3.1937457876499304,0.00440899662912667,0.8823529411764706,0.7407407407407407,1.0,-0.03005871903195118,False,0.99955
replication,TSMOM^EQ,0.0025,324,0.017233857830538924,0.2068062939664671,0.2800513043244574,0.7384585994531513,-0.49839859753708726,0.005083015026842309,2.8986453419343814,0.00290899662912667,0.8200692041522492,0.7037037037037037,1.0,-0.03155871903195118,False,
replication,TSMOM^FI,0.0,324,0.018428598216101502,0.22114317859321803,0.29364119816504003,0.7531067846580752,-0.5488750624699494,0.0049605194121591385,3.7150541475414136,0.006888704427486769,0.8927335640138409,0.8148148148148148,1.0,-0.029968492004716234,False,
replication,TSMOM^FI,0.001,324,0.018428598216101502,0.22114317859321803,0.29364119816504003,0.7531067846580752,-0.5488750624699494,0.0049605194121591385,3.5134623550471,0.005888704427486769,0.8788927335640139,0.8148148148148148,1.0,-0.030968492004716235,False,0.99995
replication,TSMOM^FI,0.0025,324,0.018428598216101502,0.22114317859321803,0.29364119816504003,0.7531067846580752,-0.5488750624699494,0.0049605194121591385,3.2110746663056298,0.004388704427486768,0.8512110726643599,0.7777777777777778,1.0,-0.032468492004716236,False,
replication,TSMOM^FX,0.0,324,0.011128540628759688,0.13354248754511625,0.18303789664039483,0.7295892817621277,-0.28504124093727246,0.0027035424383325627,4.116281095118791,0.00483916042496554,0.9896193771626297,0.7777777777777778,1.0,-0.017417920832553835,False,
replication,TSMOM^FX,0.001,324,0.011128540628759688,0.13354248754511625,0.18303789664039483,0.7295892817621277,-0.28504124093727246,0.0027035424383325627,3.7463960192193504,0.0038391604249655396,0.9826989619377162,0.6666666666666666,1.0,-0.018417920832553836,False,0.99995
replication,TSMOM^FX,0.0025,324,0.011128540628759688,0.13354248754511625,0.18303789664039483,0.7295892817621277,-0.28504124093727246,0.0027035424383325627,3.1915684053701883,0.0023391604249655396,0.9550173010380623,0.6666666666666666,1.0,-0.019917920832553834,False,
