date,target,future_rv20,alpha,beta,p_baseline,p_cusp
2013-05-10,0,0.12982838896371782,-0.5189659542081954,-6.458538439794924,,
2013-05-13,0,0.13539113791652702,-0.5322759764304187,-5.9335830381399255,,
2013-05-14,0,0.13197640936609378,-0.5323651564997655,-6.655845862458786,,
2013-05-15,0,0.14349877197841956,-0.5385413173114871,-6.759722909258556,,
2013-05-16,0,0.142433237257526,-0.6023401308582147,-6.757963887446054,,
2013-05-17,0,0.13988417432735284,-0.5441838976479874,-6.717801049683187,,
2013-05-20,0,0.14278860614616348,-0.5476788920440889,-6.668924554977515,,
2013-05-21,0,0.15157140220015056,-0.5610190866548358,-5.243359737370512,,
2013-05-22,0,0.17300604709527867,-0.6920611531341295,-3.5916415903680985,,
2013-05-23,0,0.1730009095432494,-0.7013869829042599,-3.5130614994952123,,
2013-05-24,0,0.17735273550258562,-0.7509658869847243,-2.2492167101540366,,
2013-05-28,0,0.18023871459575375,-0.678360036449335,-2.8815636175770596,,
2013-05-29,0,0.1803191339359126,-0.7420722796182195,-2.6924954856136782,,
2013-05-30,0,0.18286588086054967,-0.6965716902339129,-4.0318980874313155,,
2013-05-31,0,0.17731914754999253,-0.816926064937549,-2.610953219109369,,
2013-06-03,0,0.17856765496755753,-0.7916489999225684,-3.064793066536573,,
2013-06-04,0,0.1771200398943536,-0.8398057429160629,-1.8970357381655352,,
2013-06-05,0,0.1701712443783375,-0.9674978521492196,-0.3710867329026331,,
2013-06-06,0,0.17090512233121916,-0.8727192300641136,-0.5952596727695595,,
2013-06-07,0,0.16529604087350344,-0.7426270692272816,-3.499178112978872,,
2013-06-10,0,0.16764469990660155,-0.744036224393415,-3.0573235827846283,,
2013-06-11,0,0.16320589209222985,-0.8501874259000458,-2.187758197719097,,
2013-06-12,0,0.1680013158086731,-0.9262639550329796,-2.8655210074000337,,
2013-06-13,0,0.1574346698458672,-0.7620283405272075,-3.559597914938343,,
2013-06-14,0,0.15674815031758418,-0.8080578094183968,-1.5525846495854994,,
2013-06-17,0,0.1551145395064093,-0.7415452062640318,-2.7581805383113416,,
2013-06-18,0,0.1527273121046359,-0.669013306300131,-5.293958440024843,,
2013-06-19,0,0.14593630389519388,-0.7931233771113455,-5.004792084544859,,
2013-06-20,0,0.1119826277885642,-1.0552831120524648,-1.0502518023052632,,
2013-06-21,0,0.11189392163683518,-1.0241499712809992,-1.9902141643596367,,
2013-06-24,0,0.10472023684480278,-1.1315777045432691,0.4052204739851881,,
2013-06-25,0,0.09927416311471247,-1.0185186592823465,0.3428672274846526,,
2013-06-26,0,0.09542644475667632,-0.9349089469691996,-1.8892036899507136,,
2013-06-27,0,0.08893340511151605,-0.8346403653943502,-5.1614851157143695,,
2013-06-28,0,0.08937219084926222,-0.8738324862701379,-4.914946115146752,,
2013-07-01,0,0.08685110671740541,-0.8141860746026549,-6.651193714318075,,
2013-07-02,0,0.08683538427435705,-0.8492630739774457,-5.30546267305477,,
2013-07-03,0,0.10389579346020826,-0.840849514800309,-4.57078869664199,,
2013-07-05,0,0.09634371291079605,-0.7430208530945902,-4.702065993804647,,
2013-07-08,0,0.09526532163604313,-0.6901912056034032,-5.36810063703475,,
2013-07-09,0,0.09367729282619118,-0.611538554805147,-5.804087781072527,,
2013-07-10,0,0.09529842171089747,-0.5799857505067302,-5.748955614694897,,
2013-07-11,0,0.08307429296044651,-0.4749814673946769,-7.029207892342713,,
2013-07-12,0,0.08217697364257377,-0.48575106417667996,-6.224738851099471,,
2013-07-15,0,0.08220567940695002,-0.5291225026890553,-5.953265901810974,,
2013-07-16,0,0.08047674491245158,-0.5525803012298525,-4.931038540936548,,
2013-07-17,0,0.08213598589716473,-0.5454789873071819,-5.699113756403463,,
2013-07-18,0,0.09396004857995773,-0.5439911275212038,-4.987028422496359,,
2013-07-19,0,0.09434801644567835,-0.531399994373398,-4.699314904511919,,
2013-07-22,0,0.09746834995912132,-0.5298526150384827,-4.813525164822721,,
2013-07-23,0,0.10179771018905721,-0.5285929598206772,-4.720371352867251,,
2013-07-24,0,0.10099877266432189,-0.5856529475436241,-3.9292138093644557,,
2013-07-25,0,0.10647452098117101,-0.5313171032579553,-4.02227928682457,,
2013-07-26,0,0.10697761219393408,-0.5319630908554551,-4.319202388740006,,
2013-07-29,0,0.10650742651518415,-0.561107737699012,-3.472873547483393,,
2013-07-30,0,0.12352695266721868,-0.5364352050939762,-4.013566591019901,,
2013-07-31,0,0.12351992859888285,-0.5331489368431632,-4.327572982189001,,
2013-08-01,0,0.11024106827226886,-0.5084230858848335,-5.505519960251393,,
2013-08-02,0,0.11154464009888779,-0.49099998625533675,-5.674779724653574,,
2013-08-05,0,0.11238098643351216,-0.5010366029923495,-5.900094789733457,,
2013-08-06,0,0.11480403565092025,-0.5531055532247438,-4.819431448835245,,
2013-08-07,0,0.11344375145787303,-0.5962780013427115,-4.232136197456558,,
2013-08-08,0,0.11183040779886948,-0.5490932820098153,-3.1940044006223496,,
2013-08-09,0,0.11956959384460457,-0.552180365421407,-2.502089165388272,,
2013-08-12,0,0.12329512807448591,-0.569824423652374,-2.4973295610992046,,
2013-08-13,0,0.12392583659561791,-0.5444477355717802,-3.4887728231494664,,
2013-08-14,0,0.12331925500154446,-0.5885857316227967,-3.857231646582222,,
2013-08-15,0,0.11263350149916804,-0.7368680798262726,-1.9436254777312487,,
2013-08-16,0,0.11449129591977789,-0.7565916001469785,-2.0744455841796308,,
2013-08-19,0,0.11291220109198183,-0.826177334762475,-1.5460997463862023,,
2013-08-20,0,0.11765273271605099,-0.7463150466353176,-2.2518393693167957,,
2013-08-21,0,0.11646799809791308,-0.8119581805910632,-1.8636069055990245,,
2013-08-22,0,0.11390530049005863,-0.7169846394379609,-4.398937431724061,,
2013-08-23,0,0.11482635350836726,-0.6922650351431904,-4.968477703365753,,
2013-08-26,0,0.11438267227217598,-0.7094752942312118,-5.181895607864142,,
2013-08-27,0,0.095744511685181,-0.8896161199757947,-2.3915717895881006,,
2013-08-28,0,0.09646704143177179,-0.8661921607206836,-3.477038017487484,,
2013-08-29,0,0.09682584418476815,-0.853251166659348,-2.661481539343907,,
2013-08-30,0,0.0961768145833993,-0.8953642461229615,-1.4617824701172486,,
2013-09-03,0,0.10056985050041173,-0.8670405716496635,-2.320590559914802,,
2013-09-04,0,0.09535963463163273,-0.8029828481215501,-5.15119217348612,,
2013-09-05,0,0.10075343462324937,-0.7764131124391599,-4.971998254589894,,
2013-09-06,0,0.10454251110535144,-0.7469276244942755,-4.315749247547572,,
2013-09-09,0,0.10094357156073655,-0.63462949447189,-6.625131535052231,,
2013-09-10,0,0.10744713666707995,-0.5680704604897275,-7.141900060543631,,
2013-09-11,0,0.10668573075250061,-0.5461217728409227,-6.405867122763288,,
2013-09-12,0,0.13151535339491638,-0.5627904037364856,-5.447472118896263,,
2013-09-13,0,0.1330770633269007,-0.5384315856636716,-5.679643050136728,,
2013-09-16,0,0.1312571041984042,-0.47483501006835255,-4.587979646188489,,
2013-09-17,0,0.13346057287449925,-0.47005739918542266,-4.677343145464794,,
2013-09-18,0,0.13573654108145775,-0.509323679713507,-5.867656441067812,,
2013-09-19,0,0.1393673625853647,-0.5673608065938814,-6.080142243911225,,
2013-09-20,0,0.13791048674848785,-0.6419311439025006,-4.9514587482163295,,
2013-09-23,0,0.13675372897114235,-0.7070109346805186,-3.6934154978703857,,
2013-09-24,0,0.13864164972273924,-0.6920755425917067,-2.753472556520796,,
2013-09-25,0,0.13957937496045825,-0.6968744041657431,-1.2916397602871075,,
2013-09-26,0,0.13934683620724683,-0.6466722965740311,-1.882017812327098,,
2013-09-27,0,0.1396716936345685,-0.6912311912881249,-2.112385815516782,,
2013-09-30,0,0.1390760427732352,-0.7170074034646058,-1.9206898238273713,,
2013-10-01,0,0.13655360785593681,-0.631842424536311,-3.0469448927160787,,
2013-10-02,0,0.13848175514142777,-0.6423889939969469,-3.267201769210901,,
2013-10-03,0,0.13479858494663902,-0.7151608598247694,-1.5528512652030455,,
2013-10-04,0,0.1321393923433705,-0.6335378535356572,-3.135104724680403,,
2013-10-07,0,0.12927537020724464,-0.71037598489457,-3.1465595097273487,,
2013-10-08,0,0.12093825092602888,-0.8360361494227969,-0.3397545722792074,,
2013-10-09,0,0.1211765837137588,-0.8129514442535698,-0.26568200398561476,,
2013-10-10,0,0.10578790907096451,-0.6013001924951532,-4.219166446252357,,
2013-10-11,0,0.11284832579552186,-0.5363028159066842,-3.6029334347378055,,
2013-10-14,0,0.11248207431562061,-0.5133448165473911,-5.168470510553309,,
2013-10-15,0,0.10871255047945323,-0.590018307527398,-5.867243311830053,,
2013-10-16,0,0.1010490966150579,-0.445619334252524,-7.243185624177398,,
2013-10-17,0,0.09788197052115956,-0.45458146689965784,-5.7333038836521935,,
2013-10-18,0,0.09684213242305471,-0.45973465072618863,-6.03891184854517,,
2013-10-21,0,0.09873369944912576,-0.4677588672318719,-5.098113353629365,,
2013-10-22,0,0.0974182601865473,-0.47978900084271686,-6.292429624291656,,
2013-10-23,0,0.09667509238890301,-0.5208985364329954,-4.28599452428211,,
2013-10-24,0,0.10197832933221379,-1.0442702929025454,-1.147254799151648,,
2013-10-25,0,0.10170997800906995,-1.047203575149449,-1.0334229344464543,,
2013-10-28,0,0.10184955562806546,-1.0468477707363975,-1.3173929139541625,,
2013-10-29,0,0.1000178882953892,-1.0548668946785082,-1.6196841837868143,,
2013-10-30,0,0.09751489003829686,-1.0857670625607483,-1.8260607089548204,,
2013-10-31,0,0.09750712001302876,-1.1051880141012658,-4.039442824105647,,
2013-11-01,0,0.09753236532279888,-1.0809202641505686,-4.0007958372424985,,
2013-11-04,0,0.09671816962754004,-1.0551018564918222,-4.425963855631438,,
2013-11-05,0,0.09580508030385695,-1.0851195704274412,-3.8238394594040863,,
2013-11-06,0,0.0961087933078972,-1.0704297083539949,-4.54544787734278,,
2013-11-07,0,0.0900728008924819,-1.1845160034550581,-3.288251318036701,,
2013-11-08,0,0.07775950244423398,-1.0740034075138152,-4.244940382779958,,
2013-11-11,0,0.0778409246124798,-1.0586215194596893,-3.8282587373207253,,
2013-11-12,0,0.0900943665122227,-1.0843154199405438,-4.064569689841546,,
2013-11-13,0,0.08463780077912007,-1.0691762859664593,-5.116068676654168,,
2013-11-14,0,0.08239554717369654,-1.090129956633047,-7.0824509270466764,,
2013-11-15,0,0.08404510866604181,-1.1165681544555088,-6.2932447084786585,,
2013-11-18,0,0.08194450229731606,-1.1545090297289342,-5.595440656271879,,
2013-11-19,0,0.0978244578287264,-1.1918873005950608,-5.414495643589626,,
2013-11-20,0,0.09733043412128199,-1.1967592946471102,-3.527784388540125,,
2013-11-21,0,0.09601198938616566,-1.107157855604148,-4.04905972777578,,
2013-11-22,0,0.0958963366415673,-1.0855866305058173,-3.8286354381297145,,
2013-11-25,0,0.09645198724958602,-1.1253398386938738,-4.346672423300437,,
2013-11-26,0,0.0969914099559065,-1.1102236251685058,-4.538660708641997,,
2013-11-27,0,0.09675145000608623,-1.0976410411051425,-5.373617039726074,,
2013-11-29,0,0.09652196444343103,-1.1248701863981636,-3.8346089814868654,,
2013-12-02,0,0.09684754148469901,-1.1362440745688265,-3.2367412584662967,,
2013-12-03,0,0.10145269255078404,-1.1624711965675008,-2.8505018594842357,,
2013-12-04,0,0.10141264904094398,-1.1690122977840989,-2.7867898218668183,,
2013-12-05,0,0.10160585868514015,-1.1909889079092357,-1.8817867763150324,,
2013-12-06,0,0.0969596624340817,-1.0765378469896492,-3.1583297335162848,,
2013-12-09,0,0.09692523231325699,-1.0549476524024965,-3.784056158177704,,
2013-12-10,0,0.09709626111514501,-1.0580848502471603,-3.9805422556410326,,
2013-12-11,0,0.08755339365861878,-1.1811023397925189,-2.7302812262804887,,
2013-12-12,0,0.10035134043156922,-1.1871613507777825,-2.8379332540790116,,
2013-12-13,0,0.10843987216518126,-1.1583678207712744,-1.781628293552007,,
2013-12-16,0,0.10705097183465564,-1.0961351162859212,-2.3399045574203803,,
2013-12-17,0,0.10705229436458695,-1.0930005037979467,-2.4801443066335223,,
2013-12-18,0,0.0919218792756269,-1.002141673379407,-4.596831461672186,,
2013-12-19,0,0.09225872700108419,-1.0358954435790588,-4.603106387505174,,
2013-12-20,0,0.08768715459438713,-1.0388620417362489,-5.469695957039266,,
2013-12-23,0,0.09205888700463721,-1.0495694302690375,-5.187281207339696,,
2013-12-24,0,0.1218241368917309,-1.0627531446432978,-6.050379552574538,,
2013-12-26,0,0.1226022400430306,-1.0631081421723376,-5.527533763029918,,
2013-12-27,0,0.12756788232890304,-1.0722808761857459,-5.617261678561428,,
2013-12-30,0,0.13142271476050993,-1.0757359125381685,-4.949957024992031,,
2013-12-31,0,0.13868555434035842,-1.0673814165931526,-5.090050486620122,,
2014-01-02,0,0.1358074985971047,-1.1462926173139107,-3.601869721294324,,
2014-01-03,0,0.1632276543440422,-1.1421840449318157,-3.051085814677039,,
2014-01-06,0,0.16584703456183664,-1.1617814318490802,-3.223178750793905,,
2014-01-07,0,0.16408676970468067,-1.1187092438416664,-3.6005090679119127,,
2014-01-08,0,0.17100735633780534,-1.1232942069432268,-2.843343036433141,,
2014-01-09,0,0.1773142976073753,-1.1005581533796496,-3.7418795208175033,,
2014-01-10,0,0.1764385179638519,-1.0754705266045075,-4.094572340412945,,
2014-01-13,0,0.17276509078193986,-1.1831256793549507,-3.067831338238979,,
2014-01-14,0,0.16774815102377597,-1.0818062848291203,-3.9378024861807335,,
2014-01-15,0,0.16878802889632458,-1.0743837597149561,-4.410883724131836,,
2014-01-16,0,0.16939148020263772,-1.0632301581291919,-3.9419290093269574,,
2014-01-17,0,0.1694204383504039,-1.0669218646713476,-2.9178423252033854,,
2014-01-21,0,0.16990881854371082,-1.0335869324908644,-4.074372933385941,,
2014-01-22,0,0.17163777996520552,-1.0223238207748664,-2.9175089399740446,,
2014-01-23,0,0.16864546792192292,-1.082082507221067,-1.6344052480352664,,
2014-01-24,0,0.1496460835605032,-1.265330941675726,-0.8131517248818825,,
2014-01-27,0,0.14867013204458795,-1.2973347356076186,-1.1363210614692922,,
2014-01-28,0,0.14450806043106168,-1.2099813359568676,-1.8793792617058407,,
2014-01-29,0,0.14152997637752107,-1.2885109282981848,-0.6130739499122706,,
2014-01-30,0,0.13432422016495457,-1.1820653934630467,-2.363764570752543,,
2014-01-31,0,0.13541144343425743,-1.2370834617553452,-3.4993140009535746,,
2014-02-03,0,0.11444381635898906,-1.398822325348788,-2.6541989574498595,,
2014-02-04,0,0.10995545271636306,-1.336825657585607,-2.71570142106942,,
2014-02-05,0,0.11004027502813685,-1.3373750302691576,-3.6957454008848605,,
2014-02-06,0,0.0989451598814108,-1.255846630818858,-3.868723435524186,,
2014-02-07,0,0.08702343687447016,-1.1547239422402347,-5.893926843250759,,
2014-02-10,0,0.08869923476901721,-1.1672424694280066,-7.338719170484517,,
2014-02-11,0,0.08192081202917731,-1.078032412579076,-7.8359110823643405,,
2014-02-12,0,0.09229870115911847,-1.061273080480383,-8.05237855686299,,
2014-02-13,0,0.08934672384835744,-1.0137957431658813,-7.638861500082875,,
2014-02-14,0,0.09229154771230533,-1.0087368442296267,-6.4775956705425175,,
2014-02-18,0,0.09494196334159621,-1.00480429093295,-6.467937883038144,,
2014-02-19,0,0.09628926099247717,-1.0329523633717572,-4.628184186640305,,
2014-02-20,0,0.09402340376474355,-1.0047855095490343,-5.411431257173476,,
2014-02-21,0,0.09448764836011896,-1.0131746393161667,-4.640567964204514,,
2014-02-24,0,0.0953788624904956,-1.0412773442962981,-4.325684731988472,,
2014-02-25,0,0.09572259686749286,-1.0255030607106417,-4.061304266505379,,
2014-02-26,0,0.10001721748718173,-1.0127652365617363,-4.696378362941151,,
2014-02-27,0,0.09925143595550606,-1.0260712969757657,-4.3104965937391295,,
2014-02-28,0,0.10064333194229269,-1.0419652937736028,-4.609271248634588,,
2014-03-03,0,0.10411044183091862,-1.0882153773055512,-3.350987703248566,,
2014-03-04,0,0.09347088866528525,-1.0576258210194298,-5.503667177323202,,
2014-03-05,0,0.09409421580338728,-1.0663110813823662,-5.685354240912174,,
2014-03-06,0,0.09414376933124564,-1.069478620122117,-5.486221738775918,,
2014-03-07,0,0.10472768252421603,-1.0775212269947596,-5.057501836349268,,
2014-03-10,0,0.11525235279169688,-1.098366925232529,-5.69451804220232,,
2014-03-11,0,0.11521276158012951,-1.1334674768830286,-3.00442338862149,,
2014-03-12,0,0.12135732074004073,-1.1192199749016682,-2.77481934311792,,
2014-03-13,0,0.1368795916290007,-1.2187135642219395,-0.7336821600517942,,
2014-03-14,0,0.14255717298377973,-1.2357818320366594,-0.40487286333917916,,
2014-03-17,0,0.1423773320806679,-1.1783951238402561,-1.7811660798900928,,
2014-03-18,0,0.14215613386290807,-1.1228580477899726,-3.490464547493208,,
2014-03-19,0,0.1457543641810007,-1.1551473653271518,-2.806676567343005,,
2014-03-20,0,0.14497530166393507,-1.1186192630384224,-5.106936187979905,,
2014-03-21,0,0.1450916117741309,-1.1242652318136028,-5.287589181054755,,
2014-03-24,0,0.14417998327264583,-1.1854946158826662,-3.6595498373939224,,
2014-03-25,0,0.14392919696842854,-1.1573162008724613,-2.8356245041577535,,
2014-03-26,0,0.140914596566759,-1.2178010478347958,-2.4250634149706096,,
2014-03-27,0,0.145186794713966,-1.222130613336541,-1.5508986148232191,,
2014-03-28,0,0.14379346790532793,-1.1710411654898965,-2.2074278126266864,,
2014-03-31,0,0.14042306492064147,-1.093613294462635,-3.568564214627845,,
2014-04-01,0,0.1381800889365439,-1.037763193812114,-4.115605402704877,,
2014-04-02,0,0.13787609827045205,-1.0486622121464697,-5.298825765424127,,
2014-04-03,0,0.13769779504913718,-1.077319660456143,-5.5697666174533165,,
2014-04-04,0,0.129914515415991,-1.1841099728414588,-4.030551089077074,,
2014-04-07,0,0.12414239349362893,-1.2852366982317427,-2.3881661263600704,,
2014-04-08,0,0.12486895384987973,-1.2404410582561185,-2.1184956865332683,,
2014-04-09,0,0.11897282191221885,-1.1552614716942107,-2.896200366494057,,
2014-04-10,0,0.0913872852974884,-1.3023810774316962,-1.0667278297064346,,
2014-04-11,0,0.09231016377660052,-1.3600285918281039,-1.1835728578467053,,
2014-04-14,0,0.08849040546787616,-1.329380748573081,-3.14376924497534,,
2014-04-15,0,0.0875498746527825,-1.2721174488431388,-3.3774370231288864,,
2014-04-16,0,0.08422626609728572,-1.1809897182878404,-3.3212683421497524,,
2014-04-17,0,0.0856773947320471,-1.1800027504411184,-5.527808563524552,,
2014-04-21,0,0.0860626361711848,-1.1574644141061776,-7.0468632286898245,,
2014-04-22,0,0.08841717500877282,-1.1172267984588415,-6.671873582775205,,
2014-04-23,0,0.09167880872325043,-1.1201661797450562,-5.874867703157031,,
2014-04-24,0,0.09265076186316118,-1.1253855567623647,-5.076346181199245,,
2014-04-25,0,0.08764148450329126,-1.2230958068869566,-4.354534295651918,,
2014-04-28,0,0.09048176147743035,-1.2311394413336794,-3.8690447437240008,,
2014-04-29,0,0.08868913525449161,-1.180500447297199,-3.55353188728506,,
2014-04-30,0,0.08900186867994717,-1.1575226029455077,-3.918464489697282,,
2014-05-01,0,0.08891519119538942,-1.123679332873784,-4.097789641966623,,
2014-05-02,0,0.08917746177111122,-1.1255995916014494,-4.641916669126989,,
2014-05-05,0,0.08898389163313271,-1.1487845012842697,-4.767316783682023,,
2014-05-06,0,0.08439917865248196,-1.1965926719685982,-3.2016381474733753,,
2014-05-07,0,0.08461955847091004,-1.1495725804591412,-3.364389840836251,,
2014-05-08,0,0.08657340955839754,-1.1476917708517744,-3.1649244965843795,,
2014-05-09,0,0.08638392709011355,-1.12337587537939,-2.8823695288472866,,
2014-05-12,0,0.07580684559514204,-1.0437442261238032,-3.9720229806263454,,
2014-05-13,0,0.07665652728693352,-1.0329748610284406,-5.109431152087078,,
2014-05-14,0,0.07849909434269019,-1.07477235577452,-4.139154386054302,,
2014-05-15,0,0.07265377939404924,-1.1207754571519157,-3.3123960859668884,,
2014-05-16,0,0.07081778260897359,-1.0787899460813268,-3.8841879789899982,,
2014-05-19,0,0.07086998604593915,-1.0513933341974881,-3.163047262808181,,
2014-05-20,0,0.07021612064942401,-1.1099027087326363,-2.2778393469540084,,
2014-05-21,0,0.0659930816233907,-1.0545928258880082,-3.9077049153929497,,
2014-05-22,0,0.06514239300514406,-1.0297838793060847,-5.171525691961734,,
2014-05-23,0,0.06261803178901433,-0.981798358291938,-5.465558284299238,,
2014-05-27,0,0.06213366217610414,-0.9983146837975992,-5.8467310380862685,,
2014-05-28,0,0.06395304401673814,-1.0047914585162459,-6.43974301452917,,
2014-05-29,0,0.06151634177787526,-1.0036422017813054,-6.11543352464251,,
2014-05-30,0,0.061985272282811095,-0.9983943913967454,-5.733206789280565,,
2014-06-02,0,0.06174318627709464,-1.0168180644851526,-5.018257903051309,,
2014-06-03,0,0.06560583958277338,-0.9921298357186423,-4.142069384783241,,
2014-06-04,0,0.06498339451034023,-1.0088146226295767,-4.574130585548279,,
2014-06-05,0,0.06332909245612113,-1.027019699909746,-4.493825516600511,,
2014-06-06,0,0.06368563164083958,-1.0517254687054998,-4.688542929511269,,
2014-06-09,0,0.06728108513629458,-1.0543151864124092,-4.627619631259006,,
2014-06-10,0,0.0690580626080583,-1.065257712040363,-4.717713234047065,,
2014-06-11,0,0.06970041769612736,-1.094957726713238,-3.968435304030706,,
2014-06-12,0,0.06477523647701043,-1.1661519321716243,-2.2922574376831713,,
2014-06-13,0,0.06463271662968798,-1.1440454794309778,-2.337657941451177,,
2014-06-16,0,0.06493614424137181,-1.117269904934551,-2.374584929085056,,
2014-06-17,0,0.06413139139429729,-1.0861614743323296,-2.643831227055594,,
2014-06-18,0,0.06717707325150947,-1.0564042515849534,-3.9831019076241003,,
2014-06-19,0,0.07343404600288778,-1.0490004398698636,-4.9818815282913596,,
2014-06-20,0,0.07362227807336792,-1.0550212209989067,-4.617676589979782,,
2014-06-23,0,0.07577169571664127,-1.077922839225981,-4.410893909517571,,
2014-06-24,0,0.07281887662274544,-1.1264708604214577,-3.555497183069253,,
2014-06-25,0,0.07146764858089846,-1.100457209950082,-3.2312937397595713,,
2014-06-26,0,0.0730418354275867,-1.1085497261621111,-2.909876635806422,,
2014-06-27,0,0.07251193015139532,-1.0720957030523486,-3.150312962115608,,
2014-06-30,0,0.07433066464622708,-1.0473890182048666,-3.255392176357425,,
2014-07-01,0,0.07094587579905452,-1.0570567456176747,-4.708565280137983,,
2014-07-02,0,0.09651142751504499,-1.0635127431574716,-4.278628867981954,,
2014-07-03,0,0.0950016950666276,-1.068700082396308,-5.404678282980232,,
2014-07-07,0,0.09345197044438193,-1.1315476554063155,-4.428298282624121,,
2014-07-08,0,0.09507211621320313,-1.2010873212023703,-3.4730167822939215,,
2014-07-09,0,0.0935779569050581,-1.1538417384016133,-3.3528965881867525,,
2014-07-10,0,0.09567947285269326,-1.1677486414182914,-2.5831834469864434,,
2014-07-11,0,0.10660940501524704,-1.1991460572914163,-1.8498628424568984,,
2014-07-14,0,0.10659322862396611,-1.1882456786467004,-3.0487428002001917,,
2014-07-15,0,0.10660080609321522,-1.1929151654377528,-3.8700750274480593,,
2014-07-16,0,0.10866920359473281,-1.155955047247829,-3.5636373230700285,,
2014-07-17,0,0.10533306824911279,-1.1908539915579537,-3.4747150750923437,,
2014-07-18,0,0.1009658296237036,-1.1391347073521956,-4.147364928187243,,
2014-07-21,0,0.10594488921479121,-1.1410828119413843,-3.216538401332321,,
2014-07-22,0,0.10576287788097849,-1.096226884177932,-3.7914515190416425,,
2014-07-23,0,0.10642870052345463,-1.0937287844268562,-3.4747330212012066,,
2014-07-24,0,0.10647506755211424,-1.083576915356882,-4.556486580561644,,
2014-07-25,0,0.10565638478670861,-1.1117397527102026,-3.4186286676897417,,
2014-07-28,0,0.1068350124463472,-1.1106638244126084,-3.5382597302510295,,
2014-07-29,0,0.10550763505743509,-1.136264722569989,-2.74698080060124,,
2014-07-30,0,0.10550794428752117,-1.1284915911938915,-2.7344893477040095,,
2014-07-31,0,0.08258801367344952,-1.2338215272875186,-1.2963276813575089,,
2014-08-01,0,0.08326495335090815,-1.2103157647252636,-1.644274756578905,,
2014-08-04,0,0.08262007312685626,-1.1924902295563637,-2.469746129015315,,
2014-08-05,0,0.0777687264844775,-1.2423598040842354,-1.8820414997992851,,
2014-08-06,0,0.07780049510133749,-1.2423161758766745,-1.901466492503157,,
2014-08-07,0,0.07546262238490586,-1.2840551204593766,-3.032039035308097,,
2014-08-08,0,0.0598376264291127,-1.2164274928996563,-4.267350306538166,,
2014-08-11,0,0.06435342740841915,-1.1758402316865295,-4.288025298383205,,
2014-08-12,0,0.06434916037385557,-1.1904925099351766,-4.973169963857668,,
2014-08-13,0,0.06022075377505629,-1.1567966544491828,-5.993554589945919,,
2014-08-14,0,0.06308382620025506,-1.145582535540467,-7.014898167704384,,
2014-08-15,0,0.06356331707585383,-1.1248420548176732,-5.970429693540492,,
2014-08-18,0,0.05899065537959318,-1.0652858754663483,-6.370807195357521,,
2014-08-19,0,0.056454058756993275,-1.0466219881252279,-7.113875669332612,,
2014-08-20,0,0.05675604666642172,-1.0257377767474092,-6.599929655118526,,
2014-08-21,0,0.05675126907113325,-1.033144057693817,-6.4932415794277105,,
2014-08-22,0,0.06684989518875406,-1.0358219728178986,-6.029921440268875,,
2014-08-25,0,0.06964343460468152,-1.0225882724463282,-5.621672021893421,,
2014-08-26,0,0.0746293375144459,-1.021924511481045,-5.060431708135344,,
2014-08-27,0,0.09013927078510255,-1.020320982331019,-4.140171938521363,,
2014-08-28,0,0.09422332604172633,-1.0227083377382187,-3.297354325809433,,
2014-08-29,0,0.09365365864295544,-1.0161814755775775,-4.311520725615249,,
2014-09-02,0,0.09500913971646914,-1.0172261037592563,-3.6834216080309092,,
2014-09-03,0,0.10579841800490575,-1.014255852661506,-3.4675456174149577,,
2014-09-04,0,0.10585598509939705,-1.0075931166880319,-3.535162409967739,,
2014-09-05,0,0.1116073678772701,-1.0051235085557637,-3.693741260447721,,
2014-09-08,0,0.11158692360587247,-1.0168716107714602,-2.7874059704383707,,
2014-09-09,0,0.12258940713001865,-1.0647596669866035,-1.8295962854877268,,
2014-09-10,0,0.13570012091479852,-1.0710615931329468,-2.5324279030616097,,
2014-09-11,0,0.15513646464706146,-1.0631681766515084,-2.8837389556980293,,
2014-09-12,0,0.15983774508594617,-1.0988576023306724,-2.1904354955655307,,
2014-09-15,0,0.1709082180122614,-1.1117998464159455,-1.8166543627947382,,
2014-09-16,0,0.17060012729983867,-1.0614106218013697,-3.3292521548817504,,
2014-09-17,0,0.17133959042662938,-1.0453135029607254,-3.036430859367645,,
2014-09-18,0,0.1716605631341333,-1.012244999640943,-3.318064602285522,,
2014-09-19,0,0.17659591210723047,-1.0278413105157782,-3.4302246114533164,,
2014-09-22,0,0.1771056983042214,-1.0882162654487055,-2.9949729037100186,,
2014-09-23,1,0.1920724105209963,-1.125286784756786,-1.8941231846236775,,
2014-09-24,1,0.19264216406165707,-1.0755651692765866,-2.228010494220709,,
2014-09-25,0,0.19157709390977373,-1.1544432037250598,0.77022802578443,,
2014-09-26,0,0.19150609300237362,-1.1088230577817069,-0.6739868489521694,,
2014-09-29,0,0.19141227241500738,-1.1159498422352654,-1.1274112624324226,,
2014-09-30,1,0.19619549521979004,-1.131510789728208,-1.4104050961333428,,
2014-10-01,0,0.19061245297022292,-1.2288821343792802,0.3605170875800393,,
2014-10-02,1,0.19663854007638665,-1.2059209232334342,-1.9814049063494459,,
2014-10-03,1,0.1931911777028859,-1.14728519539618,-2.091968360796909,,
2014-10-06,1,0.1929336120714959,-1.1685132763523876,-2.267046030288789,,
2014-10-07,0,0.18483465486316228,-1.2507919167036299,-0.8806900248828278,,
2014-10-08,0,0.17664974056197688,-1.1648119075265615,-3.5357221580924456,,
2014-10-09,0,0.16082569352396142,-1.3110705541374434,-1.9299131666397304,,
2014-10-10,0,0.1538504400233969,-1.3748823851526089,0.17539050257866193,,
2014-10-13,0,0.1417986470639036,-1.4951940528896728,1.0269323745279515,,
2014-10-14,0,0.14015631208443094,-1.4360997161495375,-1.1703179580476055,,
2014-10-15,0,0.1392533827353836,-1.471488961446039,0.45498861250750905,,
2014-10-16,0,0.13829137223157,-1.4264572071386763,-1.4298966489620613,,
2014-10-17,0,0.1317185065403413,-1.3577107719072083,-3.583549921905198,,
2014-10-20,0,0.12599012021219808,-1.2833656006556124,-5.923972989916378,,
2014-10-21,0,0.10076136418100494,-1.1552134717704905,-7.182639083304538,,
2014-10-22,0,0.09605386339627632,-1.199142991395842,-7.040892529368266,,
2014-10-23,0,0.08483413702997379,-1.1241741878738865,-8.224961903433092,,
2014-10-24,0,0.08301277880802814,-1.0777909563001962,-7.976984826745061,,
2014-10-27,0,0.08427405161999899,-1.1027489406158568,-6.8571030075569706,,
2014-10-28,0,0.07065963390842844,-1.009477006711781,-6.568848826969901,,
2014-10-29,0,0.07077032254142522,-1.0233207083316487,-7.16451617786429,,
2014-10-30,0,0.05200412986440656,-0.9703910131001698,-6.562545646901513,,
2014-10-31,0,0.058966090092453245,-0.9773127026650328,-6.712970108723957,,
2014-11-03,0,0.0631665406676583,-0.9862303380686058,-7.19481002299149,,
2014-11-04,0,0.06580717045070834,-1.020019571705048,-5.768034173241721,,
2014-11-05,0,0.06232748359320858,-1.0061336443547808,-6.626642860473832,,
2014-11-06,0,0.05986007664282722,-1.0114070133694741,-6.97136370166419,,
2014-11-07,0,0.06575122254483298,-1.0038040644500665,-6.3484905764790565,,
2014-11-10,0,0.06475890254907583,-1.0217176848481198,-6.216691759488468,,
2014-11-11,0,0.08884533615637265,-1.010366074236306,-6.480359456868922,,
2014-11-12,0,0.09039978387456343,-1.0055127413807796,-5.703206987865931,,
2014-11-13,0,0.10415459475972823,-1.0072953616261655,-5.177704709049992,,
2014-11-14,0,0.1060256540221203,-0.9992593255866326,-5.0100982081429875,,
2014-11-17,0,0.10856296196071168,-0.9819619834956658,-4.824251123166051,,
2014-11-18,0,0.13175625878821032,-0.9805997166736472,-5.1894032088717665,,
2014-11-19,0,0.15261331339654505,-0.9837443306544134,-4.869414538455158,,
2014-11-20,0,0.15334876045455367,-0.9849913172000627,-4.99678090922222,,
2014-11-21,0,0.1525909895135002,-0.9981744867548353,-5.490859349434847,,
2014-11-24,0,0.15234123062196342,-1.0049591124684503,-5.879599248446984,,
2014-11-25,0,0.1523363517470802,-1.01623286185233,-5.202871267131761,,
2014-11-26,0,0.15248446239635524,-1.0058417046826233,-6.080453282295329,,
2014-11-28,0,0.15254350419293033,-1.012847257163441,-5.930213412280034,,
2014-12-01,0,0.15044498276100976,-1.0895322283232487,-4.270429377941556,,
2014-12-02,0,0.1527134621313368,-1.0328003487635744,-4.351649489263241,,
2014-12-03,0,0.15098293525041295,-1.0015479105362233,-4.977058509605583,,
2014-12-04,0,0.16348234887388893,-1.0037345022717405,-3.912238440065298,,
2014-12-05,0,0.1669448745763641,-0.9990591618006525,-3.940164738246601,,
2014-12-08,0,0.17042190894743936,-1.0788856870333599,-4.311916773101199,,
2014-12-09,0,0.18159179684438248,-1.0640221225611042,-3.6308086515957827,,
2014-12-10,0,0.17336609835824993,-1.1936664330632774,-1.1288354259886908,,
2014-12-11,0,0.17486984552673443,-1.1680768249926485,-2.1893801084642246,,
2014-12-12,0,0.16724985411263,-1.2767269730196489,-0.740264791574066,,
2014-12-15,0,0.16703747028795493,-1.3150679239762335,-0.31847832579040647,,
2014-12-16,0,0.16823056590418628,-1.3646359617854398,0.25540227682901945,,
2014-12-17,0,0.15723748875493468,-1.1880144481939103,-3.5508115830891454,,
2014-12-18,0,0.1370382024355954,-1.0133919948584238,-4.667079121911378,,
2014-12-19,0,0.13787423070640248,-1.0160725322211628,-6.3936397981970305,,
2014-12-22,0,0.1472693686924294,-1.0350587017702375,-7.999586366056798,,
2014-12-23,0,0.14764863981270238,-1.0303551372069166,-9.294928790995405,,
2014-12-24,0,0.14885177864309515,-1.0549728110360912,-7.464691782119377,,
2014-12-26,0,0.15161710331692324,-1.049934262802901,-6.075748334724984,,
2014-12-29,0,0.15940518247161015,-1.0573606142181304,-5.70713511501448,,
2014-12-30,0,0.1616060293823172,-1.1091511792606574,-4.303973120174412,,
2014-12-31,0,0.1659331080143348,-1.2129115327655806,-2.0750558699518735,,
2015-01-02,0,0.17079643624957114,-1.2115418735673247,-1.9832468391086335,,
2015-01-05,0,0.16787461566718,-1.3268554299499131,0.006721063095125025,,
2015-01-06,0,0.16492404586585405,-1.4017581855459829,1.211335600523251,,
2015-01-07,0,0.16273604790155066,-1.3277747097425854,-0.3395235187410609,,
2015-01-08,0,0.15108109331161176,-1.158116497699583,-3.9476507965713634,,
2015-01-09,0,0.1494129258860797,-1.2481319798189083,-3.2450222246649414,,
2015-01-12,0,0.15193220276262415,-1.333789058312255,-4.153780703207196,,
2015-01-13,0,0.15166128666717166,-1.3751870121617449,-4.5446447218839925,,
2015-01-14,0,0.15487212015527246,-1.3940898041489085,-3.056087268206109,,
2015-01-15,0,0.15228155289276252,-1.4622973492884561,-0.08917094675084596,,
2015-01-16,0,0.14412441961006014,-1.3405902125712226,-2.0682863719583255,,
2015-01-20,0,0.1443717136734805,-1.3295935499920595,-2.756262355287981,,
2015-01-21,0,0.14239805866833408,-1.2632747076010489,-3.683546166084385,,
2015-01-22,0,0.13404245305581464,-1.1109415305956616,-5.555810531074471,,
2015-01-23,0,0.1330962494991702,-1.1568086893596619,-6.305172319280261,,
2015-01-26,0,0.13184533651041908,-1.0880092782887565,-5.642824549336845,,
2015-01-27,0,0.12838837773017187,-1.1413495435195606,-4.84015717405319,,
2015-01-28,0,0.11900418742588295,-1.25372194767464,-3.3856514495440724,,
2015-01-29,0,0.1148880368755246,-1.1641285691637695,-3.215242878082022,,
2015-01-30,0,0.10536916606883125,-1.279759531385799,-2.4578047436596058,,
2015-02-02,0,0.09844722573609202,-1.173278861375077,-3.078347088269834,,
2015-02-03,0,0.08448643541383409,-1.0464315719540067,-5.459801776285827,,
2015-02-04,0,0.08387481510465837,-1.0798487365202691,-6.51121470400938,,
2015-02-05,0,0.09281151253394755,-1.00038986999398,-6.800757835970763,,
2015-02-06,0,0.0920406223802905,-1.0475495411108648,-8.050268074977684,,
2015-02-09,0,0.10531696614610923,-1.0857705259473462,-6.46312670834255,,
2015-02-10,0,0.09759469210436292,-0.9878132016040644,-6.283398265726989,,
2015-02-11,0,0.10825913983416406,-0.9942900679853588,-6.155686723151527,,
2015-02-12,0,0.10409964109588205,-0.9773370272600981,-6.149590283344766,,
2015-02-13,0,0.11433427156403798,-0.983644940778076,-6.477686883249782,,
2015-02-17,0,0.11467041335341337,-0.9920321883138795,-7.182870535874275,,
2015-02-18,0,0.12292009904755125,-0.9888907971777426,-5.950713527330004,,
2015-02-19,0,0.12370503540352083,-0.9968769058915876,-5.880806856573061,,
2015-02-20,0,0.12671323563152262,-1.0015915704931777,-5.6115827896568575,,
2015-02-23,0,0.12702673649301915,-0.9945233972458816,-5.121258311896802,,
2015-02-24,0,0.12847260770240143,-0.995125784789827,-5.2175031388502155,,
2015-02-25,0,0.13884507520143494,-0.9868523867699688,-5.270193108186576,,
2015-02-26,0,0.13838890967337347,-1.0106039178782789,-5.208429604898453,,
2015-02-27,0,0.13896948712033885,-1.031344216578874,-3.922514565807941,,
2015-03-02,0,0.14404258725282373,-0.976225784093974,-4.739290241212959,,
2015-03-03,0,0.1450181632582846,-1.0205641793595288,-3.9277390065091584,,
2015-03-04,0,0.14432472636517857,-1.0719967542446256,-3.0850197579909517,,
2015-03-05,0,0.144688308464719,-1.035187982035718,-3.493982994800735,,
2015-03-06,0,0.13696349761955637,-1.129409266707054,-3.242323660920489,,
2015-03-09,0,0.13716118733708896,-1.0947577963957729,-2.752459308986878,,
2015-03-10,0,0.12711576564289945,-1.2142322790682045,-1.28324624561167,,
2015-03-11,0,0.12743287991480426,-1.2180465937748886,-1.9298035064299877,,
2015-03-12,0,0.11888501476954029,-1.1284575398233458,-2.24848167211696,,
2015-03-13,0,0.11819499568648956,-1.1918278242862952,-2.1086244010202355,,
2015-03-16,0,0.10770991183677049,-1.0700300269890715,-3.1139050980654943,,
2015-03-17,0,0.10854933292312137,-1.1101650377730974,-4.634690418919514,,
2015-03-18,0,0.0987680526140719,-1.025039107040436,-5.423794210712968,,
2015-03-19,0,0.1054427248307457,-1.0592230107883511,-4.278518081444809,,
2015-03-20,0,0.10285748158756712,-0.9876015938241101,-6.1188301622873285,,
2015-03-23,0,0.10249787778688538,-0.9836149306434662,-4.444433591597371,,
2015-03-24,0,0.10128265231439283,-1.0193562537846588,-3.91804867269172,,
2015-03-25,0,0.08701878711148227,-1.121167592699801,-1.8142652859059794,,
2015-03-26,0,0.08679386260037439,-1.1290851464792642,-1.9823974825850588,,
2015-03-27,0,0.08796017014315527,-1.083585707032192,-0.9063572492533797,,
2015-03-30,0,0.07614464384075968,-0.9912904735606244,-2.202757203071709,,
2015-03-31,0,0.07459520568411482,-1.0323414226998475,-2.1986100012492154,,
2015-04-01,0,0.08017458296455307,-1.0764844828181974,-3.193279390055235,,
2015-04-02,0,0.08847172898641521,-1.061501954440396,-4.070662159399858,,
2015-04-06,0,0.0858707181219771,-1.010158426591508,-4.309378408557007,,
2015-04-07,0,0.09666742024745846,-1.0662482489671579,-2.784447420435648,,
2015-04-08,0,0.09601584444922914,-1.036238968885342,-4.083843453022803,,
2015-04-09,0,0.09724194052477521,-1.0022142220632932,-4.960143401558721,,
2015-04-10,0,0.10484285511680029,-0.9488123267422344,-5.109879346503407,,
2015-04-13,0,0.10435558866488086,-0.9931963844413899,-4.132601831045318,,
2015-04-14,0,0.10481386559705243,-1.0084872242524356,-4.622476932705227,,
2015-04-15,0,0.10350588945322972,-0.9836808733598689,-4.633251512194488,,
2015-04-16,0,0.10886126381819577,-0.9888262429316913,-3.9861314221387336,,
2015-04-17,0,0.10167212647271652,-1.0885429757285496,-2.067570281889544,,
2015-04-20,0,0.09894211525113279,-1.0169255798523893,-3.2925370505783245,,
2015-04-21,0,0.0989414003097177,-1.0085146841161998,-3.0615658820008074,,
2015-04-22,0,0.09822971498566724,-0.973625921077598,-3.363785814936047,,
2015-04-23,0,0.09803430035680899,-0.9401749625718225,-3.6571735752725325,,
2015-04-24,0,0.09821075146995466,-0.9501653616360974,-4.935295005934139,,
2015-04-27,0,0.10297313001914951,-0.992335135560808,-3.8300385433779724,,
2015-04-28,0,0.10662866233582712,-1.0057124658778063,-4.353288663444203,,
2015-04-29,0,0.10551284866526703,-1.0674804375437226,-3.5718843270265332,,
2015-04-30,0,0.10236455003586636,-1.1023428632086874,-2.4758996601225807,,
2015-05-01,0,0.09453264644521836,-1.0487164687921071,-3.738878351812409,,
2015-05-04,0,0.09375687897802387,-1.0101010279456424,-4.317147186487331,,
2015-05-05,0,0.08135824403209874,-1.0686947617439964,-2.693568079213728,,
2015-05-06,0,0.08559720073245847,-1.0930523454842416,-2.4312995449510044,,
2015-05-07,0,0.0837133160102496,-1.0480216019335873,-3.676412181541542,,
2015-05-08,0,0.07745591352938992,-0.9715052415119179,-3.7910478087155326,,
2015-05-11,0,0.07644744025129452,-1.0057409639168533,-3.1828683316062523,,
2015-05-12,0,0.0848489465662238,-1.0143607776021029,-4.022876871952597,,
2015-05-13,0,0.0854494591748675,-1.0243852705725232,-4.687067764371812,,
2015-05-14,0,0.08102606816935115,-0.9322698409646415,-5.040039562018786,,
2015-05-15,0,0.0826956715361402,-0.9121394893693722,-3.8949793838430833,,
2015-05-18,0,0.0841067193809155,-0.921403169191878,-4.831309861713623,,
2015-05-19,0,0.08464462724920495,-0.9188301779950137,-5.255681320690427,,
2015-05-20,0,0.09169350348826508,-0.9206175010711325,-4.909055662825913,,
2015-05-21,0,0.09244027382371628,-0.9040059483634434,-4.315540497263921,,
2015-05-22,0,0.09406782599239526,-0.9136211818491783,-3.6672343585642255,,
2015-05-26,0,0.08640734556112047,-0.9794288387985272,-1.5876250813442918,,
2015-05-27,0,0.08653727837287388,-0.9204223712762264,-2.629389269152672,,
2015-05-28,0,0.08692839699485808,-0.9388725480323794,-2.4366389661066066,,
2015-05-29,0,0.08447856904595229,-0.9615454647538249,-1.7301809197245757,,
2015-06-01,0,0.11387077488716696,-0.944858802579217,-2.1640496297103886,,
2015-06-02,0,0.11444653488290084,-0.9514508872244772,-3.6220326798485125,,
2015-06-03,0,0.11607911156292755,-0.9491057943459846,-2.783856790583154,,
2015-06-04,0,0.11257921552806999,-0.9992979202814346,-1.8954305604872272,,
2015-06-05,0,0.11367655166874657,-1.0165524561564256,-2.469949420608257,,
2015-06-08,0,0.11406781445766571,-1.0646787019649668,-1.2293227662384636,,
2015-06-09,0,0.12922503421946777,-1.0835094401290044,-1.2104203517739514,,
2015-06-10,0,0.12373666514971066,-1.010144670277237,-2.249562098228567,,
2015-06-11,0,0.12963279808290068,-0.9638326778593472,-3.3845239570775156,,
2015-06-12,0,0.13277651756473846,-1.0140909429941343,-2.2266386891732974,,
2015-06-15,0,0.1323289243555442,-1.0254025941638272,-2.341002937212546,,
2015-06-16,0,0.13110567822826505,-0.9858803552636737,-3.3400653833691543,,
2015-06-17,0,0.13246609042914856,-0.9481124308041179,-2.4706539806497396,,
2015-06-18,0,0.12871813479845506,-0.8836788569371149,-3.4779357995469073,,
2015-06-19,0,0.12832113104194262,-0.8933787952018782,-3.732651836155079,,
2015-06-22,0,0.12797450594409274,-0.8525642335699559,-5.6695700934579865,,
2015-06-23,0,0.12802514602502213,-0.8702366669778773,-4.843959966875774,,
2015-06-24,0,0.12615420819631548,-0.945554937232051,-3.5177354723364482,,
2015-06-25,0,0.1309747647641808,-0.9622116113628204,-1.806785021675797,,
2015-06-26,0,0.13313212476372285,-0.9517228362791411,-2.503737245177684,,
2015-06-29,0,0.11775904371533528,-1.0938019372857066,1.340786453987742,,
2015-06-30,0,0.12173171102065321,-1.078005322343644,1.2457719874353148,,
2015-07-01,0,0.12027181560081762,-1.0458300487213967,-0.38569557501796903,,
2015-07-02,0,0.12014230218067153,-1.0535759803048308,-1.2325310359873385,,
2015-07-06,0,0.11948924385309947,-1.0797026559842562,-0.6093264312848309,,
2015-07-07,0,0.11645215198196236,-1.036020435117243,-3.8123505563015923,,
2015-07-08,0,0.10006880996466766,-1.1417161049500482,-1.4524711835010005,,
2015-07-09,0,0.10150795774873411,-1.1199687385399248,-1.211415155449655,,
2015-07-10,0,0.09345287714302442,-1.0389858137248027,-2.855279074102844,,
2015-07-13,0,0.09888755472474005,-0.9764696506036308,-4.823971771450199,,
2015-07-14,0,0.10179181057234402,-0.9387301353998788,-5.262929214482232,,
2015-07-15,0,0.1011437356797712,-0.9600656801612231,-7.450256890061191,,
2015-07-16,0,0.09891803036827426,-0.9192187768172674,-7.931651566180813,,
2015-07-17,0,0.09888631833563535,-0.9620308083777572,-6.25968201659284,,
2015-07-20,0,0.10065964562767152,-0.9738833400321552,-5.263587000214913,,
2015-07-21,0,0.0996806283039515,-1.00321518586249,-4.140416693809491,,
2015-07-22,0,0.10345384977437705,-0.9871806318749401,-4.076641653845737,,
2015-07-23,0,0.12689764135150725,-1.0291909959563699,-2.8789075480298267,,
2015-07-24,0,0.15673691630028047,-1.113041877149066,-2.4994388904888676,,
2015-07-27,1,0.21363864199218238,-1.1646813201211963,-2.1076411612453256,,
2015-07-28,1,0.2149149985148989,-1.0667054325913667,-4.0110878943020225,,
2015-07-29,1,0.24147217933702314,-1.0103653706508768,-5.258052388772338,,
2015-07-30,1,0.2579881197665859,-1.0016114541313779,-5.726735943849726,,
2015-07-31,1,0.258180756639989,-0.9993200728126735,-5.859930755010448,,
2015-08-03,1,0.2594823492546337,-1.0171275315318502,-6.183597215897495,,
2015-08-04,1,0.278575233661035,-1.0332394496052886,-4.765626235636107,,
2015-08-05,1,0.2843229417424503,-1.0086412662799276,-4.153430200028367,,
2015-08-06,1,0.28396929304398494,-1.0480172655371267,-3.85672365166828,,
2015-08-07,1,0.28892071605513864,-1.0516044821403,-4.087610774088371,,
2015-08-10,1,0.2983810040809324,-0.9455050486284782,-5.652595013794826,,
2015-08-11,1,0.3007180570294512,-1.0172158996490004,-4.905468735426923,,
2015-08-12,1,0.30093625581554384,-1.0073175803268217,-4.890693752759763,,
2015-08-13,1,0.3013569865481593,-1.0004854634587288,-5.303038693711019,,
2015-08-14,1,0.30135692775695216,-0.9650585018123587,-6.038012497262342,,
2015-08-17,1,0.30364103180836627,-0.9152942534751396,-5.245000903108951,,
2015-08-18,1,0.3057899639332489,-0.930642041699235,-5.7722220458259645,,
2015-08-19,1,0.3045267053419405,-0.9936027888194414,-4.567487684418722,,
2015-08-20,1,0.3006245256490402,-1.123741669591607,-2.5341664827333337,,
2015-08-21,1,0.2841644833405882,-1.2951370259145567,0.7476790557941833,,
2015-08-24,1,0.2485625473505309,-1.561354157810469,4.499243368986213,,
2015-08-25,1,0.24357588083174353,-1.6536047246487149,5.171398795280364,,
2015-08-26,1,0.21515223637941466,-1.448333244947843,2.2596784193508626,,
2015-08-27,1,0.1949491583666623,-1.2848618942241752,-2.0295049191862207,,
2015-08-28,1,0.21803991618531837,-1.256518528649259,-4.952317897529911,,
2015-08-31,1,0.2163243119294699,-1.303633578136142,-7.409322863581326,,
2015-09-01,1,0.2027977619842636,-1.5000229235373097,-5.538479354136337,,
2015-09-02,1,0.1942970896562817,-1.4041861555123991,-4.926853019828359,,
2015-09-03,1,0.20192589453366824,-1.3822523120028083,-3.1176329450577387,,
2015-09-04,1,0.206828587285911,-1.4990765631329428,-1.040666951352548,,
2015-09-08,0,0.18790081375949416,-1.328062925933896,-3.420433950023519,,
2015-09-09,0,0.1851270790038078,-1.4087941442149192,-4.817835035653852,,
2015-09-10,0,0.18942598751757375,-1.3831068635035417,-3.9683083254422202,,
2015-09-11,0,0.18873026454982134,-1.3608895338033757,-3.792095059513242,,
2015-09-14,0,0.18802282517149627,-1.3994332654467128,-4.870852220547772,,
2015-09-15,0,0.18572392717407496,-1.3111494415571834,-4.35654747133225,,
2015-09-16,0,0.18280204403848146,-1.2222702941527888,-7.224583082257718,,
2015-09-17,0,0.1886200556924956,-1.2155315748912272,-6.338019616617591,,
2015-09-18,0,0.17964342722852972,-1.3436315593644044,-4.483488823779152,,
2015-09-21,0,0.17912669526667369,-1.2933614992094429,-5.546118846289189,,
2015-09-22,0,0.17151682518833136,-1.3223583445971143,-2.787819602466302,,
2015-09-23,0,0.17303291413798924,-1.3596424838432026,-1.1196995909801717,,
2015-09-24,0,0.18041906857509538,-1.3935061669833229,-0.9850709419981292,,
2015-09-25,0,0.18122161823545058,-1.3929604714854855,-2.4922160719101867,,
2015-09-28,0,0.15255825594014183,-1.6083717919343123,0.2205056413684282,,
2015-09-29,0,0.15331435307977487,-1.5997760344563794,-1.2609120995943142,,
2015-09-30,0,0.14374923993986058,-1.4564557787654304,-3.286459246546919,,
2015-10-01,0,0.1437442828220791,-1.4667838323180606,-3.617322867219338,,
2015-10-02,0,0.13220084567450957,-1.3621126743283993,-4.438435411703567,,
2015-10-05,0,0.12061965463140813,-1.214059443346775,-8.50135695749021,,
2015-10-06,0,0.11930801145506761,-1.265257391043074,-8.505920254336473,,
2015-10-07,0,0.11516181103290356,-1.193179307840347,-7.769105688725239,,
2015-10-08,0,0.1072789129553844,-1.0942876231219953,-8.928269273569155,,
2015-10-09,0,0.10797870564102847,-1.0704736043389231,-8.110649500799813,,
2015-10-12,0,0.11331195381131667,-1.0759024071034422,-6.3764443996864975,,
2015-10-13,0,0.10950348134049709,-1.1448009061708542,-5.432615673611663,,
2015-10-14,0,0.10931167706054243,-1.1655293769241821,-4.526006263742718,,
2015-10-15,0,0.11274988862090173,-1.0833210408083074,-4.424870951609896,,
2015-10-16,0,0.11736237167621427,-1.0802184151777836,-4.8805577962622815,,
2015-10-19,0,0.12918246687518273,-1.0882449946164052,-5.121667344160373,,
2015-10-20,0,0.1293790116009627,-1.076273170262683,-6.221705699119988,,
2015-10-21,0,0.13878800369715594,-1.131810763548257,-5.893119949818103,,
2015-10-22,0,0.12843660392608486,-1.0465312229106145,-5.978631799802207,,
2015-10-23,0,0.12791803711884178,-1.022463203202758,-6.420913242704622,,
2015-10-26,0,0.12766733690692492,-1.0247235540776416,-6.031525950556057,,
2015-10-27,0,0.1269433336542585,-1.0519001743659737,-5.399889560839396,,
2015-10-28,0,0.11986024296179727,-0.9610189115012906,-6.985679609042729,,
2015-10-29,0,0.11988340529160203,-0.9676229754591583,-5.980273385907057,,
2015-10-30,0,0.12054735934042278,-0.9718323034607271,-5.053787229337447,,
2015-11-02,0,0.11728857750269898,-0.8943495441690588,-6.129409469592261,,
2015-11-03,0,0.126160247837445,-0.8710011821253145,-7.154964676088716,,
2015-11-04,0,0.13688880644740226,-0.9026873177034448,-5.606020597848125,,
2015-11-05,0,0.14952300374641736,-0.9096714015536462,-6.05658209095081,,
2015-11-06,0,0.1518491390260107,-0.9078043107782722,-6.6775016925842845,,
2015-11-09,0,0.15000100511263226,-0.9891591033475986,-4.5154375811007235,,
2015-11-10,0,0.15230075859636893,-0.9693994619904377,-4.330331888222798,,
2015-11-11,0,0.15161582514486877,-1.0082580663459046,-4.550103552746916,,
2015-11-12,0,0.15698429892126217,-1.095846184645323,-3.0216747247956732,,
2015-11-13,0,0.15335751952568652,-1.1214376613870871,-2.1790672458360594,,
2015-11-16,0,0.14929468017388067,-0.9552997779212822,-4.809383645831021,,
2015-11-17,0,0.15703673299292772,-0.9685453416482835,-4.212812877776861,,
2015-11-18,0,0.15788109831988145,-0.9060184067560682,-5.953673469043639,,
2015-11-19,0,0.16634007714245663,-0.9658102249271892,-7.115205884492292,,
2015-11-20,0,0.16799960020868288,-1.0104271244973138,-7.8918093858802525,,
2015-11-23,0,0.17196744570335412,-1.0170703732351856,-6.137577499253311,,
2015-11-24,0,0.1805817697235869,-0.9498390759283796,-6.708813295897148,,
2015-11-25,0,0.1805740175516141,-0.9141325733315437,-4.8900263127818,,
2015-11-27,0,0.18080738322076884,-0.9109431577576242,-4.885486162562656,,
2015-11-30,0,0.18355083722446622,-0.9515738208366386,-4.141622971239753,,
2015-12-01,0,0.18254471606129058,-0.9151592360750559,-5.597231112955036,,
2015-12-02,0,0.17853937749819682,-0.9859493428272185,-4.026039752509654,,
2015-12-03,0,0.1763401810908601,-1.0769784455098825,-3.0435768205543963,,
2015-12-04,0,0.16605516988124547,-1.003345587633983,-3.7060944470417168,,
2015-12-07,0,0.1737848551790927,-1.0306272597300703,-3.32189969226622,,
2015-12-08,0,0.18954378456753365,-1.0969381251649366,-1.4184130864646023,,
2015-12-09,1,0.19197546163411316,-1.1418362299336784,-2.2817322331530163,,
2015-12-10,1,0.19219939130949482,-1.1134424451710023,-3.8124271767492397,,
2015-12-11,0,0.1809433196589805,-1.2489036968042977,-1.6433326276459805,,
2015-12-14,1,0.2029103195536775,-1.2421738723794706,-2.313464462625447,,
2015-12-15,1,0.20520105806879918,-1.1623367192993672,-3.992300099880592,,
2015-12-16,1,0.21023768323486414,-1.071857122260786,-5.6953603114273434,,
2015-12-17,1,0.20217161094443686,-1.2241411849541337,-3.605094500755355,,
2015-12-18,1,0.19871349371286148,-1.3125044388464966,-3.965743738835149,,
2015-12-21,1,0.19873313882497756,-1.2853491753141126,-4.886221845588104,,
2015-12-22,1,0.20878019537140707,-1.2118926011570008,-5.352232549575316,,
2015-12-23,1,0.2119696626394353,-1.0928793654113729,-5.399768677912936,,
2015-12-24,1,0.2218329668390206,-1.0983889665835718,-6.657209489738945,,
2015-12-28,1,0.22366268164758488,-1.1618835811877297,-7.296961654991652,,
2015-12-29,1,0.22103308292672044,-1.103118614228562,-8.018956914667564,,
2015-12-30,1,0.24106068055226718,-1.1273089348390675,-4.817343388486389,,
2015-12-31,1,0.23949335103032696,-1.1839740988023375,-2.5234232619395307,,
2016-01-04,1,0.2470357395741926,-1.2407280052784424,-1.9238800729561858,,
2016-01-05,1,0.24895453682950766,-1.1965944583404764,-2.607005136594301,,
2016-01-06,1,0.24235265647597298,-1.3303621736809126,0.17141321771761495,,
2016-01-07,1,0.2391505976520013,-1.4609024162029522,-0.26262198282307403,,
2016-01-08,1,0.2485169551906996,-1.5059055797314547,-0.4618326279921574,,
2016-01-11,1,0.24835619135528658,-1.5470645139056043,-1.5042245768308904,,
2016-01-12,1,0.24762826858922019,-1.510507460177371,-1.612635201250346,,
2016-01-13,1,0.23553754269112148,-1.7068826353146362,-1.1946426719741878,,
2016-01-14,1,0.2425345591196692,-1.606166572609702,-3.8194425993983643,,
2016-01-15,1,0.24408967049092747,-1.7312002789317722,-3.0845368035716425,,
2016-01-19,1,0.2524984174085113,-1.756460733310099,-2.8534216195379973,,
2016-01-20,1,0.2501490203023863,-1.8254364134064234,-1.7408465269536375,,
2016-01-21,1,0.24870423642070455,-1.7556014539467557,-3.9459923056991095,,
2016-01-22,1,0.2460720578692848,-1.6334713486892205,-3.950017171766976,,
2016-01-25,1,0.24072055588150532,-1.7480663198867292,-4.01961832068154,,
2016-01-26,1,0.23255954607365462,-1.6093022439923772,-5.839567726041763,,
2016-01-27,1,0.23430189678686256,-1.680806748314819,-6.469336704798094,,
2016-01-28,1,0.23434200945272485,-1.683156989983696,-6.663708600832719,,
2016-01-29,1,0.21329654106659965,-1.4746558048894918,-7.782729189899872,,
2016-02-01,1,0.2297328547278182,-1.4731518800828176,-9.40600381682463,,
2016-02-02,1,0.21788066277398033,-1.635321497374365,-6.812009732055215,,
2016-02-03,1,0.21727845500023416,-1.550781193443755,-7.538436606111194,,
2016-02-04,1,0.21715941390634222,-1.4946047615602562,-7.847050880551087,,
2016-02-05,1,0.20622255218426905,-1.6381892481972722,-5.26207170302736,,
2016-02-08,1,0.1981537178376691,-1.8052568669825104,-4.816672255814829,,
2016-02-09,1,0.19896930063118476,-1.8299120924845778,-6.064686999027415,,
2016-02-10,1,0.1988991109770627,-1.828553457018504,-5.782066259003341,,
2016-02-11,1,0.20550369765713955,-1.924025988293063,-4.617712271839269,,
2016-02-12,0,0.19056759672423118,-1.783293954780953,-6.811763640114905,,
2016-02-16,0,0.17711536530183303,-1.6575865466337403,-9.155517064976461,,
2016-02-17,0,0.16778320896621507,-1.5451994547365746,-10.715149375747352,,
2016-02-18,0,0.170242530343954,-1.5470419634198571,-10.461271557470724,,
2016-02-19,0,0.17130426620869202,-1.5634780586929595,-10.891285292033377,,
2016-02-22,0,0.15876431990909934,-1.408644413210628,-11.23104954057524,,
2016-02-23,0,0.1528811174760335,-1.5042927541803282,-8.446619037232914,,
2016-02-24,0,0.15527203852935736,-1.456525128323748,-7.434050583892525,,
2016-02-25,0,0.1496598567441605,-1.3713020676741878,-9.046109327561897,,
2016-02-26,0,0.14970976149091333,-1.3519575503834802,-9.295293403423626,,
2016-02-29,0,0.15177530155409674,-1.400927894096002,-6.805927933172777,,
2016-03-01,0,0.1259680212804416,-1.2404436401429653,-8.81066783079444,,
2016-03-02,0,0.12364019566291938,-1.192397857145524,-9.246400959756183,,
2016-03-03,0,0.12162294760392044,-0.9914924014363039,-8.569497052441767,,
2016-03-04,0,0.12250682321926344,-0.9793566263397468,-8.691909678930134,,
2016-03-07,0,0.1273135773894309,-0.9736399164936511,-9.431288587614478,,
2016-03-08,0,0.12078229588395324,-0.9841637615884274,-7.452089526461061,,
2016-03-09,0,0.1273278844592566,-0.9639442013430141,-6.878778307058668,,
2016-03-10,0,0.12821956848204052,-0.9662136503403792,-6.069793021504671,,
2016-03-11,0,0.10590723205310316,-0.8384631712486094,-6.9060416161263065,,
2016-03-14,0,0.11200506694385866,-0.8507778185058228,-6.265973774155007,,
2016-03-15,0,0.11846410680846074,-0.9233027013880493,-6.7839207985573795,,
2016-03-16,0,0.11421124229950676,-0.8532830377132998,-6.660281020597297,,
2016-03-17,0,0.10967228525061111,-0.8221560552446835,-7.238624527152293,,
2016-03-18,0,0.11053001257244945,-0.8211693290096109,-6.230713119533106,,
2016-03-21,0,0.11138383281832533,-0.8467647452522029,-6.400423474923381,,
2016-03-22,0,0.11136269482691565,-0.8733325151310027,-6.33220554033946,,
2016-03-23,0,0.10844587384950984,-0.9375262510906,-5.012458637056459,,
2016-03-24,0,0.1105062142468599,-0.9307918002142389,-4.3269210778515985,,
2016-03-28,0,0.11109014020365532,-0.8975596326166291,-3.681103884320479,,
2016-03-29,0,0.10742020294737126,-0.8183867119551681,-4.040432920825938,,
2016-03-30,0,0.10842122851982518,-0.8338161251891352,-4.742214283714273,,
2016-03-31,0,0.11618758612358449,-0.8263619820537631,-5.355614692993152,,
2016-04-01,0,0.11746456960590411,-0.8578016636961292,-5.629230211332083,,
2016-04-04,0,0.1195645519651981,-0.9196906771466506,-4.915968068778058,,
2016-04-05,0,0.1195074471734772,-1.0162290874767252,-3.710943258803485,,
2016-04-06,0,0.11571162742993583,-0.9375393005975633,-3.978881756014056,,
2016-04-07,0,0.10676002761853953,-1.0579747300611941,-2.834196238372407,,
2016-04-08,0,0.10620322511731113,-1.0624323676717744,-2.962355210386283,,
2016-04-11,0,0.10603821899111378,-1.092004161429746,-3.48340085422132,,
2016-04-12,0,0.10832177712860155,-1.0205602846982733,-5.472944404495083,,
2016-04-13,0,0.10593363458705866,-0.9937453318170518,-5.396771074353447,,
2016-04-14,0,0.10563671554987906,-1.0539972392506645,-6.776696260577532,,
2016-04-15,0,0.10953432622640874,-1.0288017065435553,-6.1021062774067705,,
2016-04-18,0,0.11232069009429656,-1.0572500470190134,-6.989557833584261,,
2016-04-19,0,0.11441773274579635,-1.0827813167661549,-6.401172230537031,,
2016-04-20,0,0.11453964348878667,-1.1086906112387085,-6.101653036940736,,
2016-04-21,0,0.11346574125749641,-1.1564041653141142,-5.42143393913206,,
2016-04-22,0,0.11707341718180649,-1.082127753955693,-6.099088141220051,,
2016-04-25,0,0.11647358811108695,-1.13435561093241,-4.73851304296008,,
2016-04-26,0,0.12469756518611831,-1.0883879263431593,-4.875807211421812,,
2016-04-27,0,0.12551621483916284,-1.1210526367060525,-5.056434629863208,,
2016-04-28,0,0.11838238419989111,-1.1948296113001156,-5.153876268565343,,
2016-04-29,0,0.11739724346749031,-1.203029749580522,-4.358458074536537,,
2016-05-02,0,0.11354584944009469,-1.1370930435592326,-5.5252071037343065,,
2016-05-03,0,0.1075726267688097,-1.2336394246877096,-4.307769352500847,,
2016-05-04,0,0.10613483161850608,-1.2648405936163503,-3.1649688734815697,,
2016-05-05,0,0.10683361406801639,-1.2592823420332317,-3.7212893417357393,,
2016-05-06,0,0.10822894486222233,-1.2675893147266744,-4.799699994031037,,
2016-05-09,0,0.10883581840750536,-1.2988263682120795,-4.024799213120211,,
2016-05-10,0,0.10069458995663902,-1.2130044162240619,-5.9133277743424,,
2016-05-11,0,0.0942605943273427,-1.2845838357743822,-6.033749103401656,,
2016-05-12,0,0.10404974124774809,-1.3171224184199024,-5.854115475438444,,
2016-05-13,0,0.10451368172305164,-1.3491290448967146,-4.704527443045574,,
2016-05-16,0,0.09936485241477933,-1.2374459839970395,-5.905165664573495,,
2016-05-17,0,0.09593720260119085,-1.2688089135651224,-4.066575119875948,,
2016-05-18,0,0.0959294099912002,-1.2892554697931848,-4.813953934466352,,
2016-05-19,0,0.09450221953591141,-1.3286199184436094,-4.800752616813548,,
2016-05-20,0,0.09161421366840393,-1.2260761502534923,-6.624975479756059,,
2016-05-23,0,0.0916735763078242,-1.2588003432516743,-5.3144897204705925,,
2016-05-24,0,0.07734797591452583,-1.1498325425861764,-6.943658088247229,,
2016-05-25,0,0.09045117899002654,-1.0841356525436827,-7.609657909697969,,
2016-05-26,0,0.16871916395000655,-1.0888801527094394,-7.743949319075095,,
2016-05-27,0,0.18996084889346454,-1.0561929018468206,-7.615631952675492,,
2016-05-31,1,0.2022270602272069,-1.0183255149081407,-7.6897957399414505,,
2016-06-01,1,0.21333517562974233,-0.994868014162677,-6.608252351727284,,
2016-06-02,1,0.21984789159451817,-0.9965347512120781,-6.145896449834084,,
2016-06-03,1,0.2197086610030288,-1.0074630852279578,-5.790490338431747,,
2016-06-06,1,0.22237608879573723,-0.986039666147911,-5.595368053917942,,
2016-06-07,1,0.22303035873458232,-1.0164310994535686,-5.8469653813886975,,
2016-06-08,1,0.222668182376509,-1.0251137019239633,-5.839722184694568,,
2016-06-09,1,0.23185659138944073,-1.0314604029640067,-4.997678605885245,,
2016-06-10,1,0.2280205333157168,-1.1015096640318367,-4.401626170802955,,
2016-06-13,1,0.22913577814895897,-1.1770957827116837,-2.6696526864730687,,
2016-06-14,1,0.22887856293981337,-1.2056344845005327,-2.0891637107581866,,
2016-06-15,1,0.22938197944611316,-1.1870799114799513,-1.8002380927722152,,
2016-06-16,1,0.22934853614753603,-1.1680414447273866,-1.994169248917623,,
2016-06-17,1,0.22943019791706132,-1.1487135383387543,-3.0046511330935943,,
2016-06-20,1,0.22797417114346313,-1.0877206958703496,-4.263697103881515,,
2016-06-21,1,0.22847289172966243,-1.0755409747232065,-5.1333372411841705,,
2016-06-22,1,0.22874655718950448,-1.099334219103227,-4.5034261197176555,,
2016-06-23,1,0.22388705594353206,-0.9891073658507177,-6.003243318208609,,
2016-06-24,0,0.17286492661348704,-1.2850195310508559,-4.520843247567475,,
2016-06-27,0,0.14877396407502577,-1.4483176597597551,-2.8085599502791085,,
2016-06-28,0,0.13280365840628477,-1.3112667537281766,-4.236568394508924,,
2016-06-29,0,0.11442333214873332,-1.1697075655923606,-6.879085318831259,,
2016-06-30,0,0.10036722066986183,-1.0431138436957186,-6.663919355460029,,
2016-07-01,0,0.10080959039223504,-1.0217951056723962,-8.459325849272217,,
2016-07-05,0,0.0983522481475825,-1.129737885371932,-8.911533118604558,,
2016-07-06,0,0.09833655070008498,-1.0619715625623385,-7.908929983341594,,
2016-07-07,0,0.09836710501252471,-1.0837039272227291,-6.057550437298959,,
2016-07-08,0,0.08042148335178761,-0.9520650100012156,-7.2760413238774975,,
2016-07-11,0,0.0792532198410902,-0.9658677923721587,-7.747875761571619,,
2016-07-12,0,0.06962691914071475,-0.9789933542037396,-9.703411691371436,,
2016-07-13,0,0.07018885970699808,-0.9683427184350071,-8.795455622323715,,
2016-07-14,0,0.07238891573740193,-0.9903220541479086,-9.391543306480925,,
2016-07-15,0,0.0723544805260249,-0.9969778330315974,-6.667774330520617,,
2016-07-18,0,0.07387600005452971,-0.9811306130152281,-6.501713398773296,,
2016-07-19,0,0.07699002890095334,-0.9969765371524436,-5.2833876057657,,
2016-07-20,0,0.07531656130630396,-0.9775268062056083,-5.973755590957828,,
2016-07-21,0,0.07646331527064175,-1.0244374702406498,-4.879066888749347,,
2016-07-22,0,0.07284621874837156,-0.9940564076884383,-5.768180057153727,,
2016-07-25,0,0.07249822307767338,-1.0176005337889695,-4.748366295164687,,
2016-07-26,0,0.07184370841125647,-0.9967810737868994,-5.1569656710834595,,
2016-07-27,0,0.07352179713213036,-1.0270900342663123,-4.2398226314454295,,
2016-07-28,0,0.07274033213719673,-1.0162924602683923,-4.785420644365515,,
2016-07-29,0,0.07325187566975633,-1.0108044518702741,-4.082685162329176,,
2016-08-01,0,0.07501191298577148,-1.0293212600334045,-3.843719710761372,,
2016-08-02,0,0.06761449927978955,-1.1169483326907155,-2.5135444690429556,,
2016-08-03,0,0.06559677570861015,-1.0864271596200115,-3.4074504283225444,,
2016-08-04,0,0.06560934689623929,-1.0904373362150188,-3.405312003326472,,
2016-08-05,0,0.06051920916795022,-1.0249386294636662,-4.289189895969905,,
2016-08-08,0,0.06063436631474423,-1.028574437993448,-4.621470864690158,,
2016-08-09,0,0.06081812591452104,-1.0164262411880522,-5.451809533833918,,
2016-08-10,0,0.06084104491437274,-1.046345546991389,-4.533070282059678,,
2016-08-11,0,0.1113332871238793,-1.0351311446791587,-5.662891606245813,,
2016-08-12,0,0.12388597295716598,-1.0511952490528245,-4.870084326745842,,
2016-08-15,0,0.13690612318228126,-1.0456801705527916,-5.548836392958347,,
2016-08-16,0,0.1349990988909245,-1.1098195346933006,-4.977187826714552,,
2016-08-17,0,0.13923119223779884,-1.0971961219738706,-5.53026663563792,,
2016-08-18,0,0.13887657211653887,-1.0637756612463634,-4.738147737452809,,
2016-08-19,0,0.13914093907445188,-1.0568334927834946,-4.893397647849532,,
2016-08-22,0,0.13926977812073824,-1.0565078984774783,-3.94702806885862,,
2016-08-23,0,0.1464853603151505,-1.0356880823918801,-5.047877287926471,,
2016-08-24,0,0.14710397253739507,-1.0885123278802498,-4.13564149653555,,
2016-08-25,0,0.14835107055588134,-1.0870132839539266,-4.055736194169141,,
2016-08-26,0,0.15027615285886237,-1.0988430793451487,-3.830906505579802,,
2016-08-29,0,0.14975912602014485,-1.05370600982465,-4.981570052396142,,
2016-08-30,0,0.15156276176220096,-1.0652188119255623,-4.185745271519344,,
2016-08-31,0,0.1545531105727104,-1.0802247656668444,-4.306231052239792,,
2016-09-01,0,0.15728718151091814,-1.0970545923143094,-3.727162106554978,,
2016-09-02,0,0.15668913351319452,-1.0408879494045804,-4.379157676788064,,
2016-09-06,0,0.15817739594647873,-1.0297849646815058,-3.4311716900131346,,
2016-09-07,0,0.15897458425047417,-1.010387956200973,-3.668796342354886,,
2016-09-08,0,0.15872074641864348,-1.0332383072345221,-4.093206999248641,,
2016-09-09,0,0.12763457944914905,-1.2424286253406618,-2.2056467275282072,,
2016-09-12,0,0.11666472464507846,-1.1605760238667535,-3.0783860353718846,,
2016-09-13,0,0.11235680229610565,-1.2810717472416036,-1.3594617842990155,,
2016-09-14,0,0.1123587323352871,-1.2914917541351363,-0.8933763296908622,,
2016-09-15,0,0.10747207640287229,-1.2201748120795883,-1.9975342513635077,,
2016-09-16,0,0.10646494730724156,-1.245748485293376,-3.5861282279709776,,
2016-09-19,0,0.10665691100068053,-1.2159579156909623,-1.894728731369865,,
2016-09-20,0,0.10948792727245722,-1.2221844273330922,-3.4441717665886067,,
2016-09-21,0,0.099987807756627,-1.128032449944045,-4.75891892256127,,
2016-09-22,0,0.096290511136814,-1.0543539412041087,-4.367469107882114,,
2016-09-23,0,0.09451379979796175,-1.152142395040955,-4.112583354172677,,
2016-09-26,0,0.09171855761355947,-1.236471790869906,-3.0585422701921736,,
2016-09-27,0,0.09295871412988888,-1.1788460667226823,-3.875611286050439,,
2016-09-28,0,0.08979620484342404,-1.0924287386140699,-3.632276823178652,,
2016-09-29,0,0.08636328545851718,-1.1430054987488298,-2.27874287802903,,
2016-09-30,0,0.08123236541259468,-1.0717613779189472,-4.042433988099213,,
2016-10-03,0,0.08043076896307952,-1.1110652251656248,-4.765298583451496,,
2016-10-04,0,0.08459675933987262,-1.1279034153186012,-4.024010281460478,,
2016-10-05,0,0.08693039390882096,-1.0792073487991347,-3.808503813976382,,
2016-10-06,0,0.08739267661938907,-1.0498093849059653,-4.494168497586493,,
2016-10-07,0,0.0854606753060135,-1.0823799494175215,-2.8185290586769343,,
2016-10-10,0,0.11434423482767213,-1.0317786672966711,-3.63979543784137,,
2016-10-11,0,0.10273712623005561,-1.1377800134439757,-2.5775082607723734,,
2016-10-12,0,0.11071400726830734,-1.1189552745669529,-2.196647197954425,,
2016-10-13,0,0.1115590742562994,-1.1514845517199128,-1.6866104602141285,,
2016-10-14,0,0.11153338315929791,-1.1497947679746956,-2.574518854756133,,
2016-10-17,0,0.11361679200711429,-1.1734903361127031,-1.443285850377453,,
2016-10-18,0,0.11364389902714553,-1.1167108446259602,-3.778673086308413,,
2016-10-19,0,0.1133069293097591,-1.08207735817264,-4.34880970052924,,
2016-10-20,0,0.11488437807644111,-1.0848148440693746,-5.036077667939821,,
2016-10-21,0,0.11513155541572254,-1.0943060505049054,-4.610992342113388,,
2016-10-24,0,0.11781786423556351,-1.0682386045278347,-5.612046058162378,,
2016-10-25,0,0.11614166239458573,-1.1175165108593619,-4.465850505515603,,
2016-10-26,0,0.11641707205154095,-1.1188945847576774,-3.9582885526515716,,
2016-10-27,0,0.11519391135605345,-1.1527465343927945,-3.8514921304366543,,
2016-10-28,0,0.11724526271992126,-1.1649300012183865,-3.915667562774537,,
2016-10-31,0,0.11700574566773536,-1.1663774237216795,-3.7291815345971773,,
2016-11-01,0,0.11206667434776074,-1.2112172620121269,-3.64351738750703,,
2016-11-02,0,0.11021740410075893,-1.2622944138522847,-2.7749529476840507,,
2016-11-03,0,0.10996326257438749,-1.2701646735451024,-2.738586589237717,,
2016-11-04,0,0.11304725097787945,-1.2582107735796035,-3.0223103884838056,,
2016-11-07,0,0.08359830146834227,-1.1086789694875006,-5.250811687342651,,
2016-11-08,0,0.09614142169129712,-1.0917487441012235,-6.1117127683693,,
2016-11-09,0,0.08787038226925732,-0.9826870726532079,-8.082549873861115,,
2016-11-10,0,0.08671423664517453,-0.93959714703317,-8.998014780430465,,
2016-11-11,0,0.08758447491790824,-0.9227117985155721,-9.633289919030322,,
2016-11-14,0,0.0855185730289527,-0.877013004480567,-7.991323658066491,,
2016-11-15,0,0.089849641016052,-0.8347183059704776,-8.495765938795337,,
2016-11-16,0,0.08977077529582267,-0.8459904258354618,-7.562093630446175,,
2016-11-17,0,0.08802346153732092,-0.830353142539257,-7.825143889979505,,
2016-11-18,0,0.08763227855145166,-0.8451180688157105,-7.4383343759675,,
2016-11-21,0,0.08427935851688433,-0.8305140975043475,-7.970077780588521,,
2016-11-22,0,0.0839826704676077,-0.8589347542311264,-7.423815696373231,,
2016-11-23,0,0.08449035627163201,-0.8548253200008047,-8.106587231463248,,
2016-11-25,0,0.08369527686567681,-0.8884345385328337,-7.961009115956648,,
2016-11-28,0,0.08153968096059533,-0.9270293722193667,-7.182884599349026,,
2016-11-29,0,0.08928819529047137,-0.9179772503725322,-6.306611057909467,,
2016-11-30,0,0.08909745286974383,-0.9176354554425511,-6.324149670804702,,
2016-12-01,0,0.08855845262245851,-0.9587107817292833,-5.923975448737753,,
2016-12-02,0,0.09273735284217728,-0.9289399922617962,-5.269406477513556,,
2016-12-05,0,0.09584376820545337,-0.864475933225689,-6.502184732146076,,
2016-12-06,0,0.09511011958061329,-0.8456602235150272,-6.961920582890548,,
2016-12-07,0,0.08212794247878051,-0.8963726351518111,-7.952649955009682,,
2016-12-08,0,0.08303675023470765,-0.9481197660509786,-8.006013739104311,,
2016-12-09,0,0.08266088141824184,-0.9340366049430374,-8.161487120272144,,
2016-12-12,0,0.08233480134674039,-0.991559574809032,-7.0877586347228565,,
2016-12-13,0,0.0812309439187969,-0.9769366371909459,-6.929690777169504,,
2016-12-14,0,0.07237597351613465,-1.0433347920468359,-5.229479770608723,,
2016-12-15,0,0.07197458389832112,-1.020217365815108,-5.239220129226908,,
2016-12-16,0,0.07211980398730003,-1.0352538610545623,-4.4770624890679205,,
2016-12-19,0,0.07401476990568245,-1.0269764707301476,-4.938523565488423,,
2016-12-20,0,0.07386545551692766,-0.9751293240527419,-4.820494937823758,,
2016-12-21,0,0.07399577167743215,-0.9767791955953271,-4.823731713993125,,
2016-12-22,0,0.08093665140419877,-1.0072564859191124,-4.22155509740908,,
2016-12-23,0,0.08469543059277938,-1.003437241916049,-4.913298126679825,,
2016-12-27,0,0.08447180439271693,-0.970916002090095,-5.428151193705211,,
2016-12-28,0,0.07659177128624105,-1.043568207182427,-2.4869604565954533,,
2016-12-29,0,0.07944361188938244,-1.0548357368908943,-2.3288656807184385,,
2016-12-30,0,0.07838113334155002,-1.072422605848678,-1.4567607283032473,,
2017-01-03,0,0.07356298377269592,-1.0128632373461315,-1.913991298740389,,
2017-01-04,0,0.06458870321030293,-0.9477164878635144,-1.8289769972267742,,
2017-01-05,0,0.0688370667223286,-0.9638814902844557,-3.950148622755598,,
2017-01-06,0,0.06857857137340516,-0.9452644875154812,-4.2179080635727795,,
2017-01-09,0,0.06594827602892747,-0.9914136900029479,-4.542559017589288,,
2017-01-10,0,0.06632429609129044,-0.9778999997189965,-3.8681317481749167,,
2017-01-11,0,0.07051302127165802,-0.9722050005175662,-3.447248131701866,,
2017-01-12,0,0.0725211530272367,-0.9909614373223868,-3.0777944248254245,,
2017-01-13,0,0.07363467297878445,-0.9751226878978704,-3.1118488851735604,,
2017-01-17,0,0.07379968476981975,-1.0098379299803935,-3.1368557850158227,,
2017-01-18,0,0.07484295845398183,-0.9867533465541706,-3.163549829821788,,
2017-01-19,0,0.07323403930122867,-1.0022579683270296,-2.393282791105962,,
2017-01-20,0,0.07230993731484713,-0.9713973453837644,-3.5063339099523376,,
2017-01-23,0,0.07595972030171859,-0.9862843298649377,-2.7638154380542086,,
2017-01-24,0,0.06796435312434902,-0.9525204281499687,-4.076327833020252,,
2017-01-25,0,0.06322928358703112,-0.9665748665166255,-4.671216231274957,,
2017-01-26,0,0.06362965963749777,-0.9881721543905462,-5.288476647694745,,
2017-01-27,0,0.06347827195541875,-1.0028747109819374,-4.988895644989454,,
2017-01-30,0,0.06186497766531885,-1.0667968845241633,-4.679872152997447,,
2017-01-31,0,0.07561852572034143,-1.0665300248728857,-3.7693795427847094,,
2017-02-01,0,0.07903562633767154,-1.0732199362395989,-3.1318739189273717,,
2017-02-02,0,0.07880848637580515,-1.09046167809424,-3.2518874512662683,,
2017-02-03,0,0.07593692839950412,-1.0343518653117152,-4.086389557616676,,
2017-02-06,0,0.07691814022713467,-1.050943666475781,-4.813085296215071,,
2017-02-07,0,0.07736393916170668,-1.0671182834720563,-4.68604140996576,,
2017-02-08,0,0.0769258742254712,-1.0246646316890227,-4.709793477533393,,
2017-02-09,0,0.07366881747224817,-1.007066987633196,-5.274191968402688,,
2017-02-10,0,0.07158695945266001,-1.0059959162441732,-4.7894543889634855,,
2017-02-13,0,0.07173967179192696,-1.0092997711740452,-5.582492851191333,,
2017-02-14,0,0.08130261806041086,-1.0134239167569858,-6.201572303170367,,
2017-02-15,0,0.08025609820020418,-1.0212891629407679,-6.75062212993185,,
2017-02-16,0,0.079890681572435,-1.0346879024265454,-5.860923149626894,,
2017-02-17,0,0.08033380925288795,-1.024223698675202,-5.736507031994766,,
2017-02-21,0,0.08924469253828661,-1.0343307661288659,-6.090722144648131,,
2017-02-22,0,0.08912805970944047,-1.0589863023889714,-5.481346762685031,,
2017-02-23,0,0.08885382929633152,-1.0611068135375448,-4.809320982453322,,
2017-02-24,0,0.08811585972114548,-1.0406045781823274,-5.095774773086659,,
2017-02-27,0,0.08791652399716937,-1.0279117502274453,-5.172295554669312,,
2017-02-28,0,0.09109417284791022,-1.054295918180504,-3.666584849126655,,
2017-03-01,0,0.08048163763523002,-1.0512131906572837,-4.920538201984056,,
2017-03-02,0,0.07716257954449258,-1.107322913658542,-4.337281744718052,,
2017-03-03,0,0.0771891791118738,-1.1096776949646048,-4.093838516630405,,
2017-03-06,0,0.0767507463905869,-1.1491766092232383,-3.141100169141545,,
2017-03-07,0,0.07540498991839405,-1.1708140205429947,-3.0866116816187246,,
2017-03-08,0,0.07574185638152568,-1.1765553352262368,-1.8593228272091635,,
2017-03-09,0,0.07788438973664062,-1.1773016912641305,-2.505758864227067,,
2017-03-10,0,0.0768168573605127,-1.1239568269386873,-2.9560857935203098,,
2017-03-13,0,0.07699962778790177,-1.1029174646555624,-3.4689054684730145,,
2017-03-14,0,0.07543954996127553,-1.1364827200157748,-3.4239892734292283,,
2017-03-15,0,0.06794679732445301,-1.0613399436283604,-4.203087210355026,,
2017-03-16,0,0.0716969828738616,-1.0663540099562454,-3.9690128209537114,,
2017-03-17,0,0.07781251230987989,-1.0875127451409214,-3.136398746702463,,
2017-03-20,0,0.0778192687312712,-1.1064150843221061,-2.6769887293100756,,
2017-03-21,0,0.06256916391888627,-1.223494049299347,-1.6758096427408071,,
2017-03-22,0,0.0685285971135376,-1.2018592989748003,-1.1805757771106162,,
2017-03-23,0,0.06943868989034786,-1.1930280533571909,-1.126802857182928,,
2017-03-24,0,0.07742951917949945,-1.1971694700143394,-1.4739644772819034,,
2017-03-27,0,0.07974530526198487,-1.2087276739520734,-1.4923670059631895,,
2017-03-28,0,0.07445605427767862,-1.1480396532348274,-3.974574185791221,,
2017-03-29,0,0.07386671355861807,-1.1226104197048408,-3.972797893817324,,
2017-03-30,0,0.07503762768072786,-1.1224694830661481,-4.375092620645919,,
2017-03-31,0,0.07501079022939323,-1.1254310672056118,-4.037707410428219,,
2017-04-03,0,0.07395080648341673,-1.1613083248735823,-3.8844578084976416,,
2017-04-04,0,0.07498716677432032,-1.1656004346046414,-2.91634364652026,,
2017-04-05,0,0.0741220411814034,-1.1739617263610393,-1.8900256939352484,,
2017-04-06,0,0.07526090835140449,-1.129362209973619,-1.9720322845719713,,
2017-04-07,0,0.07554503642520102,-1.1387088717704514,-1.6813805496112086,,
2017-04-10,0,0.0751563379099756,-1.1359033740550784,-2.045653444312213,,
2017-04-11,0,0.07601115080182162,-1.1334456262681547,-1.8338543623330017,,
2017-04-12,0,0.07447525640738066,-1.168118006016144,-1.9654319304782204,,
2017-04-13,0,0.07208226514566517,-1.208206018932829,-0.0319366082041939,,
2017-04-17,0,0.06868214176577372,-1.151709101288637,-1.763358039986282,,
2017-04-18,0,0.06855954475079164,-1.1709098250085381,-1.4258418471971424,,
2017-04-19,0,0.0884365548359966,-1.162273596158158,-1.6234847889897825,,
2017-04-20,0,0.08405271626380169,-1.1067890497873307,-3.215296304219764,,
2017-04-21,0,0.08813009666922383,-1.1245274053036813,-3.869222047686975,,
2017-04-24,0,0.08352622616704469,-1.0502374610299186,-3.5674571161994413,,
2017-04-25,0,0.08122384606781684,-0.9927663046387201,-4.776936107113571,,
2017-04-26,0,0.08143514159610532,-0.9785512106928366,-4.966990064808568,,
2017-04-27,0,0.08271083788685195,-0.9773008548344251,-4.0103983092761535,,
2017-04-28,0,0.08128409033329353,-1.009874163725032,-4.30406400328579,,
2017-05-01,0,0.08161961509635347,-1.0142066554511442,-3.5617395706270867,,
2017-05-02,0,0.08156060203541399,-1.0034485655841008,-2.8448585776230866,,
2017-05-03,0,0.08915885877905014,-1.0371251370101986,-2.9410524134704454,,
2017-05-04,0,0.08925232725001116,-1.0240589381639051,-2.9134804676075854,,
2017-05-05,0,0.0869206931145929,-0.9578027740214357,-4.121239744722631,,
2017-05-08,0,0.08766898943920774,-0.9824748437829435,-3.85701207473236,,
2017-05-09,0,0.0876795287001907,-0.9871332445275343,-4.105649904405503,,
2017-05-10,0,0.08698608680293413,-0.9482504141954011,-4.651798776487587,,
2017-05-11,0,0.08694594325241277,-0.9730732900722974,-4.45380911189268,,
2017-05-12,0,0.08560604594109918,-1.001629174595636,-3.2547418382043447,,
2017-05-15,0,0.08515964051503261,-0.9432107346278552,-4.123110431248372,,
2017-05-16,0,0.08489517567998207,-0.955238344436967,-4.004377924850649,,
2017-05-17,0,0.0643131116658917,-1.0765670538356598,-2.4031098409599374,,
2017-05-18,0,0.06355725514852227,-1.054775912453163,-3.2766838962889646,,
2017-05-19,0,0.06106863141285665,-0.9918924842094934,-5.00012586422425,,
2017-05-22,0,0.06506167694715198,-0.935479008313236,-4.783414146847789,,
2017-05-23,0,0.06575554050331876,-0.9457494686314712,-5.116132232791544,,
2017-05-24,0,0.06548995508992814,-0.9336810037632546,-6.288645825742317,,
2017-05-25,0,0.06467286203181458,-0.8880330485392371,-6.123697492387101,,
2017-05-26,0,0.06553648013083067,-0.8867011482590843,-5.021540642511539,,
2017-05-30,0,0.06933465028889342,-0.903944736384195,-4.457269452268786,,
2017-05-31,0,0.07450100488713675,-0.8721488978599637,-3.983024983066859,,
2017-06-01,0,0.06881097853701906,-0.903043567302162,-4.971680519542603,,
2017-06-02,0,0.06944274063350833,-0.9071036561791778,-4.5439182283158495,,
2017-06-05,0,0.0704451975701779,-0.9333335287712972,-4.34510296026632,,
2017-06-06,0,0.06945057519255629,-0.9701235765363208,-4.103306938949428,,
2017-06-07,0,0.07965935939688303,-0.9755958584867126,-4.366690073853997,,
2017-06-08,0,0.08284737453882686,-0.9659306783860343,-3.35872868421981,,
2017-06-09,0,0.0814236931861999,-0.92153995216981,-3.7264040544220713,,
2017-06-12,0,0.08140020787265434,-0.9255498042139189,-3.8785853864269333,,
2017-06-13,0,0.08320061278936994,-0.9467393321067653,-4.605138953669959,,
2017-06-14,0,0.08335416167292575,-0.9380079167992957,-4.268651859555727,,
2017-06-15,0,0.08482614401795406,-0.9637265843297245,-3.5978529004687303,,
2017-06-16,0,0.08494441570718628,-0.96709601918478,-3.331445344045118,,
2017-06-19,0,0.08227284093576888,-0.9359021995719099,-3.8898640580319284,,
2017-06-20,0,0.08065891965493259,-1.024073228353563,-2.6882965174384292,,
2017-06-21,0,0.0802080221403029,-1.0450570136921506,-2.690850649015119,,
2017-06-22,0,0.08025108718395335,-1.037509858046466,-3.1384600743044024,,
2017-06-23,0,0.07983642287226664,-1.01217596788589,-3.2525329837091843,,
2017-06-26,0,0.08072572983933031,-0.9962396129466128,-2.8815087263104924,,
2017-06-27,0,0.07730614757164829,-1.034014711515121,-3.2050517835573706,,
2017-06-28,0,0.07232617837861317,-0.9757188169657084,-4.333083327022171,,
2017-06-29,0,0.06772118843803727,-1.0270324727536349,-4.07488169918187,,
2017-06-30,0,0.06695312996138704,-1.0008062579997659,-4.073161767778736,,
2017-07-03,0,0.0652001242922397,-0.9829002807555577,-4.112646484334215,,
2017-07-05,0,0.06521167466742837,-0.988738361511803,-4.864547292724863,,
2017-07-06,0,0.05298828906131848,-1.0884949589540118,-2.489686561229429,,
2017-07-07,0,0.04799026419523104,-1.02489416574751,-3.2958647887414014,,
2017-07-10,0,0.04805869657143111,-1.0231136491582977,-3.20398676508345,,
2017-07-11,0,0.04888278692103107,-1.029149635589002,-2.957098824366134,,
2017-07-12,0,0.04206402436163226,-0.9680069827756298,-3.731394035751322,,
2017-07-13,0,0.06667471136338858,-0.9498518683913806,-5.545494540972981,,
2017-07-14,0,0.0644326867660013,-0.9565792463772586,-5.446733287215228,,
2017-07-17,0,0.07191463891357297,-0.9531627434977716,-5.156974959919054,,
2017-07-18,0,0.0719949167401303,-0.9750399472530539,-4.8907816955009125,,
2017-07-19,0,0.06807075093058475,-0.9713597446113348,-5.051434545095036,,
2017-07-20,0,0.08656794294558498,-0.9654869938667208,-4.581105980323529,,
2017-07-21,0,0.08688404735675649,-0.967927115619873,-3.8165716561420155,,
2017-07-24,0,0.08670326037384658,-0.9606178107471517,-3.639415019348498,,
2017-07-25,0,0.09122225689238209,-0.9483513333936983,-4.326808410624548,,
2017-07-26,0,0.09173093608410963,-0.9526099744595153,-3.606577145963143,,
2017-07-27,0,0.09179118235786445,-0.9629592673140004,-3.819529565245947,,
2017-07-28,0,0.09256101339396569,-0.9654245188941384,-3.8996534478588534,,
2017-07-31,0,0.09259657163665824,-0.9783189864195352,-4.215213666484001,,
2017-08-01,0,0.09263563111580374,-0.9706634342899879,-4.281348304442271,,
2017-08-02,0,0.09364867762245907,-0.9845476090796873,-3.9963671207841442,,
2017-08-03,0,0.09533212622621597,-1.0062752843501008,-3.813085217142487,,
2017-08-04,0,0.09608994305185876,-0.9885845819228323,-4.383180564936777,,
2017-08-07,0,0.099275663130978,-0.9819102643989683,-4.369322410956444,,
2017-08-08,0,0.09973506280900532,-1.0087086433121675,-3.911648851306679,,
2017-08-09,0,0.0996071826007535,-1.0132466643471583,-3.8221466651214473,,
2017-08-10,0,0.08467800227119786,-1.1305722244936993,-2.652350621173369,,
2017-08-11,0,0.09215644508377556,-1.1351144033740754,-2.3183334115490037,,
2017-08-14,0,0.08737335384636268,-1.056091186818669,-3.3592814363099355,,
2017-08-15,0,0.08691098128878594,-1.0804048932225105,-3.71957052789454,,
2017-08-16,0,0.08687773838283719,-1.081238286071528,-3.95260438517371,,
2017-08-17,0,0.06833094392482364,-1.1762232889492386,-3.3336910349770688,,
2017-08-18,0,0.06798052314410401,-1.1826305318573165,-3.2852723644677826,,
2017-08-21,0,0.06807309907018164,-1.1614063395793528,-2.1501668157338467,,
2017-08-22,0,0.06002343255078535,-1.0995276626086516,-3.0864392760195085,,
2017-08-23,0,0.05952422470424496,-1.119441092312665,-2.6920007926861667,,
2017-08-24,0,0.059767145652402626,-1.12209006541971,-4.526187001689375,,
2017-08-25,0,0.05861522925594692,-1.0990360312505054,-5.079233298049119,,
2017-08-28,0,0.058568496702069914,-1.104049030568076,-4.898389095182551,,
2017-08-29,0,0.05993676310109182,-1.1077137050504446,-3.4114838823835356,,
2017-08-30,0,0.05793878069620998,-1.0578100671775097,-3.9122546566619087,,
2017-08-31,0,0.05584251128063623,-1.010916105038475,-4.618495991604637,,
2017-09-01,0,0.05616578993578217,-0.9829895705388857,-4.919610456620905,,
2017-09-05,0,0.05065863644805395,-1.0309182948639695,-4.55560467486376,,
2017-09-06,0,0.04984546182108636,-1.0092569910314195,-5.199619100689919,,
2017-09-07,0,0.05150288909316544,-1.01110841543517,-4.635109354287683,,
2017-09-08,0,0.052096668325577154,-1.0051447233452095,-3.5428612438443428,,
2017-09-11,0,0.03934416711744819,-0.9180269461398864,-3.8759132922191277,,
2017-09-12,0,0.03797542351656812,-0.8890707451749256,-5.038206927619131,,
2017-09-13,0,0.03797643704536332,-0.8824729580385557,-4.901275291744514,,
2017-09-14,0,0.03701585909662736,-0.8624638671561237,-5.462130680051803,,
2017-09-15,0,0.03721369998534663,-0.8718905729098827,-6.640193683141124,,
2017-09-18,0,0.037014702097086453,-0.8620673684070845,-5.844551904069602,,
2017-09-19,0,0.036772075982467387,-0.8958876377036868,-5.545282775834319,,
2017-09-20,0,0.036518878721364584,-0.8900549075015194,-5.563924999135252,,
2017-09-21,0,0.03608904670647986,-0.9069667409943459,-5.38998389378646,,
2017-09-22,0,0.041879183145801004,-0.8825559949998856,-5.2760869547315465,,
2017-09-25,0,0.04371382844170552,-0.8909784975462064,-4.922117679328659,,
2017-09-26,0,0.043733241319096124,-0.8978383538521121,-4.764353075445962,,
2017-09-27,0,0.047725818013759004,-0.8962726769159419,-5.110646284085124,,
2017-09-28,0,0.04808710141317804,-0.9106307822641332,-5.4204327865598065,,
2017-09-29,0,0.04651340313410268,-0.9157075973847696,-5.624763774242544,,
2017-10-02,0,0.046945696394422406,-0.9223277410406036,-6.196580407215536,,
2017-10-03,0,0.046780474683585226,-0.9207919986431606,-6.721894531213348,,
2017-10-04,0,0.04573149129406867,-0.9510095130636306,-6.119082343754911,,
2017-10-05,0,0.04380932011504741,-0.954170220236788,-6.5402139384052065,,
2017-10-06,0,0.04333287819718313,-0.9691939016074451,-5.788158654061098,,
2017-10-09,0,0.043686146175697035,-0.9954424688492894,-4.999905051293454,,
2017-10-10,0,0.04303737758506701,-0.9668235772874355,-4.685688939259275,,
2017-10-11,0,0.04354711328597148,-0.9662455057404333,-4.534453783508049,,
2017-10-12,0,0.04434274958910075,-0.9591464671367961,-3.204714539165471,,
2017-10-13,0,0.04420352460445353,-0.9439557092298124,-3.095645266354614,,
2017-10-16,0,0.04468126889936532,-0.9469575091273541,-3.587547017380893,,
2017-10-17,0,0.04484713874029857,-0.9400285814445424,-3.104481520413208,,
2017-10-18,0,0.0485552456466835,-0.9345754187718505,-3.200122709827372,,
2017-10-19,0,0.056556833618159094,-0.9288855187943698,-3.7251239868218793,,
2017-10-20,0,0.05244534222603266,-0.9461738001489232,-4.323543689247137,,
2017-10-23,0,0.05082584324473323,-0.9746745397947211,-3.5145082191120545,,
2017-10-24,0,0.05216627936019162,-0.9619747328153347,-4.028817425675149,,
2017-10-25,0,0.046714646279237985,-1.0152164391063627,-3.0290961626871464,,
2017-10-26,0,0.04632109408552876,-0.9896955185270286,-3.1773344723878263,,
2017-10-27,0,0.04632001894102202,-0.9835738491880566,-2.7194732863394213,,
2017-10-30,0,0.0597493158005943,-1.01808330047783,-2.8611090846171567,,
2017-10-31,0,0.06241679822747569,-0.998958223698996,-2.850449965862517,,
2017-11-01,0,0.06744131085027318,-1.0006899892360865,-4.101054745058874,,
2017-11-02,0,0.06777467414839602,-0.9999425634120548,-4.143316400917903,,
2017-11-03,0,0.06811972974112267,-0.9841886162295377,-4.507629110944673,,
2017-11-06,0,0.07075955722264526,-0.9549491495430515,-5.296267297692434,,
2017-11-07,0,0.07096825259485233,-0.9682178214694084,-5.414452347532492,,
2017-11-08,0,0.07229212938158402,-0.9713778610916458,-5.309509688552544,,
2017-11-09,0,0.07545763051990377,-0.9977203469388048,-5.1600097926287045,,
2017-11-10,0,0.07555459557166906,-0.977482305726171,-4.986421035092303,,
2017-11-13,0,0.07527849333219241,-0.9633592309492552,-4.781991512640666,,
2017-11-14,0,0.07523507199450274,-0.967447014889979,-4.458041524392465,,
2017-11-15,0,0.07561263317907652,-1.0269454205802646,-4.140059248718332,,
2017-11-16,0,0.0766888588391642,-0.9670885651175244,-4.964527805801623,,
2017-11-17,0,0.08027016984706317,-0.9379791402318856,-5.089372385324966,,
2017-11-20,0,0.08093215522654067,-0.9316108870448354,-5.206931561623271,,
2017-11-21,0,0.08000419200499458,-0.9538955728629731,-5.864046600740914,,
2017-11-22,0,0.08037850733046219,-0.9515373787279365,-5.956526951128695,,
2017-11-24,0,0.08041280691660856,-0.9443418378252962,-5.571438798308874,,
2017-11-27,0,0.08049575060893685,-0.94764480699627,-5.027691886985165,,
2017-11-28,0,0.06936566496366384,-0.9811096480581442,-5.846982822262799,,
2017-11-29,0,0.0673627466053161,-0.9951612673517704,-5.9538802838811495,,
2017-11-30,0,0.06488103020081079,-1.0074146629576628,-6.436064832475497,,
2017-12-01,0,0.07013905962923446,-1.0231998603430223,-5.778425079112276,,
2017-12-04,0,0.07215556001722011,-1.0313544717566219,-6.351101013479783,,
2017-12-05,0,0.06875931617770574,-1.076302992392015,-4.726349412579396,,
2017-12-06,0,0.07100391552877007,-1.0925584534580457,-4.17682104934207,,
2017-12-07,0,0.0702252192326625,-1.0570896784766197,-4.192585786984246,,
2017-12-08,0,0.06630294234788262,-1.0018280878907568,-4.999110470608454,,
2017-12-11,0,0.06694425466340784,-1.0107308897271237,-5.033464803551838,,
2017-12-12,0,0.07409789887969837,-1.017500592652307,-5.780416091171178,,
2017-12-13,0,0.07712724240494757,-1.0120346072824378,-5.881943417985374,,
2017-12-14,0,0.07761048784034419,-1.059293131513096,-4.866847834691582,,
2017-12-15,0,0.0763761375523822,-1.0125265492634574,-5.066529424700645,,
2017-12-18,0,0.07274420272579234,-1.0229749210890071,-5.455202664466156,,
2017-12-19,0,0.07521486948956632,-1.036204535283317,-4.885058001752809,,
2017-12-20,0,0.07929747727533962,-1.0490319375063613,-4.768104726981638,,
2017-12-21,0,0.07969241444506465,-1.0250147496369608,-5.684474702205976,,
2017-12-22,0,0.07963883393510182,-1.0150160966939883,-4.651750494423276,,
2017-12-26,0,0.07951124991570808,-1.0142335337135018,-3.824023172356404,,
2017-12-27,0,0.08630792938515819,-1.0103532489566833,-4.102083837582743,,
2017-12-28,0,0.08994369822125747,-1.0158344895619207,-4.269319503849466,,
2017-12-29,0,0.09677230549217022,-1.0592161293714608,-2.865513967047037,,
2018-01-02,0,0.09275531274517851,-1.0086080839354366,-3.7378240735836883,,
2018-01-03,0,0.091364732656463,-1.009488780685647,-4.1033877628637265,,
2018-01-04,0,0.1154578675790132,-1.0131662254033755,-4.569800703406865,,
2018-01-05,0,0.17280668696150397,-1.0239880895308868,-4.473018591303217,,
2018-01-08,0,0.17885850145047194,-1.0389890107555597,-5.65417548553119,,
2018-01-09,0,0.179148943253028,-1.0396935465717319,-4.903757933260484,,
