claim_id,feature,family,horizon,orientation,diagnostic_survivor,discovery_ic_n,discovery_ic_mean,discovery_ic_hac_t,discovery_ic_bonferroni_lb,discovery_spread_n,discovery_spread_mean,discovery_spread_hac_t,discovery_spread_bonferroni_lb,validation_ic_n,validation_ic_mean,validation_ic_hac_t,validation_ic_bonferroni_lb,validation_spread_n,validation_spread_mean,validation_spread_hac_t,validation_spread_bonferroni_lb,diagnostic_holdout_ic_n,diagnostic_holdout_ic_mean,diagnostic_holdout_ic_hac_t,diagnostic_holdout_ic_bonferroni_lb,diagnostic_holdout_spread_n,diagnostic_holdout_spread_mean,diagnostic_holdout_spread_hac_t,diagnostic_holdout_spread_bonferroni_lb
mom252_over_vol63:future_63d_return,mom252_over_vol63,mom_vol,63,1,False,23,0.06111436300904908,1.2083288131276504,-0.11493391799707142,23,0.02481007969324954,1.5039241141065514,-0.03261159668961922,12,-0.1465985086153029,-2.295760119529493,-0.36886637248729226,12,-0.04473350182574735,-2.4376521115245064,-0.10860907382909843,10,0.1517636084025462,3.664376978117195,0.007604818232087057,10,0.044695510196431865,3.5368368653273756,0.0007086967567475969
sma_dist_63:future_63d_return,sma_dist_63,trend,63,1,False,24,0.006975382802505332,0.2034200768753609,-0.11238160857973478,24,0.005730819936114098,0.5590367049117968,-0.029951252492263467,12,-0.09161344248390973,-1.6689921110759869,-0.2826773034415824,12,-0.019704318080126352,-1.0501088598799477,-0.08501748128733541,10,0.13825082028179286,3.3337484260483583,-0.006096432900829701,10,0.03722552220412711,3.157414628924508,-0.003812158951256771
mom_252:future_63d_return,mom_252,momentum,63,1,False,23,0.06730468460035152,1.4313997059357595,-0.09636113913406488,23,0.028784669668115773,1.8141812492793636,-0.026442680594755606,12,-0.14926657860598425,-2.4577087578463437,-0.3606669724805275,12,-0.05161063218781672,-2.854087623589602,-0.11455335231851896,10,0.13668444064573537,3.3296605871855727,-0.006202568313418727,10,0.03623045205771516,2.8395091038958973,-0.008181935231068464
sma_dist_252:future_63d_return,sma_dist_252,trend,63,1,False,24,0.0404774888822256,0.8233463429141467,-0.13064403229923413,24,0.020019735005773236,1.2803197778499922,-0.0344071527454088,12,-0.11135932851692286,-1.8993366110604564,-0.31543831781338016,12,-0.03753798512398332,-1.8230397033895542,-0.10920980987010562,10,0.12604222756792607,2.633610733931667,-0.040543625524404325,10,0.036242693278650415,2.234630818009367,-0.02021047371597489
mom_42:future_63d_return,mom_42,momentum,63,1,False,24,0.006130491163917599,0.17781445630952653,-0.11387519804421566,24,0.005865894305773083,0.5328791934563449,-0.032450011856005954,12,-0.09248278618532664,-1.4985714142137492,-0.3072940706213476,12,-0.02505640805620668,-1.047857945785587,-0.1082883510522282,10,0.12304925387410473,2.7228690448016866,-0.0342497096181007,10,0.03472558946225262,3.1103744418335073,-0.004135107272441103
dist_high_63:future_63d_return,dist_high_63,breakout,63,1,False,24,0.016938949368317965,0.5304949792680036,-0.09420320805233312,24,0.008655657049457222,0.878189156288837,-0.025651568783349267,12,-0.1091285482451911,-1.999032469482114,-0.29914541840631653,12,-0.03909633312763825,-1.9774020203483933,-0.10791633559557573,10,0.12179722165000122,2.2665721267656505,-0.06524578231333746,10,0.02955546639313315,1.728461088190013,-0.029963014893053055
sma_dist_126:future_63d_return,sma_dist_126,trend,63,1,False,24,0.010511592789770728,0.26658475622322253,-0.12673666716788917,24,0.00800302915781274,0.7196187778794215,-0.030707182208981287,12,-0.0703919015179737,-1.5582683863296554,-0.22762865493752424,12,-0.02095475783324823,-1.2408541399754736,-0.0797355646821862,10,0.12094885112761636,3.1096100188766744,-0.014435806628552011,10,0.03655741520421811,2.8184008058711623,-0.008591399979680094
sma_dist_42:future_63d_return,sma_dist_42,trend,63,1,False,24,0.00758287056824571,0.2456485492247641,-0.09986382666260066,24,0.00693790543859402,0.8024398126553196,-0.023156761360432068,12,-0.08409511398949344,-1.623722314083504,-0.2643689231588752,12,-0.018733195081307327,-1.0680311080952363,-0.07978543247298601,10,0.11908881541999934,3.034961721200171,-0.017492530586318403,10,0.034763628464366994,3.106859842874989,-0.0041836458045893254
lowvol21_x_mom63:future_63d_return,lowvol21_x_mom63,interaction,63,1,False,24,0.0011109979848690614,0.03169473367588899,-0.12090022919860995,24,0.0039803512754843645,0.3827111255661859,-0.032220930234671055,12,-0.09124296234164535,-1.752516567545816,-0.27246494414975864,12,-0.02765518959838865,-1.303767105218023,-0.10148814482692511,10,0.11817997063026733,2.893676070260223,-0.023976815287985537,10,0.033746421159657605,2.931148265615105,-0.006327659347694005
dist_low_252:future_63d_return,dist_low_252,breakout,63,1,False,24,0.02785062815109203,0.6836108757242543,-0.1139570225818992,24,0.012820966453963962,1.1011943384490437,-0.027704724186070534,12,-0.03631977718447802,-1.5893869485703345,-0.11586006606945748,12,8.902015394209675e-05,0.012249575658944488,-0.025206343504111443,10,0.11644667371011519,2.9924941481475114,-0.018999708209199023,10,0.03527726324196105,3.075743086899147,-0.004645303919218274
mom_252_skip_21:future_63d_return,mom_252_skip_21,momentum,63,1,False,23,0.06486516840985095,1.4225468982991225,-0.09385005611564019,23,0.02927616312893917,1.8788216254496894,-0.024961658559615307,12,-0.13285063867182104,-2.1064541770629974,-0.35237628343242866,12,-0.04806282896037179,-2.4307843430894653,-0.11688629336617937,10,0.11618734898528857,2.609638439147722,-0.03878425666619545,10,0.03108181124814017,2.2824378921918385,-0.016318476808220128
dist_high_252:future_63d_return,dist_high_252,breakout,63,1,False,24,0.04221491573560158,0.8487501728533722,-0.13091004259182026,24,0.018481693859257516,1.2606758393700945,-0.03254670872829449,12,-0.12218212605950918,-1.8932224028153104,-0.34681828985403007,12,-0.04627063125508307,-2.175616696489588,-0.12029874307006545,10,0.1146735823775408,1.9392577322778235,-0.09115300767612622,10,0.03214396399818279,1.507510150153845,-0.042074646427976946
mom_63_skip_5:future_63d_return,mom_63_skip_5,momentum,63,1,False,24,0.0013502995112620725,0.03804344477220668,-0.12219434003843441,24,0.0048688633543218255,0.46588467784004234,-0.03150779402152162,12,-0.07128307336076518,-1.3546498285983033,-0.25444407104730576,12,-0.022999362436986106,-1.119464037100625,-0.09451142128414662,10,0.11078499576908137,2.87786435243157,-0.023208666302894462,10,0.03029056912066903,2.7558249718776464,-0.00796806251740088
residual_mom_63:future_63d_return,residual_mom_63,market,63,1,False,24,0.00310017389312908,0.08713654897875585,-0.12073936599646344,24,0.004472720913404411,0.4216723151586803,-0.032448014464556516,12,-0.09904424731889346,-1.774027853484007,-0.29337541156292735,12,-0.025111033493003948,-1.2423412217319203,-0.09546641502713397,10,0.10977406788496451,2.5625305997167835,-0.03933509391937044,10,0.03200596246982015,2.8226173769106944,-0.007462709322324332
dist_high_126:future_63d_return,dist_high_126,breakout,63,1,False,24,0.0337110666854577,0.824610706356034,-0.10858639605459969,24,0.013294598298912953,1.1147716905440308,-0.028216375261573376,12,-0.09848763888514356,-1.8119538657521774,-0.2876820142375732,12,-0.03752698947367515,-2.0416362019851073,-0.1015062179078708,10,0.10652457835535237,1.9532788211114767,-0.0833029589747698,10,0.027869407208413115,1.4929477198964545,-0.03710715984294037
residual_mom_21:future_63d_return,residual_mom_21,market,63,1,False,24,0.0058594667046753856,0.2063532130898438,-0.09297774524352195,24,0.006061070959347278,0.6866654710400459,-0.024662931409652998,12,-0.07545643473021164,-1.5019194523624957,-0.2503296398299799,12,-0.016221853081227307,-0.8307339078078169,-0.08419105293229238,10,0.09447666005194286,2.3323750716454725,-0.04651706069857159,10,0.029406647026601517,2.7627668685897575,-0.007642217331772842
mom_63:future_21d_return,mom_63,momentum,21,1,False,24,0.006896692050049095,0.2565515567250155,-0.08667399342329103,24,0.00011109699397020278,0.02359666675969226,-0.016276877511223958,12,-0.09561732104784981,-1.862198346863123,-0.27434189309162327,12,-0.013073005272345324,-1.236623970344094,-0.049869920031410345,12,0.07928938991382838,2.7101957847836666,-0.022543493632366907,12,0.012331774740300833,3.0305872152661775,-0.0018317852747463895
lowvol21_x_mom63:future_21d_return,lowvol21_x_mom63,interaction,21,1,False,24,0.00810039188619538,0.3019061595440124,-0.08529118044268424,24,-0.0005800027497820277,-0.12347364866869977,-0.016930441143800237,12,-0.09814545437238843,-1.8667593115493466,-0.28114731045025076,12,-0.014222293938189126,-1.2534424835678473,-0.053716998608590485,12,0.07852795049032299,2.6800961217850756,-0.023459685090195193,12,0.012561562161803949,2.9115689548374597,-0.0024556806449127586
mom126_over_vol63:future_63d_return,mom126_over_vol63,mom_vol,63,1,False,24,0.011086268774629607,0.24741290153959142,-0.14488215808374405,24,0.010749528266344113,0.7841745662549015,-0.03696496155124037,12,-0.0747070387731008,-1.3463364181127375,-0.267851189195569,12,-0.018499893448877362,-1.0832175374515896,-0.07794651462655637,10,0.07845254484009694,1.912522620136227,-0.06432966072146519,10,0.02178265739268991,1.7112559357701376,-0.02252405479362204
mom_63_skip_5:future_21d_return,mom_63_skip_5,momentum,21,1,False,24,0.015209932258588238,0.5672718479288039,-0.07811757784446569,24,0.002451744007845182,0.49406411097893754,-0.014821163429644141,12,-0.0704953753566542,-1.3794656148172006,-0.24837384265138446,12,-0.009028034859586968,-0.788912488378779,-0.048860577275978194,12,0.0780069021230005,2.7518868011328586,-0.020661046004832248,12,0.012648505971879847,2.8315758733054923,-0.0028998565431734655
overnight_63:future_63d_return,overnight_63,session,63,1,False,24,0.02008442351512132,0.796249382583054,-0.06771342890025413,24,0.01156372902193815,1.8251069905696253,-0.010490059637691786,12,-0.055329791491699205,-2.5532329234626223,-0.13075946510905556,12,-0.01422016809788531,-1.6004052931410506,-0.045147922079783714,10,0.07785895647449945,2.9021081795241095,-0.015524213490160324,10,0.01844185438909638,2.293449721295967,-0.009547249612972226
mom_126:future_63d_return,mom_126,momentum,63,1,False,24,0.016700696859760184,0.3813087441116095,-0.13575071803525313,24,0.009751530365677037,0.7445317029216687,-0.03583780000039103,12,-0.05972444608398226,-1.2769414051975787,-0.22252459286964252,12,-0.018726588492441017,-1.1015417649866388,-0.07790064334764785,10,0.07652741683057677,1.9032845349702892,-0.0634271151097895,10,0.025824003026326793,1.717173392131033,-0.026521941961903425
mom63_over_vol21:future_21d_return,mom63_over_vol21,mom_vol,21,1,False,24,0.005929215009032975,0.23213151969865703,-0.08297794047863599,24,1.861407544308478e-06,0.00040156346906015163,-0.016132838907985683,12,-0.09910450776713346,-1.909282772063893,-0.27977897629394,12,-0.009863991312896959,-0.9864531634661211,-0.04466964880011223,12,0.07383202971291548,2.362179108023102,-0.03496213809436294,12,0.012945976378833402,2.5214528923738433,-0.004925382759950954
dist_high_21:future_63d_return,dist_high_21,breakout,63,1,False,24,0.01011929636352818,0.4965853773593081,-0.06081071332006874,22,0.003750357179658322,0.6266532007245773,-0.017081068809369798,12,-0.08889079338063115,-2.204751940416136,-0.2292273059266418,12,-0.031386870586673325,-2.483341979716545,-0.07538002646261915,10,0.07276971168901772,1.7202643739131838,-0.07447140069174762,10,0.018080524030811125,1.6885281827880625,-0.019190929567473987
downvol_42:future_63d_return,downvol_42,volatility,63,-1,False,24,0.057020652246276136,1.642063272336888,-0.06384862473582678,24,0.01862758851085376,1.656880418267402,-0.02050504730995088,12,-0.1464545764809816,-2.3601526846210823,-0.36244598600025013,12,-0.06038929893431061,-3.2283693289725925,-0.12549970533458338,10,0.07089730694014595,1.1533580472930143,-0.1430659595077796,10,0.02169889990723319,1.4364878579884193,-0.030879744875143316
sma_dist_126:future_21d_return,sma_dist_126,trend,21,1,False,24,0.011055840384620534,0.35910117408444836,-0.09610807330157625,24,0.0020875964843661186,0.3604953507655877,-0.018069153990269152,12,-0.08889183116034054,-2.177070450424876,-0.23101438422013504,12,-0.013927863274702808,-1.6009108523686033,-0.04421031105782172,12,0.06761630989028254,2.3075148936920438,-0.03437908972002707,12,0.013249564109033328,2.4607022649579204,-0.005492445350653385
dist_low_252:future_21d_return,dist_low_252,breakout,21,1,False,24,0.02081586900931517,0.7252567627713534,-0.07908663874440931,24,0.003599421077658299,0.7512512355595222,-0.013077700203435842,12,-0.042725692711347935,-1.573698946178118,-0.13722771223441457,12,-0.001833241634046792,-0.37547158816700354,-0.018828049655537752,12,0.0660119545479715,2.2764602875922697,-0.03492173395457908,12,0.011573825194440326,2.055833747294832,-0.008021954970829326
mom_10:future_63d_return,mom_10,momentum,63,1,False,24,0.002166351012873611,0.15002775881006422,-0.048094615503783786,24,0.007138875142954658,1.6411455189073707,-0.008002186443230088,12,-0.05760271533728014,-1.7534736124389065,-0.1719477610201145,12,-0.0002799275220525139,-0.024423529498748313,-0.04017422351997521,10,0.06450589017639226,2.4492620116610135,-0.0271663316114531,10,0.019525731990540453,2.4626478092421253,-0.008072333969422314
reversal_10:future_63d_return,reversal_10,reversal,63,-1,False,24,0.002166351012873611,0.15002775881006422,-0.048094615503783786,24,0.007138875142954658,1.6411455189073707,-0.008002186443230088,12,-0.05760271533728014,-1.7534736124389065,-0.1719477610201145,12,-0.0002799275220525139,-0.024423529498748313,-0.04017422351997521,10,0.06450589017639226,2.4492620116610135,-0.0271663316114531,10,0.019525731990540453,2.4626478092421253,-0.008072333969422314
residual_mom_63:future_21d_return,residual_mom_63,market,21,1,False,24,0.012194987995320594,0.44431952469634456,-0.08333937456650296,24,0.0017555108901180227,0.34100133268464805,-0.01616379084859033,12,-0.09639752505315337,-1.8385324573990294,-0.27889977098389634,12,-0.012260644745949756,-1.0833117390488225,-0.05165495405007463,12,0.0641347192627272,1.793290045469559,-0.060350070790425106,12,0.010354412254980955,2.0210181733869055,-0.007478770664580263
sma_dist_252:future_21d_return,sma_dist_252,trend,21,1,False,24,0.03728416145297504,0.9816794154301997,-0.09491488613655825,24,0.007323064763304847,0.9810060392388509,-0.018660266179380106,12,-0.09617968133065115,-2.2096567713621535,-0.24768648822413497,12,-0.015807064502949324,-1.8174507539699452,-0.04608053457214982,12,0.06376907188873199,1.9892189786894343,-0.04781472444230729,12,0.009929536702029064,1.4633210748498005,-0.013689543937075587
downvol_5:future_63d_return,downvol_5,volatility,63,-1,False,24,0.03161376998359616,1.2574120238133024,-0.055899177444899084,24,0.008755118394998538,1.1849596897236951,-0.01696257874565836,12,-0.07186895901698527,-2.0793367212748053,-0.1921757553201359,12,-0.033260533607951066,-2.8385533817630813,-0.07404603234531881,10,0.06319032438503877,1.9461097736893587,-0.04983008652372892,10,0.015882846284304166,1.6314129842965874,-0.018004538121414202
downvol_21:future_63d_return,downvol_21,volatility,63,-1,False,24,0.0554854211539773,1.7718516141295684,-0.053514245347120605,24,0.018755578894565958,2.002826359331284,-0.013840158149897024,12,-0.10319444139741646,-2.0455030897610187,-0.278796577901134,12,-0.04333585427109176,-3.0409094255403444,-0.0929399467261358,10,0.06206692406825868,1.0617435819711265,-0.1414095528486872,10,0.011615869781240983,0.7653257471219393,-0.04121393933618899
residual_mom_126:future_63d_return,residual_mom_126,market,63,1,False,24,0.017357669069927834,0.39045422887278236,-0.13737959156647647,24,0.011086639919570119,0.8346553685127716,-0.035147883164473176,12,-0.10165704908254887,-1.6476093441861763,-0.316418773935354,12,-0.033089432436857885,-1.7321593272849352,-0.09958230757629892,10,0.05908659592713409,1.3001724755169566,-0.09909706897672146,10,0.021195438791225367,1.4255404121251973,-0.0305576779131274
mom252_over_vol63:future_21d_return,mom252_over_vol63,mom_vol,21,1,False,23,0.05034956938693918,1.1442602170753267,-0.1028101607901758,23,0.009009419083390424,1.1127499951632192,-0.01917264634933116,12,-0.11417379542713713,-2.506901431240502,-0.27270063844101355,12,-0.02035768444888322,-2.6702131844009096,-0.04689494407184788,12,0.057772236615799354,1.374432740100891,-0.08853618337941183,12,0.00956640852478031,1.3240371752315692,-0.01558268725751734
mom_252:future_21d_return,mom_252,momentum,21,1,False,23,0.050386878922014836,1.1775778296985258,-0.09854973238266841,23,0.009409280804465521,1.1742534660251822,-0.01848198404425425,12,-0.11153577580014191,-2.489052014377245,-0.26751036519706317,12,-0.022321002875394052,-2.6250238803214674,-0.05191843789013538,12,0.05562231585010774,1.4410503731272648,-0.07872949844468219,12,0.007802629507090183,1.0899403165064458,-0.017115296930017166
mom_252_skip_21:future_21d_return,mom_252_skip_21,momentum,21,1,False,23,0.0556558922164639,1.4245482625061094,-0.08033430788476296,23,0.012517607820033472,1.661482223888987,-0.013706412491596005,12,-0.09734983978907213,-1.991976835728833,-0.26745778092078376,12,-0.020269858451192824,-2.1527908237343722,-0.05304333501999056,12,0.054030941784451454,1.335710241347985,-0.08676946598908747,12,0.00992373296885061,1.282663308819951,-0.01700624690102452
dist_high_126:future_21d_return,dist_high_126,breakout,21,1,False,24,0.011865254257207634,0.334781011324113,-0.11149914918259196,24,0.004368661769040943,0.6074916808862982,-0.02066254097735179,12,-0.11140514678091314,-2.8963465269022914,-0.24528905001314477,12,-0.02015050991707688,-2.4448754987423293,-0.04883868503306463,12,0.052934108520559235,1.2134596928753294,-0.09890508179049909,12,0.006449307902853391,0.8240373697238,-0.020792745202070754
downvol_63:future_63d_return,downvol_63,volatility,63,-1,False,24,0.05150283832822133,1.2794074757271792,-0.08861580077154957,24,0.01627369635300115,1.2921116389739826,-0.027565219027464217,12,-0.159673719749491,-2.307869255711949,-0.4004955606090915,12,-0.06499461322687074,-3.083469368140377,-0.13836340312792805,10,0.052865016999984804,0.976780256458614,-0.1355194689392706,10,0.013017468165723267,0.8285121986682688,-0.041671691220277154
mom126_over_vol63:future_21d_return,mom126_over_vol63,mom_vol,21,1,False,24,0.030674146129783576,0.8545847060320303,-0.09426283183796268,24,0.006724990375727837,0.9829126801826008,-0.017089997253827288,12,-0.06344786847337636,-1.5183793588602328,-0.20889674674092648,12,-0.009889002034715124,-1.302909939769533,-0.036307717645263256,12,0.05228254135953723,1.8101760124339557,-0.048250660617884376,12,0.0064277736812609265,1.0546214509898166,-0.01478696112783905
mom_126:future_21d_return,mom_126,momentum,21,1,False,24,0.0311970156255799,0.8650028415033058,-0.09433923318778546,24,0.006314734247536337,0.9806973575587927,-0.016097941288340134,12,-0.047013996261654846,-1.2443089390261193,-0.17852817529644063,12,-0.008232606760588424,-1.108039780129236,-0.03409422221905154,12,0.05195976755017038,2.035110996279426,-0.03690973096821174,12,0.01021135860710608,1.6790602370671663,-0.010957180248202894
overnight_5:future_63d_return,overnight_5,session,63,1,False,24,0.05289089766880919,2.417880192609832,-0.023250315347048946,24,0.018117470423951034,2.584654493067596,-0.006281342406879397,12,-0.04331240788361152,-1.7445143995455583,-0.12973183851015727,12,-0.009912599413531014,-1.3222675379707198,-0.03600667107569937,10,0.050758298615019404,2.3415652336455097,-0.024694338979400487,10,0.009170644737416153,1.3939605946602716,-0.013728697269826883
minret_21:future_63d_return,minret_21,distribution,63,1,False,24,0.05617991270452697,1.9445181797629367,-0.044384120574778814,24,0.01739648719280828,2.1054715083579514,-0.011363310301065091,12,-0.10408291170706598,-2.1470207157811934,-0.27282243939045686,12,-0.04428195987079441,-2.809223348852647,-0.09914933646447935,10,0.04932656574399034,0.9049643599545397,-0.1403977672965122,10,0.009813076207504526,0.6910301982398495,-0.039615918274374246
dist_high_252:future_21d_return,dist_high_252,breakout,21,1,False,24,0.02422151711838513,0.5960603286454393,-0.11722255620955427,24,0.006776996156586286,0.8517622752685587,-0.02091743626803595,12,-0.11589073715033332,-2.772520092923849,-0.26138559815061,12,-0.022335941886743163,-2.8022786825881023,-0.0500797823735797,12,0.047269568647959205,1.0022723985447886,-0.11689124635698064,12,0.006033157542011784,0.64065428293708,-0.026745756627597848
downvol_10:future_63d_return,downvol_10,volatility,63,-1,False,24,0.047826989755897054,1.8643788371748922,-0.04146500260854122,24,0.016065548185357482,2.0378392865374804,-0.011375408569643083,12,-0.09060855729773937,-2.377211161098783,-0.22327927720000645,12,-0.04053195896238684,-2.65714067230975,-0.0936273321992091,10,0.04685743967168561,1.024216154843686,-0.11238563851758517,10,0.013566653788373637,1.0133861050296293,-0.033031791587043335
overnight_21:future_63d_return,overnight_21,session,63,1,False,24,0.014084383008389377,0.7380651625505161,-0.05233835152131591,24,0.006467651493576573,1.1993309615020256,-0.01230307992250567,12,-0.03714871702136557,-1.8763332915669937,-0.10606271821002256,12,-0.007746213145125425,-1.0915112917451166,-0.03244836805478122,10,0.04682904158484415,2.814735275070566,-0.011080662339890406,10,0.012953864231463077,2.5116713057013396,-0.004998025326038734
vol_42:future_63d_return,vol_42,volatility,63,-1,False,24,0.05321569158744157,1.2021605249188945,-0.10086594348970301,24,0.017175269694807697,1.206871847353736,-0.03236017196592843,12,-0.12672865883508297,-1.8864264957063508,-0.36056315588992627,12,-0.05298427133912542,-2.7971173489672783,-0.1189183451674442,10,0.0465407841362271,0.8328748714189446,-0.14796278177095257,10,0.010260158610294026,0.5733405681493914,-0.05202936837654158
mom_126_skip_21:future_21d_return,mom_126_skip_21,momentum,21,1,False,24,0.041932200261097875,1.283009588799952,-0.07182827033964304,24,0.009154774870355693,1.4963269226822427,-0.012141066818583514,12,-0.027774788318743162,-0.6795667145387928,-0.1700378954596502,12,-0.003598716460635136,-0.4726016115660445,-0.030103609929521432,12,0.0458047612483087,1.487380871167088,-0.061387161920300214,12,0.008812782506940717,1.5339834084520305,-0.011184271556440101
range_21:future_63d_return,range_21,range,63,-1,False,24,0.049690362450679114,1.1305060594135885,-0.10330310971540949,24,0.020791515668556294,1.3811232188258906,-0.03160800982846296,12,-0.1011892159633783,-2.0938229574247513,-0.2694054494640859,12,-0.045914948263302384,-3.188191490118565,-0.09604328927357611,10,0.04511381665596647,0.7559252158465956,-0.16261864544200982,10,0.012007424416702312,0.7377354625658119,-0.044645565115316525
residual_mom_126:future_21d_return,residual_mom_126,market,21,1,False,24,0.03264937641459525,0.9150974641567956,-0.09153906307335569,24,0.006511994054035406,0.9994522240699291,-0.016167094013172158,12,-0.08006740473704245,-1.908577571517485,-0.2260898331554254,12,-0.015358969979631541,-1.9141271619768352,-0.04328858415717234,12,0.04417521637495414,1.341120767592577,-0.0704775211160328,12,0.009378566074183513,1.4814140415500878,-0.012657477199809529
mom_126_skip_21:future_63d_return,mom_126_skip_21,momentum,63,1,False,24,0.015514699813932277,0.3924656244079445,-0.12208433403857516,24,0.011194071663948415,0.8933727224399846,-0.03242024032061833,12,-0.038993472769488384,-0.7580404667271683,-0.21804299060868296,12,-0.011797027806137372,-0.7591474477707072,-0.06588741592381683,10,0.04133677604368631,0.9264899157857922,-0.11396253752418394,10,0.014808529638166146,1.0088204480887595,-0.03628568090708131
overnight_63:future_21d_return,overnight_63,session,21,1,False,24,0.030018329907862056,1.8425223197030658,-0.02669007083021305,24,0.006788184436199195,2.263339813740398,-0.003651262750096771,12,-0.04174482207409194,-1.8843206663477978,-0.11885672737645121,12,-0.0051674902896301994,-1.4234500351127677,-0.017803532634876548,12,0.03915457310531792,2.3072316794199343,-0.01991514768234169,12,0.005856685221405473,1.6249918204876397,-0.006688420751207731
downvol_10:future_21d_return,downvol_10,volatility,21,-1,False,24,0.019849828018703018,0.7398958448961519,-0.07353144514004742,24,0.006097328626837268,0.9707331388231675,-0.015765853764357084,12,-0.0904500763525536,-3.5581959362731337,-0.17893162379300076,12,-0.01673314151307623,-4.106234237879257,-0.03091742475468528,12,0.0387070814548229,1.8182088863668922,-0.035393272293112545,12,0.005215512024917116,1.3409472280714387,-0.008322624676244658
vol_21:future_63d_return,vol_21,volatility,63,-1,False,24,0.05833153547348608,1.5637935066630013,-0.07150521395000511,24,0.018061993961996422,1.4846349818692754,-0.02428471208107724,12,-0.10898755449417215,-2.006249709299921,-0.2980762439734104,12,-0.04718083053057573,-2.827613972414608,-0.10525982562460484,10,0.03862886712384579,0.7303859702538279,-0.14546239709805425,10,0.010249730316673962,0.639644307963443,-0.04552629082259917
vol_5:future_63d_return,vol_5,volatility,63,-1,False,24,0.04883664807391397,1.6595914283369793,-0.05359125836593752,24,0.017446521782413082,1.9890047236096442,-0.01308487500456542,12,-0.08675771647701847,-2.4612928335994972,-0.20945034091057918,12,-0.042393059199123596,-3.3922276877403013,-0.08589247194210324,10,0.03856948345323432,1.104660517279524,-0.08296195036029158,10,0.006743921407455436,0.5777008445952403,-0.03388947535666907
range_5:future_63d_return,range_5,range,63,-1,False,24,0.039460012444445976,1.1346022266685778,-0.08159623775777441,24,0.0175634054465643,1.4879857080636973,-0.023521623568809383,12,-0.09051376121841735,-2.463659900709396,-0.2183951923980027,12,-0.04629242095201152,-3.2949739071947155,-0.09519497533933649,10,0.03819398749255576,0.7444071927960051,-0.14039639672027554,10,0.013677776428053323,0.9008111308334599,-0.039173488692431216
volume_z_5:future_63d_return,volume_z_5,volume,63,-1,False,24,8.798888874853028e-06,0.0004702190656233548,-0.06512422323066554,24,-0.0012962776473658159,-0.23083057519714573,-0.020843197369875936,12,0.05572462419140456,2.39131348596972,-0.025387218179761264,12,0.014325909194358786,1.8015062923047724,-0.013353705575430247,10,0.03736719959924685,1.416170450970824,-0.05447634877333703,10,0.007138524909531355,0.9577115523431895,-0.018806099268430444
vol_63:future_63d_return,vol_63,volatility,63,-1,False,24,0.050291083055181485,0.987424789032483,-0.1269892641369864,24,0.015807802365483528,0.9689512108945294,-0.04097845137323619,12,-0.13412157698358143,-1.8843829931119236,-0.38186555458956606,12,-0.056671522366322585,-2.5534312931862737,-0.13392434093520605,10,0.03716673924998491,0.6771525450637735,-0.15388085647435523,10,0.00818126860487894,0.4387365348049426,-0.05672557373221929
range_63:future_63d_return,range_63,range,63,-1,False,24,0.04536752699013528,0.9173379581002078,-0.12677547518901833,24,0.018729964901493812,1.0978568738100167,-0.04065340905125402,12,-0.1026265670923962,-1.8298328261605992,-0.29784553767587363,12,-0.043609101417838726,-2.4629735600247082,-0.10523893842120638,10,0.034626036293317904,0.5756836631443704,-0.17473338329970678,10,0.006639617198642858,0.36711541857481694,-0.05631303724529916
downvol_63:future_21d_return,downvol_63,volatility,21,-1,False,24,0.042559539137502676,1.322547909522265,-0.06945106354259106,24,0.007160713650304584,1.1520034373485835,-0.014475246009115515,12,-0.12595269643447785,-3.3531095341101813,-0.25670018627910307,12,-0.024167224519866626,-4.117482792318355,-0.04459723619586814,12,0.03372990333619681,0.673107940491924,-0.14069320177476624,12,0.0041632175299737015,0.558925930626255,-0.021763556101562297
mom_42:future_21d_return,mom_42,momentum,21,1,False,24,0.011013327809305177,0.3699587611518296,-0.09260554902456752,24,0.0025539995586943164,0.4490871868052361,-0.017241377779644535,12,-0.07544524004212529,-1.7725838737222068,-0.22359422545663543,12,-0.01155125714536616,-1.679740204280203,-0.035487763626862796,12,0.033615066576360444,0.7826547406176135,-0.11588362319821309,12,0.006811162080387993,1.381394762098433,-0.010351199239367347
minret_63:future_63d_return,minret_63,distribution,63,1,False,24,0.039253824608342716,1.2855482207826414,-0.06703001538436552,24,0.009999751058753165,1.1074858587889873,-0.021428819575713978,12,-0.16217316369276163,-2.63594217927892,-0.3763225037557103,12,-0.06419151589626416,-3.8347557331389095,-0.12245729489484566,10,0.031246382500882824,0.6865961650260309,-0.1271597542395937,10,0.00790635164672818,0.6060665665900797,-0.037501340587805035
alphabetical_ticker:future_63d_return,alphabetical_ticker,placebo,63,-1,False,24,0.018578610438261867,1.9090062236073622,-0.015296406032158275,24,-0.001005194827038634,-0.3214413771909474,-0.011890035983477577,12,0.030293223606247397,1.4951608084758883,-0.0402298475430181,12,0.019862368180979976,3.2486644334154144,-0.0014190127275259638,10,0.031167276512031848,1.786930120927464,-0.029543378065203726,10,0.013925045122371655,2.1956494060826843,-0.008150287057815338
mom_5:future_21d_return,mom_5,momentum,21,-1,False,24,0.02692544433538178,1.3136988341937665,-0.04441580250965031,24,0.0034884681624202034,0.9867067650454469,-0.008817627557054078,12,0.09208370832625773,2.6868648375416493,-0.027208097131970713,12,0.013777914743967794,2.1227287248116373,-0.008814498701541116,12,0.030965378235527943,1.1292427105092755,-0.06448171883513525,12,0.007139055571508304,1.3124735031889856,-0.011794136863335962
reversal_5:future_21d_return,reversal_5,reversal,21,1,False,24,0.02692544433538178,1.3136988341937665,-0.04441580250965031,24,0.0034884681624202034,0.9867067650454469,-0.008817627557054078,12,0.09208370832625773,2.6868648375416493,-0.027208097131970713,12,0.013777914743967794,2.1227287248116373,-0.008814498701541116,12,0.030965378235527943,1.1292427105092755,-0.06448171883513525,12,0.007139055571508304,1.3124735031889856,-0.011794136863335962
volume_z_63:future_21d_return,volume_z_63,volume,21,-1,False,24,0.0005109089923627299,0.027277116326407197,-0.06468475633839743,24,0.00039837202747486887,0.1115339425362231,-0.012034040513624056,12,0.02012637933893619,0.5720232935660896,-0.10234245115845356,12,0.008249583075151574,1.560949691477972,-0.010146134146735222,12,0.030934750149984952,1.7359082476982601,-0.031094063783116174,12,0.007697276089710115,2.3013876910318545,-0.003944544690719548
downvol_42:future_21d_return,downvol_42,volatility,21,-1,False,24,0.04114158171613638,1.451639783182136,-0.057508114787399256,24,0.0072916371356673655,1.2897238733313638,-0.01238731367152001,12,-0.10659379286157038,-2.355499925521237,-0.26410898662001003,12,-0.02110069581099672,-3.081082724039276,-0.044938543950303125,12,0.030741123762868038,0.5706610455332696,-0.15676486469024628,12,0.004410630260167705,0.5218882002349452,-0.025006263086665412
mom_1:future_21d_return,mom_1,momentum,21,-1,False,24,0.057245174437638824,3.266908706861379,-0.003747196461259379,24,0.008057584475991164,2.3729938735252025,-0.003761446782906538,12,0.07844965739541708,4.405727213066789,0.016470298667079254,12,0.01290110207691964,2.316902227936289,-0.0064806366671278145,12,0.03071556239171953,1.7866367113949058,-0.029125025135781992,12,0.007029320070451706,2.4182986943395854,-0.003088268344368225
reversal_1:future_21d_return,reversal_1,reversal,21,1,False,24,0.057245174437638824,3.266908706861379,-0.003747196461259379,24,0.008057584475991164,2.3729938735252025,-0.003761446782906538,12,0.07844965739541708,4.405727213066789,0.016470298667079254,12,0.01290110207691964,2.316902227936289,-0.0064806366671278145,12,0.03071556239171953,1.7866367113949058,-0.029125025135781992,12,0.007029320070451706,2.4182986943395854,-0.003088268344368225
reversal5_x_amihud21:future_21d_return,reversal5_x_amihud21,interaction,21,1,False,24,0.033563775813022986,1.6871877981118422,-0.03568004384117586,24,0.0049462590932411055,1.3320100367113288,-0.007979111243203286,12,0.08283866029389671,2.874438950294012,-0.01747350577800777,12,0.014548174235011058,2.6470888085052615,-0.004581765976044419,12,0.03033418126725308,1.2359906955195132,-0.05509194378315513,12,0.007487845581563966,1.5486240170741354,-0.009342170081002622
intraday_5:future_21d_return,intraday_5,session,21,-1,False,24,0.03531223599662155,1.789297072461839,-0.03338138312829757,24,0.00643755313600454,2.219836347849631,-0.0036566839135749804,12,0.05545075539201607,2.027107360782974,-0.03976401995271265,12,0.008381055612157328,1.4554836094324488,-0.011662050890824267,12,0.02978976351279826,1.2254498383484174,-0.0548248056733877,12,0.005200562500027471,1.2316063142104585,-0.009497227710457152
volume_ratio_21_63:future_63d_return,volume_ratio_21_63,volume,63,-1,False,24,0.013707698168967672,0.9263753848615194,-0.03779751124202284,24,0.0027578842295868135,0.664643634647762,-0.011685228882701123,12,-0.017208853638502827,-2.065807484948901,-0.04620469567610562,12,-0.0113314398199049,-1.6516194081779059,-0.03521223313603035,10,0.028094871199562083,1.400441618848775,-0.0417341038472859,10,0.00977995520377774,1.342095255877396,-0.015584594414210418
vol_10:future_63d_return,vol_10,volatility,63,-1,False,24,0.048457583300573065,1.528174015919809,-0.06191534651991547,24,0.014020745013107414,1.347392999619296,-0.0221994209012683,12,-0.08834361465649083,-2.108674149211345,-0.23417107814281685,12,-0.04077949670556847,-2.7101619364810143,-0.09315404023864945,10,0.027927148172746247,0.5671097136654424,-0.1434816595324222,10,0.0047872288212986265,0.36765709332515134,-0.040535376620912715
clv21_x_volumez21:future_21d_return,clv21_x_volumez21,interaction,21,-1,False,24,0.003513085134937212,0.21210620924395526,-0.05413819073309714,24,0.0008029869282270274,0.24618451612242398,-0.01055029368038212,12,0.023619835238648676,0.7259742455812381,-0.08962783611738623,12,0.007686772662286304,1.394360676000877,-0.01150179427990838,12,0.02616290464985321,1.4119604838874709,-0.038333728900080036,12,0.0035234526891399012,1.2502810557367274,-0.006285766171580963
efficiency_63:future_21d_return,efficiency_63,path,21,1,False,24,0.007205478390903401,0.5504710668391289,-0.03835643497092105,24,0.0016658581423938442,0.7791912458162329,-0.005775763447945779,12,-0.016167426215075314,-0.4438913127410894,-0.14294366788651897,12,-0.0008156500731951178,-0.1420028670936501,-0.020808762001752384,12,0.0251066838373776,1.1426496077648993,-0.05137367371491673,12,0.003390985957841273,0.9411475475730782,-0.009150295289972523
volume_ratio_10_63:future_63d_return,volume_ratio_10_63,volume,63,-1,False,24,0.0038345793616447,0.2591768689904107,-0.04766398500874497,24,-0.001241598797854517,-0.2883287029750129,-0.016230404708153474,12,-0.015971399376759125,-1.5919273674620762,-0.05089293650420615,12,-0.012215269524095481,-2.388092691152258,-0.030019594198903495,10,0.02477345757903249,2.231935508270905,-0.013861337560196477,10,0.00849878409979562,2.8023325305116127,-0.0020574924528370883
efficiency_21:future_63d_return,efficiency_21,path,63,1,False,24,0.02658791344202746,1.2186510825406678,-0.04935347069772056,24,0.004830063701729056,0.886397736424038,-0.014136901659688582,12,-0.008195971491486759,-0.29358478602636673,-0.10536783330679778,12,0.001428906833609166,0.1485487863535714,-0.032052865279028744,10,0.022566732605195837,0.910762322738015,-0.06367892894628627,10,0.004090365344314959,0.5549894856172567,-0.02156339159579223
range_63:future_21d_return,range_63,range,21,-1,False,24,0.03389201224994944,0.9142603148765521,-0.0951410834402224,24,0.00772418369877885,1.0354435558164554,-0.01824150195047076,12,-0.09187121558396415,-2.491108939150485,-0.2202402792540616,12,-0.018602093923469936,-2.7179900444939302,-0.042424608538465206,12,0.02245376841534658,0.3939397897843757,-0.1759422815399118,12,-6.0975738979573577e-05,-0.0062735552129967835,-0.03389214271798363
minret_63:future_21d_return,minret_63,distribution,21,1,False,24,0.03671338631978118,1.3983178045649072,-0.054675248038327844,24,0.005696758603203997,1.3562408215232646,-0.008923822548339466,12,-0.1200082410521751,-3.202095477674402,-0.25046014560314894,12,-0.023587475153464686,-4.252229232783272,-0.04289552528627479,12,0.022438706186680053,0.5049125174540549,-0.1322488239588513,12,0.0021978411820556356,0.2840499482192279,-0.02473456918498211
vol_10:future_21d_return,vol_10,volatility,21,-1,False,24,0.028870595289804356,1.0542883491304125,-0.06644631638351667,24,0.007402347748973398,1.1736424756182258,-0.01455133053867107,12,-0.05745714927859242,-2.4959714607364862,-0.1375840030800082,12,-0.012420523902926889,-2.7336261252911997,-0.028235714473599013,12,0.022126877040941993,0.5520984159053801,-0.11737410095432949,12,0.0003129288140042436,0.0475847869926202,-0.022577348568527084
kurt_63:future_63d_return,kurt_63,distribution,63,1,False,24,0.030928703086587555,1.1210919145253762,-0.06509846467007208,24,0.009559876240673835,1.1653032154740084,-0.018995438811767233,12,0.062383806174090395,1.6808836403617182,-0.06679993245830637,12,0.01510011406396248,1.2478725871152947,-0.027019425444472937,10,0.022101149337416845,0.8448987242120399,-0.06894966526923414,10,0.0027636555419289785,0.35218793222254113,-0.024550204039431745
vol_42:future_21d_return,vol_42,volatility,21,-1,False,24,0.03641673520241601,1.222848797542372,-0.06724103878889265,24,0.007667031524725781,1.2347362101152237,-0.013946547848250897,12,-0.10108412068005768,-2.284633529877094,-0.255090965031041,12,-0.022305648236449108,-3.5404457432139393,-0.04423523947532919,12,0.02178360266161696,0.41971043297409827,-0.15887288933184365,12,0.0015825648925518459,0.18238331528274604,-0.02862043298860621
vol_126:future_63d_return,vol_126,volatility,63,-1,False,24,0.04741232222380499,0.8299608596852536,-0.15142927650896124,24,0.014098426986747683,0.8107944749955451,-0.04642639346864519,12,-0.13476597014802447,-2.032547993375405,-0.36555388522286997,12,-0.05433537615883154,-2.863468120891707,-0.12038402785065444,10,0.0215091808257001,0.360447770405536,-0.18619974417906154,10,0.003166052852293352,0.15909632822868053,-0.06610178547442508
vol_63:future_21d_return,vol_63,volatility,21,-1,False,24,0.040278465976642676,1.1534357913450672,-0.08127102074593334,24,0.008198664220697286,1.1353491005258909,-0.016936823163806694,12,-0.10968009843538495,-2.758989943785369,-0.24805309465388498,12,-0.02154038500839371,-3.5554614906061155,-0.042628177203062806,12,0.02141112574232136,0.4038472546493761,-0.1631312035513437,12,0.001046850006326501,0.11264440254492927,-0.03130122749763555
efficiency_42:future_21d_return,efficiency_42,path,21,-1,False,24,0.03150601918132722,2.7992468928796375,-0.007670510162980121,24,0.006172969321543389,2.558877704070319,-0.0022239159479702847,12,0.03227830994997823,0.8828579519562358,-0.09498217836629988,12,0.005451913770563245,0.9636699159752513,-0.014240289398015117,12,0.02008761642465162,0.43576407153992675,-0.140366409238982,12,0.0025134914274123864,0.44340030976385514,-0.017217778918101084
dist_low_21:future_21d_return,dist_low_21,breakout,21,-1,False,24,0.053042325164129704,2.5629959659778483,-0.018993454629234206,23,0.007338294622062001,1.8236592362240844,-0.006668058919956466,12,0.04237033461744602,1.203662559832368,-0.08015637552173778,12,0.0020522321694137024,0.3872591511015313,-0.016393607642436983,12,0.019950130219542506,0.6440617058704554,-0.08786802275597587,12,0.0036501557469268606,0.7789700315563016,-0.012660231659881371
skew_63:future_21d_return,skew_63,distribution,21,1,False,24,0.013635717245802696,0.7223770777395319,-0.052067655125456115,24,-0.000962136046817465,-0.25042885621731564,-0.014335040660917233,12,-0.060750646658162606,-1.7336898737317805,-0.18272067464731487,12,-0.007430957594190016,-1.393684571986204,-0.025989929800892667,12,0.01988592680750862,1.1108172461260482,-0.042426813954297884,12,0.00022648902778990218,0.07064393498125661,-0.010933041287204915
downvol_126:future_63d_return,downvol_126,volatility,63,-1,False,24,0.05061453916895047,0.9742295850909966,-0.13022259004726247,24,0.016279215930795954,0.9678195730404188,-0.04226887163354487,12,-0.15828614759083984,-2.370247043336721,-0.39073260227368223,12,-0.06173602765293671,-3.1433837921347676,-0.1300980501872322,10,0.019723846875033237,0.4016255237906034,-0.15121625095702296,10,0.004815074980328818,0.27600680456355225,-0.05590843907103498
clv_5:future_21d_return,clv_5,microstructure,21,-1,False,24,0.04378362890266387,2.3283486791223127,-0.02167054816067649,24,0.00624691268592083,1.8881027030234492,-0.0052694001206292215,12,0.0531394463755672,3.1102620594897585,-0.006329969627762437,12,0.007056679143690088,1.5527564787838268,-0.008762015840634886,12,0.019581355690871303,1.0399466559204842,-0.045958476413741456,12,0.0019357560096123951,0.6044157714971663,-0.009212025774803964
alphabetical_ticker:future_21d_return,alphabetical_ticker,placebo,21,-1,False,24,0.0098835729383189,1.4687004041947938,-0.013540067243585715,24,-0.0005423719100279333,-0.3043261449705973,-0.006745797184414497,12,0.01633392810668872,1.7285635598892897,-0.016557211209663202,12,0.006376748740249836,2.8960237862395495,-0.0012875215333560848,12,0.019218476661113978,1.974621330752614,-0.01465882157229199,12,0.006075850475399444,2.2700404265530194,-0.0032405278616199325
range_21:future_21d_return,range_21,range,21,-1,False,24,0.039645401434350115,1.0564148403966678,-0.0909812990516791,24,0.009035645669350932,1.1779136869057967,-0.017664851897337012,12,-0.09208650533185801,-2.92472918802564,-0.20167979502857203,12,-0.018615842439527932,-3.3575725007216044,-0.03791467002396916,12,0.019057243229214153,0.309611899302304,-0.19519040541979113,12,0.0009646525465750611,0.08665804085139428,-0.03778213305429087
efficiency_10:future_21d_return,efficiency_10,path,21,-1,False,24,0.0004107596611797673,0.01818095923133594,-0.07822944315244862,24,-0.0014856897045584221,-0.43359036130619427,-0.01341243996356868,12,0.03625249544871796,1.5306420412610806,-0.04618748875731794,12,0.004280929874794239,0.9425188602589424,-0.011528699732143727,12,0.018085341768344088,1.2826293223757796,-0.0309940516984702,12,0.0023123963544997347,1.2142956332261259,-0.004316045846949731
downvol_21:future_21d_return,downvol_21,volatility,21,-1,False,24,0.02359890327552604,0.7340945706032246,-0.0882968074424221,24,0.005321528106537486,0.7840580286519129,-0.018302926156862773,12,-0.08417602307306288,-2.361936057512697,-0.20822520318190485,12,-0.01551317180698252,-2.217687050052913,-0.03986177054979865,12,0.017406621106551858,0.3985162529030404,-0.13462785039441366,12,-0.0022412102985760215,-0.2913821094634958,-0.029013983392363232
sma_dist_5:future_21d_return,sma_dist_5,trend,21,-1,False,24,0.03973198332639058,2.229902580057964,-0.02228747737001223,24,0.005691415932690891,1.5147798065571956,-0.007386677907586383,12,0.057619372387146726,2.3032404066276593,-0.02945751236785151,12,0.011094507137282666,1.9146046711363105,-0.00907533646194063,12,0.01631991039883923,0.6114649654709249,-0.07658096838718761,12,0.002988006045750924,0.6542224126900382,-0.01290952509691943
vol_126:future_21d_return,vol_126,volatility,21,-1,False,24,0.03212063926021969,0.8322106405406218,-0.10222530078216513,24,0.006877878658444939,0.8366090542909025,-0.021737900797814878,12,-0.10742837403973156,-2.42057298332519,-0.26190915339372617,12,-0.023093899094325934,-3.146899881660709,-0.048637843991447924,12,0.015789483458434336,0.28012210242696417,-0.18040833596780617,12,-0.002228311197161681,-0.19919642470385823,-0.041165799567889114
efficiency_21:future_21d_return,efficiency_21,path,21,-1,False,24,0.011442522567116318,0.6211746347297804,-0.05267573255882348,24,0.0010925766753304544,0.46790013098397093,-0.007035211730922598,12,0.020670736669809467,0.8403452843669191,-0.06494859193771402,12,0.0015000472480112721,0.35023376725353417,-0.013407992905517082,12,0.015698365123254374,0.6422174433099986,-0.06938525493369502,12,0.0017352934016394747,0.46576254035254355,-0.011232974970918993
skew_21:future_21d_return,skew_21,distribution,21,1,False,24,0.01822777633026013,1.2792285140930386,-0.03136965563718373,24,0.0029200139371069827,1.1419070112978964,-0.005980760917417406,12,-0.036337782761160814,-0.7777373344868058,-0.198967200762694,12,-0.007714582476644462,-1.0045229299230332,-0.03444625933791328,12,0.01461184541669465,1.1577562833757902,-0.029318189983483532,12,9.650577978991542e-05,0.03809945989806613,-0.008720236293690939
vol_21:future_21d_return,vol_21,volatility,21,-1,False,24,0.038292090729679394,1.243738853816211,-0.06887304255708265,24,0.009129684072909828,1.4257639743559365,-0.013158862192816945,12,-0.07567589907605322,-2.2006544519653795,-0.19537182413524834,12,-0.015472893827759945,-2.6035932212459105,-0.03615868062627228,12,0.014573364163238012,0.29132976832730645,-0.15954660625828834,12,0.0009065662303679953,0.11028877016842778,-0.02770501595971759
minret_21:future_21d_return,minret_21,distribution,21,1,False,24,0.02367483633149539,0.8391344801051507,-0.07452913470825435,24,0.00525693996989961,0.9093309763312675,-0.014865686382626444,12,-0.08578281382937535,-2.494786290835276,-0.20546804687571754,12,-0.016015026713181137,-2.269219591018353,-0.04058047953155078,12,0.012873748358724768,0.3280916534812897,-0.12370510566606557,12,-0.0024066853512411503,-0.3241326456686883,-0.028251306562711295
downvol_5:future_21d_return,downvol_5,volatility,21,1,False,24,0.002045690582679706,0.09247873862175765,-0.07495093267465694,24,-0.00016694336230812026,-0.0373449487415431,-0.015726990894805386,12,0.05847650434670942,3.298578482749718,-0.0032296118100040155,12,0.011323119571207357,3.0940322548150734,-0.0014152805871368076,12,0.0126224576432516,0.3309740827384032,-0.12012419102731298,12,0.003450215982139522,0.5052939281105234,-0.020316864341024546
sma_dist_10:future_21d_return,sma_dist_10,trend,21,-1,False,24,0.025350538065839274,1.2896754276319606,-0.04306903932218113,24,0.0014565617320913193,0.40990591847668906,-0.010911975409659751,12,0.09743342550191651,2.909031176170785,-0.019149037618883605,12,0.012712194298660792,2.179175686799156,-0.007592754947239757,12,0.0117639496411601,0.48324197964038984,-0.07297091359308586,12,0.0024773648632439274,0.7092331957513803,-0.009680982581989666
volume_z_5:future_21d_return,volume_z_5,volume,21,-1,False,24,0.004198801815636055,0.24457776618295687,-0.05555726897709105,24,-0.00036092757568786574,-0.11352724579386719,-0.011427002171224014,12,0.02511909689867592,0.9113226146797802,-0.07082218228507652,12,0.005897661678623206,1.1044179092252753,-0.012689798273864614,12,0.011700888915185495,0.6583649033801107,-0.05016137594579747,12,0.0004653268794035069,0.2190961767327063,-0.006927269101740439
volume_ratio_21_63:future_21d_return,volume_ratio_21_63,volume,21,-1,False,24,0.0063197503514624545,0.4440347717773164,-0.04322031476928019,24,0.0017241294077390834,0.9141226318771813,-0.004840935572203149,12,0.008838656415038622,0.4728319817909998,-0.05622718326426728,12,0.0017728023085694376,0.3827490800466193,-0.014349229881400229,12,0.01149221497068677,0.602991464443123,-0.05484637059500472,12,0.0023146347152559685,0.6762998206181234,-0.009598246766045803
clv_21:future_21d_return,clv_21,microstructure,21,-1,False,24,0.014830333157046323,0.6379164199521536,-0.0660905766995289,24,0.002637907366375982,0.6030399469937673,-0.012588136953504254,12,0.04973068811090589,1.6553536599694523,-0.054839359559617634,12,0.009660883674908,1.755619931915065,-0.009493138281540674,12,0.010521627128646828,0.3007274145444985,-0.11126048930278176,12,0.0004945748721379917,0.09372193119750341,-0.017873534188646026
kurt_21:future_63d_return,kurt_21,distribution,63,1,False,24,0.00812407983096894,0.4254431798624181,-0.05834294617755689,24,0.00672411697759103,1.2388616769444454,-0.012168236921877306,12,0.02547442580325988,0.8561816939267993,-0.07809035652122767,12,0.0065364087593602705,0.7098577724082371,-0.02551458446056567,10,0.010225427795902197,0.7178957045295579,-0.039353115526195664,10,0.0066215130030288175,1.0687441801965814,-0.014943866457110206
downvol_126:future_21d_return,downvol_126,volatility,21,-1,False,24,0.04232779174190182,1.1266451872956205,-0.08844339855724967,24,0.007934266416315275,1.0137929484594435,-0.01930724151126085,12,-0.11763048907912323,-2.7533293691042813,-0.26633884297349936,12,-0.02494140567838285,-3.203882693643726,-0.05203820223734036,12,0.009788162337864633,0.19710778048151087,-0.1630624915585647,12,0.001056397543474564,0.11326387687334735,-0.03140816765145028
deterministic_hash_noise:future_63d_return,deterministic_hash_noise,placebo,63,1,False,24,0.006607018854898973,0.9462946763630313,-0.017695583460495823,24,0.0005441924593205628,0.30635850753652766,-0.005638764244602967,12,-0.017687926307315215,-1.6863477437071015,-0.054197218654365865,12,-0.0063550787716941835,-1.2999807486811419,-0.02337108547574813,10,0.009717309449217296,1.1959575931569575,-0.01856428455704974,10,0.0017086973515057819,0.5698996181442633,-0.008727455016362027
kurt_21:future_21d_return,kurt_21,distribution,21,1,False,24,0.012388482655628558,0.6879508411557013,-0.05029229010317961,24,0.004306309425190725,1.754535268641713,-0.0042368155713408155,12,0.005003119884166533,0.15924861977391502,-0.10435193514392868,12,0.0024419136517276297,0.4153820424076495,-0.018020469683009757,12,0.009410932099857595,0.7827074452967593,-0.03244016101837287,12,0.0024388002495391225,1.5008637711045298,-0.003217189155320257
kurt_63:future_21d_return,kurt_63,distribution,21,1,False,24,0.006528056367078189,0.42756330494538525,-0.04661629382579707,24,0.0012087379430998565,0.40154556467805486,-0.009269082525405163,12,0.044153109970858286,1.1077603466771748,-0.09458287273863689,12,0.009166872285888186,1.5528087025173505,-0.011381473022327818,12,0.008750910351876745,0.29736400492459997,-0.09368175381296806,12,0.0019788660336321727,0.5153239907799329,-0.011387386543670995
mom_3:future_21d_return,mom_3,momentum,21,-1,False,24,0.030377131527337592,1.448597708042618,-0.04261442059400383,24,0.005763721124610033,1.377766478376404,-0.008797606598353446,12,0.031853776207997585,1.1616407597694556,-0.06359331843475957,12,0.005799485663300648,1.0005568864310173,-0.014375875816098553,12,0.008048962304918887,0.2730065728361235,-0.09457302514446474,12,0.0022425396457080955,0.4658611188994103,-0.014512956610858094
reversal_3:future_21d_return,reversal_3,reversal,21,1,False,24,0.030377131527337592,1.448597708042618,-0.04261442059400383,24,0.005763721124610033,1.377766478376404,-0.008797606598353446,12,0.031853776207997585,1.1616407597694556,-0.06359331843475957,12,0.005799485663300648,1.0005568864310173,-0.014375875816098553,12,0.008048962304918887,0.2730065728361235,-0.09457302514446474,12,0.0022425396457080955,0.4658611188994103,-0.014512956610858094
maxret_21:future_21d_return,maxret_21,distribution,21,-1,False,24,0.026950495381654106,1.2556675311430834,-0.04775726529015299,24,0.005763388995897026,1.3410808567515695,-0.009195405663807412,12,-0.04655680894433422,-1.2708667904654378,-0.17407049654298967,12,-0.01143045021541679,-1.698301550739085,-0.03485774601842546,12,0.006932269913730298,0.1509767465585502,-0.15289063956667662,12,-0.0010950442594084033,-0.13365393096059955,-0.029613339917334253
maxret_63:future_63d_return,maxret_63,distribution,63,-1,False,24,0.028396107831998835,0.5927815082493191,-0.1383431254592751,24,0.010845419037953288,0.7358035579557277,-0.040459391010880356,12,-0.05933064953499964,-1.2483708938816642,-0.22475868006271912,12,-0.0336850971120853,-2.324018562003224,-0.08413633679704327,10,0.006639638820643476,0.1850602827197127,-0.11824380460575587,10,-0.0016773632623060392,-0.13093461515298804,-0.04626826774440175
mom_1:future_63d_return,mom_1,momentum,63,-1,False,24,0.019424736129949677,0.8505171129403074,-0.06007134179529662,24,0.005289293879609402,0.7410796632417898,-0.019553843044946836,12,0.0436373877060617,1.4749974664712848,-0.05933981746174883,12,0.007773756696701945,0.6476848312858807,-0.03400358947667392,10,0.006087301551360413,0.3000296830132236,-0.0645337571628559,10,0.0021870612075795036,0.3393677117424843,-0.020244734869579787
reversal_1:future_63d_return,reversal_1,reversal,63,1,False,24,0.019424736129949677,0.8505171129403074,-0.06007134179529662,24,0.005289293879609402,0.7410796632417898,-0.019553843044946836,12,0.0436373877060617,1.4749974664712848,-0.05933981746174883,12,0.007773756696701945,0.6476848312858807,-0.03400358947667392,10,0.006087301551360413,0.3000296830132236,-0.0645337571628559,10,0.0021870612075795036,0.3393677117424843,-0.020244734869579787
vol_5:future_21d_return,vol_5,volatility,21,-1,False,24,0.01584125835845748,0.6546316886445998,-0.06838864135548631,24,0.005688107885033315,1.229381937552367,-0.010416665859130071,12,-0.031319066024107174,-1.215201146851037,-0.12102770391014195,12,-0.007935231530626925,-1.6318030125648082,-0.02486166674218279,12,0.005777178619704231,0.13236913157960964,-0.14613853797993012,12,-0.0011099964351359223,-0.15002592943640986,-0.026863059355092707
sma_dist_21:future_21d_return,sma_dist_21,trend,21,-1,False,24,0.024077781976805445,0.9254160078585373,-0.06648569769776426,24,0.0024859797339824934,0.5036888183061456,-0.014693456389364446,12,0.10463306503180148,2.7984437288233,-0.0255114890518216,12,0.01630895680017138,2.8831621155736022,-0.003380364699916691,12,0.005595834144704455,0.18222423969002255,-0.10129299453128583,12,0.0017451681296242905,0.4043886708568124,-0.01327628420478492
maxret_21:future_63d_return,maxret_21,distribution,63,-1,False,24,0.03674018073731291,1.007412906102144,-0.09020242504390977,24,0.01091873053914235,0.9595687979826683,-0.028688060898168527,12,-0.07356461228230611,-1.5296596002842988,-0.24096165623070775,12,-0.0416170704670435,-2.746377979355931,-0.09436249940915228,10,0.004715654518274817,0.15574095864061016,-0.10067758826409834,10,0.001443818339184079,0.18847878555972353,-0.025220083998169825
maxret_63:future_21d_return,maxret_63,distribution,21,-1,False,24,0.01655212386770757,0.5622574237380514,-0.08591679646245247,24,0.0061373230843047855,0.955027302743983,-0.016231175250619394,12,-0.06003507924745933,-1.8523758101217336,-0.1728456036746248,12,-0.015357938239188613,-2.559133503083321,-0.03624674369588047,12,0.003837382926808753,0.11457805530691642,-0.11273812677825261,12,-0.00019284301319219947,-0.02709189023461371,-0.02496924463704685
residual_mom_21:future_21d_return,residual_mom_21,market,21,-1,False,24,0.03103635447138697,1.1600308315147767,-0.06209047169475379,24,0.00410665202673748,0.8326043365720915,-0.013061472993291506,12,0.0953405286188745,2.5780393350628352,-0.033384099849920815,12,0.014594551250571769,1.9354728782691843,-0.011652304649272,12,0.0031579777423373506,0.0849361420468516,-0.12625867559894866,12,0.00041185596018894575,0.08371399458424457,-0.01671276314579802
range_5:future_21d_return,range_5,range,21,-1,False,24,0.02814220390352797,0.8325850459961212,-0.08951082979037668,24,0.00911148995248793,1.320099423271841,-0.014913122471517291,12,-0.07661232581802696,-2.7094640950385194,-0.1750335760686848,12,-0.017974075798231418,-3.0322025302184294,-0.038607057541173224,12,0.0029340174538188546,0.05663991702859704,-0.17737345082314512,12,0.00011968076188025613,0.0128637028366626,-0.032264430071623565
skew_21:future_63d_return,skew_21,distribution,63,1,False,24,0.017534268763529773,0.8609462737952551,-0.053355774148368465,24,0.005461634396281526,1.1571530814835322,-0.010967150357661323,12,-0.03853914687808377,-0.7883253368005366,-0.20870414862516354,12,-0.010395734131011844,-0.7309078698323584,-0.059902682472804517,10,0.0010559764526510776,0.04678321891084663,-0.07751058835360003,10,0.0008846357372262164,0.12043635563339601,-0.0246824074672086
dist_high_21:future_21d_return,dist_high_21,breakout,21,-1,False,24,0.018040411584651833,0.610844224251364,-0.08475875662763367,22,0.002897678672179535,0.43250578833296854,-0.020422503087241323,12,0.13181392395211616,3.8291370270484677,0.011992628256152701,12,0.02479423327257185,4.012972153530353,0.003288306255750755,12,0.000975909571307899,0.03366299989880193,-0.09993320431053783,12,0.0021118340156515668,0.48840274679153506,-0.012938817978394173
intraday_21:future_21d_return,intraday_21,session,21,-1,False,24,0.025216168701896607,0.8832794682003607,-0.07415367273801794,24,0.004677623822828217,0.8877923920520364,-0.013661876745315361,12,0.049146530532899045,1.6232444955429328,-0.05623938106174895,12,0.006088872547085548,1.094280397078622,-0.013278998951021255,12,-3.462534447522071e-05,-0.0009051234673620976,-0.133190370257455,12,-0.0013387629432809365,-0.21609469510472148,-0.02290295583782798
mom_21:future_21d_return,mom_21,momentum,21,-1,False,24,0.024425489219763896,0.8041284519029799,-0.08130286528601731,24,0.003540450551653886,0.5958861249235741,-0.017140423555829325,12,0.05836016640735908,1.8047233403089862,-0.054198649918664854,12,0.007429399745246891,1.264102286781186,-0.013027750767125187,12,-0.0017512057494677782,-0.050669404392308326,-0.12205103364152875,12,-0.0005704471352415775,-0.11524021901213012,-0.017800434515984804
reversal_21:future_21d_return,reversal_21,reversal,21,1,False,24,0.024425489219763896,0.8041284519029799,-0.08130286528601731,24,0.003540450551653886,0.5958861249235741,-0.017140423555829325,12,0.05836016640735908,1.8047233403089862,-0.054198649918664854,12,0.007429399745246891,1.264102286781186,-0.013027750767125187,12,-0.0017512057494677782,-0.050669404392308326,-0.12205103364152875,12,-0.0005704471352415775,-0.11524021901213012,-0.017800434515984804
range21_x_mom21:future_21d_return,range21_x_mom21,interaction,21,-1,False,24,0.02111373664418731,0.6690535391305098,-0.0887306476175618,24,0.0030302534886131652,0.5238206133477911,-0.01710559830590136,12,0.05313392870275391,1.6038359937757833,-0.06218101829801956,12,0.0052424649017242765,0.897011989776258,-0.015100343766628874,12,-0.00188350734003359,-0.05400372024875623,-0.12328311103874483,12,-0.0015851756498879562,-0.3168466312464783,-0.018999311547924422
overnight_21:future_21d_return,overnight_21,session,21,-1,False,24,0.010323647344141706,0.6553998011625769,-0.04450411053065752,24,0.001609709579547456,0.5493408868361492,-0.008589798708315527,12,0.03226090168819439,1.352403144445376,-0.05077080422167209,12,0.004233526530813894,1.2351531966404645,-0.007696875807277284,12,-0.0037341155569939805,-0.14122037664875917,-0.09577144719436102,12,0.001814342577881142,0.4990103435656083,-0.010841275946001304
efficiency_10:future_63d_return,efficiency_10,path,63,1,False,24,0.004791984284778189,0.3701726118894097,-0.04026734601962411,24,-0.0003296048507680441,-0.0802855055145397,-0.014619534120836422,12,-0.028481807126026163,-1.0075511885352648,-0.12687703874238995,12,-0.00745978298844779,-0.8486197292932806,-0.03805733630446211,10,-0.006607795706282811,-0.4260661593894024,-0.06059032099347552,10,-0.0015465486879500264,-0.2803483581617991,-0.02074822793270065
deterministic_hash_noise:future_21d_return,deterministic_hash_noise,placebo,21,-1,False,24,0.002185444592195466,0.3342417631333721,-0.020573531393677423,24,0.00035331274341247177,0.20190968880485088,-0.005737507373489991,12,0.007819434518350994,0.45546782922013807,-0.051937907344231864,12,0.004295819723700787,1.9072354654235544,-0.0035441676749541325,12,-0.0067476151479215095,-0.44463699404876994,-0.05957004097966722,12,-0.0003793556322834535,-0.1990362716601226,-0.007013546152342331
skew_63:future_63d_return,skew_63,distribution,63,-1,False,24,0.005877710294609417,0.1786456370797964,-0.1086444134207048,24,0.004247543912520371,0.4018487375934546,-0.032544075154862746,12,0.08679574516092319,2.251041280214252,-0.04741540791492478,12,0.02029086984662755,1.6194335718103028,-0.023321647763127222,10,-0.007147979351907615,-0.26128801008503083,-0.1023700100114481,10,0.0014450909363539603,0.20183649308767904,-0.023476118576495075
mom63_x_volumez21:future_21d_return,mom63_x_volumez21,interaction,21,-1,False,24,0.016360323278161087,0.8739340155478734,-0.04880054586587172,24,0.002874483442804618,0.9011036772143324,-0.008228985453982023,12,0.051543043237597806,2.3924375384262118,-0.023446909464273837,12,0.008681101608597825,3.3133407320832813,-0.00043863658443382345,12,-0.0072024336182188635,-0.604277049865807,-0.04868988866729166,12,0.00032945885828531974,0.1466152829949677,-0.007492140687954265
beta_21:future_63d_return,beta_21,market,63,-1,False,24,0.07829259884571767,2.2588727871607457,-0.04235052297774697,24,0.02292775528556813,2.0305959104916482,-0.016373974140352975,12,-0.15163939038235857,-2.0109882418442595,-0.41410724983662156,12,-0.056184611104376926,-2.4518612944103926,-0.135946441585204,10,-0.015465338969983972,-0.23511354194686446,-0.2444231319554813,10,-0.0018478314966588645,-0.0941565220039039,-0.07015803645390407
clv_5:future_63d_return,clv_5,microstructure,63,-1,False,24,0.0371868849821218,2.2928619914899544,-0.019265918779998857,24,0.008322240114657627,1.3759858947139574,-0.012730076401729047,12,0.047358491229138884,1.4467086623315464,-0.06658523216043108,12,0.008073899811946535,0.8025519996687608,-0.026943492818165854,10,-0.01809738698618814,-0.7361339845859791,-0.10366957489371341,10,-0.005994332735464456,-0.6857634721332413,-0.03642000121536313
overnight_5:future_21d_return,overnight_5,session,21,1,False,24,0.021530520612379662,0.9642831623418165,-0.05618783063254633,24,0.006959427222619652,1.4119377460969809,-0.010197186758894423,12,-0.08376356434925729,-2.2872132289263836,-0.21123771471363073,12,-0.016950120645000972,-2.304530446036189,-0.042551535931576054,12,-0.018465704368102475,-0.9039531219949681,-0.08956963351675899,12,-0.00711585408435142,-1.8035001175312513,-0.020849457113113284
efficiency_126:future_21d_return,efficiency_126,path,21,-1,False,24,0.005812482916606147,0.25994853744617763,-0.07201768045301456,24,0.0006092012678023079,0.1646845388473766,-0.01226681750894464,12,0.015657034835290216,0.7190319593871136,-0.060136987342057455,12,0.0012909316791477538,0.2917946564307086,-0.014108317795573274,12,-0.019163901410539006,-1.4421489995308538,-0.06541770222355724,12,-0.0031513088957804223,-1.842526740167774,-0.009104513471830264
dist_high63_x_volumez21:future_21d_return,dist_high63_x_volumez21,interaction,21,-1,False,24,0.021440445974703713,1.4156014533810015,-0.03127846686636948,24,0.001996179619054009,0.7685824176583518,-0.007044119552005465,12,0.018775632468823227,0.6123376436826551,-0.08795209141969407,12,-0.0016242779966733057,-0.4038802746139033,-0.015622773082287638,12,-0.019244864345662922,-0.8301594570945743,-0.09993621135071132,12,-0.002232224054687805,-0.8691986952434073,-0.011171294277422642
sma_dist_5:future_63d_return,sma_dist_5,trend,63,-1,False,24,0.004402332177951239,0.21490448789469205,-0.06690118536409351,24,0.002024463434025964,0.3296870435956473,-0.01934933392997725,12,-0.01286161151593392,-0.4358933578243452,-0.11556594469905364,12,-0.015908134376752817,-1.1602260793264818,-0.06363360926456689,10,-0.019718724195503738,-0.7859948636378169,-0.10704254614946507,10,-0.003867922889207856,-0.496910654526496,-0.030961923079155046
dollar_volume_5:future_21d_return,dollar_volume_5,liquidity,21,-1,False,24,0.026143661806915908,1.7045855216652046,-0.02724158470074388,24,0.005972874614505452,2.0235086021902218,-0.0043014190278808295,12,0.016566945300230104,0.6084636126746702,-0.0782053627770683,12,0.0024101393159376657,1.1247144516986733,-0.005048738665621569,12,-0.020799946547536592,-0.9702034784218514,-0.09542300115991934,12,-0.005057240110572237,-1.2842690886445478,-0.018763885438125606
mom63_x_volumez21:future_63d_return,mom63_x_volumez21,interaction,63,-1,False,24,0.013562477735739068,0.5485620222664402,-0.07249466680086905,24,0.002824985371949761,0.4017204835519102,-0.02165244689303444,12,0.029558388298663096,0.9823297348073721,-0.07517787868698375,12,0.006253425704390146,0.8273369088699598,-0.020055870226079065,10,-0.02132420868581366,-1.4654125442060604,-0.07197504844027705,10,-0.007774290402776439,-1.656159231077587,-0.024113547281539624
mom_10:future_21d_return,mom_10,momentum,21,-1,False,24,0.008077134836162124,0.4076519214713437,-0.06088988660768452,24,-0.001533273525203949,-0.4423924935747978,-0.013597112130019327,12,0.10915519552684312,2.5378433774970097,-0.040555637405822034,12,0.016044268192689063,1.7613422630169495,-0.015662340135151737,12,-0.022011539646795142,-0.6978088520876137,-0.13180780744404538,12,-0.00590846566214998,-1.261430668639932,-0.022212120079845785
reversal_10:future_21d_return,reversal_10,reversal,21,1,False,24,0.008077134836162124,0.4076519214713437,-0.06088988660768452,24,-0.001533273525203949,-0.4423924935747978,-0.013597112130019327,12,0.10915519552684312,2.5378433774970097,-0.040555637405822034,12,0.016044268192689063,1.7613422630169495,-0.015662340135151737,12,-0.022011539646795142,-0.6978088520876137,-0.13180780744404538,12,-0.00590846566214998,-1.261430668639932,-0.022212120079845785
volume_ratio_5_21:future_21d_return,volume_ratio_5_21,volume,21,1,False,24,0.006931817110111666,0.5597703132444414,-0.0361715169340462,24,0.0002605406341748613,0.12386809861754866,-0.007060783347689349,12,-0.005386983731709975,-0.40894125993719693,-0.05123899222588384,12,-0.0022832296699013357,-0.7027390589371834,-0.013592358136621201,12,-0.022964191257393633,-1.3515597568256448,-0.08210530979553345,12,-0.002618143912058601,-0.7550682189346811,-0.014687412570002804
volume_z_21:future_21d_return,volume_z_21,volume,21,1,False,24,0.0006776093277586637,0.04124170333181198,-0.0565119055733247,24,0.0004040032280024217,0.13241414001792295,-0.010215986623954799,12,-0.021773615724240875,-0.697857793944701,-0.13037547277239908,12,-0.007075075067064632,-1.3625700821907407,-0.025148723661580195,12,-0.023440592263949983,-1.1731795661988067,-0.09298748346047335,12,-0.001948862945620752,-0.6601565127114827,-0.012224482512411589
intraday_5:future_63d_return,intraday_5,session,63,-1,False,24,0.03400403901060941,1.6830816594672355,-0.0363192135149299,24,0.013046916093224753,2.2043381840621605,-0.007554794241789568,12,0.021232465892397332,0.505326298281188,-0.12501965256335107,12,-0.0055087978763126945,-0.380923332587379,-0.055846442876900666,10,-0.023507057495469004,-0.8111702509264155,-0.12437656156226878,10,-0.008676445873153945,-0.8185109996634364,-0.04557343876923268
dollar_volume_5:future_63d_return,dollar_volume_5,liquidity,63,-1,False,24,0.06883337368230825,2.945556387686626,-0.01250684688825189,24,0.021850143550979566,2.636051654841544,-0.0070017292722518235,12,0.022121103493186214,0.5814787850850832,-0.11029675014157264,12,0.006913590450485778,0.5844872530901211,-0.03425843530427423,10,-0.024527159026899566,-1.258593610293938,-0.09235927351170217,10,-0.001753087656024976,-0.4437046861409494,-0.015505638117371387
sma_dist_42:future_21d_return,sma_dist_42,trend,21,-1,False,24,0.012749272320948602,0.4459699911327048,-0.08675767246065907,24,0.0013368862182005423,0.2364901754989943,-0.01833993653380234,12,0.07516405688886511,2.2228980003085894,-0.04253264910315187,12,0.010177087812437364,1.7044513310423934,-0.010606118451992117,12,-0.024939659215938163,-0.6497559027350982,-0.15854195228118642,12,-0.0049334049166646,-0.9498930497180668,-0.02301120932212928
mom_3:future_63d_return,mom_3,momentum,63,-1,False,24,0.01030275144747316,0.4942657447401312,-0.06225208057317285,24,0.0037795433372449553,0.6502816584397431,-0.016451182081313947,12,-0.03747047326779491,-1.2224545197797256,-0.14416204149420486,12,-0.02614663309327392,-2.0072947707991653,-0.07148629217845687,10,-0.025022695066990296,-0.856705800148102,-0.12668875836826904,10,-0.0009735562722635982,-0.08869080146745284,-0.03918171510727582
reversal_3:future_63d_return,reversal_3,reversal,63,1,False,24,0.01030275144747316,0.4942657447401312,-0.06225208057317285,24,0.0037795433372449553,0.6502816584397431,-0.016451182081313947,12,-0.03747047326779491,-1.2224545197797256,-0.14416204149420486,12,-0.02614663309327392,-2.0072947707991653,-0.07148629217845687,10,-0.025022695066990296,-0.856705800148102,-0.12668875836826904,10,-0.0009735562722635982,-0.08869080146745284,-0.03918171510727582
beta_63:future_21d_return,beta_63,market,21,-1,False,24,0.05190010948603493,1.3492236222527825,-0.08199292017954071,24,0.009166793972811805,1.0426362696824625,-0.021435802307389243,12,-0.10824664435729904,-1.968715512541975,-0.29963041626102416,12,-0.021925443224086235,-2.489902972658591,-0.052576086144071416,12,-0.027015807412281195,-0.5290465432596594,-0.2047609337474688,12,-0.00735554877353849,-0.8999421927564129,-0.03580501331365164
dollar_volume_63:future_21d_return,dollar_volume_63,liquidity,21,-1,False,24,0.02989945359080443,1.691934173137673,-0.03161163603961782,24,0.006717832932373773,1.9266702413033854,-0.00541872240616174,12,0.012424911506361035,0.39974961858539915,-0.09576303486928343,12,0.0020332904939562553,0.3965345427646549,-0.01581481136216636,12,-0.028209305379192067,-1.2478580461636308,-0.10689591613804608,12,-0.00429926793793255,-1.0327469442193313,-0.018789462745791533
dollar_volume_63:future_63d_return,dollar_volume_63,liquidity,63,-1,False,24,0.07050815646434572,2.664008710510449,-0.021616811522299176,24,0.023731157880036585,2.6496976966502657,-0.00744310772690969,12,0.01776776435641835,0.4463218882155793,-0.12079873038077454,12,0.0072012676822421065,0.5290229584737646,-0.040180151598106395,10,-0.03082302648580736,-1.5724369297802954,-0.0990530742606318,10,-0.0021130747968009476,-0.542565267952735,-0.015669229357856015
volume_ratio_5_21:future_63d_return,volume_ratio_5_21,volume,63,1,False,24,0.006354664259508949,0.48110673721854225,-0.03962066014902951,24,0.0008155773375558983,0.2487763567268237,-0.010595579567738796,12,-0.003132889066007004,-0.21276809408435488,-0.0543850456806488,12,-0.0016792590245021065,-0.32803656367052425,-0.01949767395571894,10,-0.03169296705044091,-2.1149908483218542,-0.08385182065545144,10,-0.01148315299335962,-2.1837926864798964,-0.029786199143840526
amihud_5:future_21d_return,amihud_5,liquidity,21,1,False,24,0.016021471420278276,0.9415040991025045,-0.043210176435895725,24,0.002154167723390151,0.6705491803055519,-0.009027910071126768,12,0.029301544519166445,0.851477688574018,-0.09048026551643396,12,0.0069124450023156335,1.331305316443547,-0.011160447003987405,12,-0.03192757901492812,-1.924724188762215,-0.08966682590564783,12,-0.005524752367894437,-1.6213062352670573,-0.01738575479215765
efficiency_63:future_63d_return,efficiency_63,path,63,-1,False,24,0.00320783152899156,0.19765071290174646,-0.053284148563950015,24,0.003776902419502041,0.7929036351455939,-0.012803267859145468,12,0.011725845960982825,0.2668268854069935,-0.1412378007225711,12,-0.001355082395129927,-0.09576699664504305,-0.05060703651819449,10,-0.0320141863044348,-1.737911034036773,-0.09613345468278225,10,-0.009763988654587758,-2.4461457361963905,-0.023657709514517664
dollar_volume_21:future_63d_return,dollar_volume_21,liquidity,63,-1,False,24,0.07096382167951741,2.831979343316582,-0.01625707467722992,24,0.0229643806522505,2.698351156491285,-0.0066586781682718595,12,0.01898761093814642,0.4655423724952935,-0.12297851777735751,12,0.006119934560726399,0.4654743190583571,-0.03964413994186213,10,-0.03307190883703257,-1.7037502348566276,-0.10063771521718154,10,-0.005851071678466625,-1.497485343182593,-0.019451308441938115
dollar_volume_21:future_21d_return,dollar_volume_21,liquidity,21,-1,False,24,0.029479176745810937,1.7892916900894205,-0.02786744472522952,24,0.007006210225788436,2.4249401116612397,-0.0030504963280499732,12,0.014047560428056355,0.44960367539701745,-0.09470630125294706,12,0.0019025162108028454,0.439353711722406,-0.013170067241749408,12,-0.033434908089051245,-1.4056957537333234,-0.11622577528105066,12,-0.005555571774907221,-1.2114706901809276,-0.021517651742706978
amihud_63:future_21d_return,amihud_63,liquidity,21,1,False,24,0.017613888105270984,1.1522673180632494,-0.03559395079352759,24,0.004059115466212396,1.7120205329270104,-0.004193584710720612,12,0.053984509469521075,1.618471838463465,-0.062116940432702605,12,0.01409367411995438,2.435115156596043,-0.006051839869771904,12,-0.03420482716887795,-2.2284861140739203,-0.08763063515382241,12,-0.005266254561314896,-1.5006162412851958,-0.01748160235437578
beta_63:future_63d_return,beta_63,market,63,-1,False,24,0.05946648193563563,1.0761205543479386,-0.13288031137213252,24,0.018837570712356845,1.021285353137513,-0.045364852927544934,12,-0.18220042112174695,-2.2728426397978754,-0.4612321814333637,12,-0.07338304375731629,-2.9380282383169485,-0.16032179274463765,10,-0.034794461033006104,-0.48944460596845824,-0.28224032436369045,10,-0.01493729635295422,-0.6743733367226582,-0.09203567363584163
amihud_21:future_21d_return,amihud_21,liquidity,21,1,False,24,0.014881544997268924,0.9143283550338664,-0.04177100522785449,24,0.0029886129314355757,1.0602719656165729,-0.006822675057450373,12,0.05547946256525114,1.522034845054713,-0.07139706411948696,12,0.011987316501640406,1.7366217208735448,-0.012039175959263524,12,-0.03604903642083478,-2.1479540397705073,-0.09446644762658757,12,-0.006587184389898412,-2.19189583943863,-0.01704771077039499
volume_ratio_10_63:future_21d_return,volume_ratio_10_63,volume,21,1,False,24,0.00012830144233178659,0.0092319833841626,-0.048245493060953534,24,-0.00017458266468865953,-0.068351695486901,-0.009065067734211781,12,0.0010888893248171723,0.07269914800377646,-0.051045951248345295,12,0.000610662738462856,0.17429622758940846,-0.01158448495462104,12,-0.036900771974014736,-3.042397242998627,-0.07911833533443818,12,-0.006234850325846385,-2.232994529346837,-0.01595363598188559
efficiency_42:future_63d_return,efficiency_42,path,63,-1,False,24,0.002099539212057279,0.12899950157740375,-0.05455172276324126,24,0.0005366438441833018,0.10446949269891304,-0.017343470715935064,12,0.00860923254441697,0.21213211805292376,-0.13265481361010847,12,-0.0019047131757647454,-0.16945105372415462,-0.04103012691192464,10,-0.03701742794292282,-1.366732694172899,-0.131292372805297,10,-0.010473840952949771,-2.089160121578428,-0.027924341083853818
beta_21:future_21d_return,beta_21,market,21,-1,False,24,0.0628037097471582,2.3189369221427207,-0.031465527519171047,24,0.011680935458876662,1.6832471696289368,-0.012473859891946954,12,-0.07918183099922134,-1.2944017902505918,-0.29210850294475676,12,-0.013274603436560338,-1.3036487243065507,-0.048717940330509434,12,-0.037128109333378984,-0.7113148041810432,-0.21881124538481692,12,-0.0013398560569575259,-0.1657391516914441,-0.029478726707384325
beta_126:future_21d_return,beta_126,market,21,-1,False,24,0.05005833836225116,1.1141027642245755,-0.10633736178360564,24,0.011261388569136471,1.0898527332760888,-0.024705076611919695,12,-0.12876741885030238,-2.257326717531588,-0.32732441742445895,12,-0.028956995650877254,-2.518874252218173,-0.06897179510887225,12,-0.03970918300658358,-0.648346661311925,-0.25289450701494604,12,-0.006140100139178702,-0.6073328023461637,-0.04133034970286345
dist_high_63:future_21d_return,dist_high_63,breakout,21,-1,False,24,0.00469256421739724,0.15092558342766207,-0.10353079050854362,24,-0.0013797414098532291,-0.2288758605191345,-0.022362923025403453,12,0.13255635413701858,3.3727644052665067,-0.004244300506618642,12,0.024535360799323794,3.059577806598325,-0.0033775146474171944,12,-0.04135761830147078,-0.9682958183046904,-0.19002684938768177,12,-0.004468085222059353,-0.6856230850540905,-0.0271515633471008
dist_low_63:future_21d_return,dist_low_63,breakout,21,-1,False,24,0.026298471325540713,1.3456630316239624,-0.041726413314726166,24,0.0038504108122383238,1.2122015406603164,-0.007205788709469899,12,0.025213743801098382,0.8267829458839602,-0.08093612376708943,12,-0.0016655364171936735,-0.29555497749450094,-0.02128058942683767,12,-0.042028937073024984,-1.116658957671733,-0.17303804319242702,12,-0.006650710213762137,-1.035924692521301,-0.02899741392410691
clv21_x_volumez21:future_63d_return,clv21_x_volumez21,interaction,63,1,False,24,0.00805569587246634,0.4083105104901902,-0.06061732203708971,24,0.005821570458848745,0.7454055434344677,-0.02136291835595992,12,-0.04423372264055844,-1.635282702076984,-0.13838674778639093,12,-0.020305299984114306,-2.325575651365438,-0.05069683032215331,10,-0.04472837268590781,-1.7149365222661495,-0.13551223999589393,10,-0.013960580461878525,-1.4649512966172076,-0.04713122576816557
amihud_63:future_63d_return,amihud_63,liquidity,63,1,False,24,0.0553848183355799,2.7169087589657717,-0.015571212296272327,24,0.018458943768067934,3.161344621625513,-0.0018650304986580837,12,0.07293842998991178,2.127938178983192,-0.04636997371176867,12,0.03437231804402901,2.5140639562739024,-0.013216632851755256,10,-0.04675396592579854,-3.889264891746588,-0.08859713445622139,10,-0.01015775807233674,-2.9481142720490925,-0.02215074009454008
volume_z_21:future_63d_return,volume_z_21,volume,63,1,False,24,0.010492932669031804,0.5298542620280655,-0.058437988917424695,24,0.006607361733266406,0.86348923096801,-0.02002715302856433,12,-0.04073467547874251,-1.573428262991168,-0.13084840095743291,12,-0.01670138456673652,-1.8308122965233369,-0.048454203467129246,10,-0.04706584019589288,-1.947637688702494,-0.131180419431074,10,-0.013531572770739209,-1.6455442210732356,-0.04215438823777582
amihud_5:future_63d_return,amihud_5,liquidity,63,1,False,24,0.03961371031114144,2.74533658153298,-0.010611707145113697,24,0.009872081562250496,2.1107060695505,-0.006407926164902973,12,0.06083295473271363,1.38170814531431,-0.09241554242587441,12,0.031228961393537116,2.020619838028793,-0.022566614263919597,10,-0.04838053212408637,-3.2238788609442657,-0.10061600817645534,10,-0.011671398376672562,-2.550336890452569,-0.02760078198060506
clv_63:future_21d_return,clv_63,microstructure,21,-1,False,24,0.00039173370972264584,0.01969914113650288,-0.06882598545209224,24,-0.0005516909630012574,-0.1307418625457378,-0.015239426132865368,12,0.06463354539569892,1.5677372016539206,-0.07886858419230951,12,0.01114734822178134,1.559550912798059,-0.013732380548873635,12,-0.04879219967741891,-1.4531946636670052,-0.16566144352721146,12,-0.011878443247498668,-2.072639318928696,-0.031826905592005975
amihud_21:future_63d_return,amihud_21,liquidity,63,1,False,24,0.050674287532840444,2.7218689139339065,-0.014128558027671496,24,0.015002669017055775,2.689001458332104,-0.004417415751434646,12,0.07306943148422161,1.8927565013250964,-0.06130437276507568,12,0.033714271734470024,2.1257960938649525,-0.02148912599323373,10,-0.049366778877988085,-3.1585873967190445,-0.10376886125189759,10,-0.013015317836980697,-3.4860446649224337,-0.02601089169509145
dist_low_126:future_21d_return,dist_low_126,breakout,21,-1,False,24,0.02289008218701451,0.9532484861987117,-0.06069232189965067,24,0.004683943068642451,1.3103884041363554,-0.007757913698638502,12,0.02960141121499624,0.8608345900822137,-0.09009092323736874,12,0.0010014015485459238,0.14745557904149992,-0.02263714014706853,12,-0.050693566806607304,-1.840911913355581,-0.14654386580305362,12,-0.008501971487830157,-1.701594843705846,-0.02589347441539177
efficiency_126:future_63d_return,efficiency_126,path,63,-1,False,24,0.02162936008134239,0.8031359598591147,-0.072111348077523,24,0.0025243488252203227,0.33708262817961193,-0.02354238557649336,12,0.01045991011631541,0.21985044152120042,-0.15514539353616782,12,0.001098787651895653,0.07152923283650313,-0.052370430522083844,10,-0.05198263142841962,-1.6207735864991806,-0.163619987050721,10,-0.01891417858291763,-2.366997206989139,-0.04672817347950779
sma_dist_63:future_21d_return,sma_dist_63,trend,21,-1,False,24,0.001483629695630757,0.05343697793565631,-0.09515644547784184,24,-0.0001784354846686547,-0.034600031618845645,-0.01812901029526378,12,0.08995150046124029,2.3735475671153483,-0.04196043829612622,12,0.0090678872421595,1.4952110521933653,-0.012041578572539695,12,-0.053628982249459146,-1.3858900644299599,-0.18832178957552664,12,-0.010161850104900427,-1.8289908182968626,-0.029500889141507364
intraday_63:future_21d_return,intraday_63,session,21,-1,False,24,0.016750668450659516,0.6311295368256498,-0.0756313119268814,24,0.0038649417148166176,0.7639498931618615,-0.01374474806548231,12,0.06825307626540889,1.3884194814798108,-0.10285683359695072,12,0.007275563725514936,0.7214198707601818,-0.02782807849344719,12,-0.05486735502099755,-1.8750424822668097,-0.1567209925705817,12,-0.008728977222908158,-2.091106145520293,-0.023258819927028884
reversal5_x_amihud21:future_63d_return,reversal5_x_amihud21,interaction,63,1,False,24,0.020854931182984763,1.041603228616867,-0.04883661093499335,24,0.0056755440389057625,1.1394026399536892,-0.011662651932250946,12,0.03814499789004165,0.9518909621976621,-0.10133888311351145,12,0.005571730957514623,0.40341911430122807,-0.04250194112729915,10,-0.05689576327579125,-2.287917607840999,-0.14345495217475668,10,-0.01338375915229097,-1.807389488739049,-0.03915883733760538
mom_5:future_63d_return,mom_5,momentum,63,-1,False,24,0.010287831036365026,0.5107346037948749,-0.059825753397874055,24,0.003144236883864846,0.5931702998422621,-0.015306320524698236,12,0.04188632737525356,1.007865362480575,-0.10277198482938596,12,-0.0017898474249956366,-0.12057630228328363,-0.05345856482121575,10,-0.05769862097796019,-1.9673055916914253,-0.15978486794394892,10,-0.011700674812165943,-1.3244366940682113,-0.042451256527415396
reversal_5:future_63d_return,reversal_5,reversal,63,1,False,24,0.010287831036365026,0.5107346037948749,-0.059825753397874055,24,0.003144236883864846,0.5931702998422621,-0.015306320524698236,12,0.04188632737525356,1.007865362480575,-0.10277198482938596,12,-0.0017898474249956366,-0.12057630228328363,-0.05345856482121575,10,-0.05769862097796019,-1.9673055916914253,-0.15978486794394892,10,-0.011700674812165943,-1.3244366940682113,-0.042451256527415396
sma_dist_10:future_63d_return,sma_dist_10,trend,63,-1,False,24,0.012584871767682563,0.7491386479646079,-0.04588878076947341,24,0.0004404696254836759,0.09450078558469682,-0.015783389894162184,12,0.03284379007443583,0.8266994856699,-0.10544253358519248,12,-0.009346348522718028,-0.6678279306301655,-0.058060038060987446,10,-0.05849861563641806,-2.1550106729796914,-0.15298512262912395,10,-0.013640337898238703,-1.587401853931881,-0.04355002546672666
volume_z_63:future_63d_return,volume_z_63,volume,63,1,False,24,0.009354809544169512,0.40969368894035363,-0.07012362547035662,24,0.005515414217697132,0.6370281462757471,-0.02462110874931405,12,-0.030118691028027944,-1.0537415337909224,-0.12960781936216353,12,-0.014110905891368547,-1.47102481912059,-0.04750029906413035,10,-0.05904302253948655,-2.4823303018418907,-0.14183393021353202,10,-0.018310856595091074,-2.582072170142097,-0.04299476438800198
beta_126:future_63d_return,beta_126,market,63,-1,False,24,0.08334968818032597,1.3253735479250832,-0.1355470608819474,24,0.028355112163088596,1.3618668716612765,-0.04411690423689227,12,-0.2030784969544748,-2.4049887568953356,-0.49699537154802187,12,-0.08500138032346573,-3.2139656904228744,-0.17705870993990147,10,-0.06324432212722822,-0.8298255778587037,-0.3285266720048188,10,-0.016452177738299316,-0.7176250420980408,-0.09625154324065929
dist_high63_x_volumez21:future_63d_return,dist_high63_x_volumez21,interaction,63,-1,False,24,0.02312802553359373,1.766068847619467,-0.022455148137382936,24,0.005679314993225441,1.0832190319096524,-0.012570283151407135,12,-0.007216544940199923,-0.26850893608128223,-0.10076663449941442,12,-0.012648007485763231,-1.678653470123929,-0.0388741666316645,10,-0.06549965610433509,-3.756674899162407,-0.12618852420907137,10,-0.018766300172508764,-2.3061505364488704,-0.04709095568781107
dist_low_21:future_63d_return,dist_low_21,breakout,63,-1,False,24,0.01155141533415883,0.5717675515993894,-0.05877027884237316,23,0.002552447385305236,0.39257742034566934,-0.020078623895705153,12,-0.027708631891872143,-0.7394586747823751,-0.1581378244923797,12,-0.026411558768231303,-2.0495383335973636,-0.07126663701891629,10,-0.06631444119883365,-2.92431434859043,-0.14524727412589017,10,-0.017360524331737116,-1.9739288297753355,-0.04797345998523804
price_level:future_21d_return,price_level,placebo,21,-1,False,24,0.001220299508937479,0.08586626906371543,-0.04824691709742141,24,-0.0015173789395429734,-0.5291453993728013,-0.011498806478919963,12,0.07051664308291075,3.4423533897816787,-0.0007866861314691775,12,0.015387342751400468,3.915194737685005,0.001707412271243337,12,-0.0691936701147902,-2.5014948486915354,-0.16547462408847413,12,-0.007805316993394482,-1.622484483733229,-0.02455025809150452
sma_dist_21:future_63d_return,sma_dist_21,trend,63,-1,False,24,0.0010966778824686902,0.05332738908173699,-0.07048508579729616,24,-0.0026761025679892104,-0.47241094275464285,-0.022393810836770254,12,0.05405813360153805,1.360272404679761,-0.08426944997158917,12,0.007519781211308778,0.6156272061266624,-0.03499706396716809,10,-0.07039259105715426,-2.3329331693830944,-0.17541894387184165,10,-0.02049279330625776,-2.5357470107366273,-0.04862273735890961
clv_21:future_63d_return,clv_21,microstructure,63,-1,False,24,0.00016174240897698076,0.00879493209490729,-0.06385079570112533,24,0.00042025722959534415,0.06823987107021148,-0.021016082265854847,12,0.06236552400633222,2.1753089934349052,-0.03742682629911699,12,0.016574379828779056,1.9534281117435792,-0.012959022700990034,10,-0.07744149575348,-1.8365589514730734,-0.22421325175394613,10,-0.020818512505919023,-1.4553045538049183,-0.07061164380924738
intraday_63:future_63d_return,intraday_63,session,63,-1,False,24,0.011308567763808,0.36227451629892293,-0.09734486463876033,24,0.0028369794188709383,0.2978019855216487,-0.030322081841033414,12,0.0435562085780215,1.0035435871588358,-0.10751700228889546,12,0.010199391035184196,0.6218361106417184,-0.046892172253915135,10,-0.07967561124522371,-2.0030660979931616,-0.21812905239220712,10,-0.023004155230356427,-2.1223693401433623,-0.06073173597237257
intraday_21:future_63d_return,intraday_21,session,63,-1,False,24,0.00841080406085398,0.28147133745152736,-0.09559964462492218,24,0.004803848294300267,0.5292596434512314,-0.02678938939685988,12,0.039399917485299536,0.7825665194691857,-0.13584590725390966,12,0.008259722538772838,0.5348210341936928,-0.0454967310911798,10,-0.08002471790785001,-2.2500292752285116,-0.20382157354452227,10,-0.024766033360625272,-2.6594086451843757,-0.05718095740261002
range21_x_mom21:future_63d_return,range21_x_mom21,interaction,63,-1,False,24,0.004488678374275401,0.1400360251553963,-0.10708258324195385,24,-0.001113699575772947,-0.11286695586524688,-0.035459597373509205,12,0.058445540126820766,1.1108140509453297,-0.12469464245259368,12,0.012350852338210932,0.6839773987581347,-0.050502552545368444,10,-0.08411175148451293,-2.9293450900512985,-0.1840564519756971,10,-0.02703086863553883,-3.4281589614005323,-0.05447646558059861
mom_21:future_63d_return,mom_21,momentum,63,-1,False,24,0.002175769673623769,0.06886573596786884,-0.10779654267314046,24,-0.002553605867744791,-0.26827778400164976,-0.035685234755339024,12,0.0592477725302602,1.1307532292801101,-0.12313248368996413,12,0.010252931445365125,0.5509512901319226,-0.0545222264152006,10,-0.09053803118037763,-2.8277903175666843,-0.20198223194388337,10,-0.02960449382633326,-4.148511831485414,-0.054443770094358676
reversal_21:future_63d_return,reversal_21,reversal,63,1,False,24,0.002175769673623769,0.06886573596786884,-0.10779654267314046,24,-0.002553605867744791,-0.26827778400164976,-0.035685234755339024,12,0.0592477725302602,1.1307532292801101,-0.12313248368996413,12,0.010252931445365125,0.5509512901319226,-0.0545222264152006,10,-0.09053803118037763,-2.8277903175666843,-0.20198223194388337,10,-0.02960449382633326,-4.148511831485414,-0.054443770094358676
clv_63:future_63d_return,clv_63,microstructure,63,-1,False,24,0.01298059875735151,0.4731777416030828,-0.08250635737846894,24,-9.768211203672911e-05,-0.010626596453917527,-0.03209359336512352,12,0.09015442787358226,1.7073237929191716,-0.09364527286426076,12,0.02774667945888977,1.7007469753964242,-0.029039799437161985,10,-0.09577208568111455,-2.0229533736558363,-0.26056051082889586,10,-0.03220572961098379,-2.3398853225849705,-0.08011418842221872
price_level:future_63d_return,price_level,placebo,63,-1,False,24,0.006269141672469975,0.39247635408003617,-0.049330016848437595,24,0.0023360485796623414,0.3989551170475804,-0.018045231687395587,12,0.07710952473314726,1.992784547906066,-0.05757612020173551,12,0.03937090890304475,3.576942154287438,0.0010587032821223336,10,-0.1050100705398715,-2.346942423675205,-0.2607507789037901,10,-0.02165348218912464,-1.9325615559696812,-0.060653790651938405
dist_low_126:future_63d_return,dist_low_126,breakout,63,-1,False,24,0.031247872685707615,0.9901143928076003,-0.07860431587257782,24,0.009979768653522797,1.180514701237908,-0.01944565367981823,12,0.004635225630866505,0.13954854027016197,-0.11098111309251461,12,-0.01454257595955155,-1.2159132149331866,-0.056173149412676024,10,-0.10580501377262219,-2.830635880558896,-0.23591057833159385,10,-0.03396673461928194,-2.951067889816403,-0.07403017384708985
dist_low_63:future_63d_return,dist_low_63,breakout,63,-1,False,24,0.015098606299525705,0.46935328194924586,-0.09687370239620782,24,0.004148153334025915,0.47771608822175904,-0.02607630767872184,12,0.005752422634965765,0.1296726326261201,-0.1486578142952449,12,-0.01828768437481007,-1.2182702681658022,-0.0705379741271162,10,-0.11478526206212877,-3.2846719336666537,-0.2364228393045274,10,-0.028460983399919936,-2.5086017739067237,-0.06795140841424384
mom_63:future_63d_return,mom_63,momentum,63,-1,False,24,0.0015314771117795102,0.04389397315406305,-0.11991341342538024,24,-0.004772055200394002,-0.4777027822463542,-0.03954338649253446,12,0.08648714172437327,1.7104309108437545,-0.0895156833778755,12,0.023534561187486782,1.1695432773039298,-0.046508229161976306,10,-0.11996661452647128,-2.976955875912963,-0.2602355937207603,10,-0.03355158548132138,-3.0584271602369544,-0.0717362110818316
mom63_over_vol21:future_63d_return,mom63_over_vol21,mom_vol,63,-1,False,24,0.0008271318543077629,0.0238349320691198,-0.11996383540213254,24,-0.003435501405230603,-0.3445119789946901,-0.038145886667570766,12,0.08906282452590375,1.65408876762521,-0.09835516834444469,12,0.023258520740250036,1.2652136240161964,-0.04072849574891864,10,-0.12491308241167107,-3.1851580273425006,-0.26141871505490216,10,-0.035859771225444315,-3.234599143793551,-0.07444851833213154
calendar_month:future_21d_return,calendar_month,placebo,21,-1,False,0,,,,0,,,,0,,,,0,,,,0,,,,0,,,
calendar_month:future_63d_return,calendar_month,placebo,63,-1,False,0,,,,0,,,,0,,,,0,,,,0,,,,0,,,
