claim_id,series,name,data_category,economic_category,post_start_year,post_sample_available_n,tier,validation_n,validation_start,validation_end,validation_mean_monthly,validation_annualized_sharpe,validation_hac_t,validation_bonferroni_lower_bound,validation_leave_one_year_out_min_mean,validation_max_drawdown,validation_lb_after_25bps,lockbox_n,lockbox_start,lockbox_end,lockbox_mean_monthly,lockbox_annualized_sharpe,lockbox_hac_t,lockbox_bonferroni_lower_bound,lockbox_leave_one_year_out_min_mean,lockbox_max_drawdown,lockbox_lb_after_25bps
OPENAP:IO_ShortInterest,IO_ShortInterest,Inst own among high short interest,13F,ownership,2006,228,DIRECTIONALLY_PERSISTENT_ONLY,60,2006-01-31,2010-12-31,0.03116920200396826,0.7709221695420698,1.392297770636852,-0.047102801935495944,0.005954276116071441,-0.7031392364051632,-0.049602801935495947,167,2011-02-28,2024-12-31,0.06758704035975668,0.7470806302177827,2.957102283539327,-0.012324587833370981,0.05631959595750127,-0.9118341856519216,-0.014824587833371011
OPENAP:NetPayoutYield,NetPayoutYield,Net Payout Yield,Accounting,valuation,2008,204,DIRECTIONALLY_PERSISTENT_ONLY,60,2008-01-31,2012-12-31,0.010965235991166679,0.8783655423763445,2.678224699328685,-0.0033495173490678525,0.00747541671298152,-0.1925097755660532,-0.005849517349067853,143,2013-02-28,2024-12-31,0.01685966034341819,0.9523318418261252,2.8199103939782386,-0.004044195884940486,0.01308085652271467,-0.45688357910424304,-0.006544195884940485
OPENAP:roaq,roaq,Return on assets (qtrly),Accounting,profitability,2011,168,DIRECTIONALLY_PERSISTENT_ONLY,60,2011-01-31,2015-12-31,0.00800889519506615,0.7659930325698471,1.7776704372158783,-0.007743052368008339,0.004922649968300341,-0.1864676862229785,-0.010243052368008336,107,2016-02-29,2024-12-31,0.014499227693138828,0.7691206545709466,2.1068660977385347,-0.009562168942346391,0.011013863304613406,-0.48712186170840077,-0.012062168942346392
OPENAP:XFIN,XFIN,Net external financing,Accounting,external financing,2007,216,DIRECTIONALLY_PERSISTENT_ONLY,60,2007-01-31,2011-12-30,0.008338040036865193,0.7243248725487517,1.241110648901025,-0.015151059661818483,0.003372741737630679,-0.3365301972926644,-0.017651059661818486,155,2012-02-29,2024-12-31,0.01438000552841959,0.9156473611563218,2.7250901503142377,-0.00406976955057602,0.010933350861530607,-0.4581409210860211,-0.00656976955057602
OPENAP:GP,GP,gross profits / total assets,Accounting,profitability,2014,132,DIRECTIONALLY_PERSISTENT_ONLY,60,2014-01-31,2018-12-31,0.0068363239428983836,0.8783749996645195,1.719593929068779,-0.007063510504313927,0.003471546418508135,-0.12432738188989534,-0.009563510504313925,71,2019-02-28,2024-12-31,0.013120175029015966,0.823016353089025,2.366736885797807,-0.0062620015771918235,0.010184407554894062,-0.32953630914272924,-0.008762001577191824
OPENAP:OScore,OScore,O Score,Accounting,default risk,1999,312,DIRECTIONALLY_PERSISTENT_ONLY,60,1999-01-29,2003-12-31,0.004661536660651927,0.17794784401256597,0.3972862080835611,-0.03636251141709682,-0.001809296805895196,-0.6109387104568883,-0.038862511417096825,251,2004-02-27,2024-12-31,0.0128568809226355,0.7437904659797441,3.4076112636069418,-0.00033474943725980526,0.010183388132911376,-0.36262779369345166,-0.0028347494372598075
OPENAP:ShareIss1Y,ShareIss1Y,Share issuance (1 year),Accounting,external financing,2009,192,DIRECTIONALLY_PERSISTENT_ONLY,60,2009-01-30,2013-12-31,0.0010308580800069233,0.10863359442742,0.20492860233614024,-0.016556847962908818,-0.004402834712355614,-0.20850373583267656,-0.019056847962908817,131,2014-02-28,2024-12-31,0.01261219740624555,0.8764897649558977,2.4950863204707923,-0.005061120175101512,0.008949323510856684,-0.4234023333207727,-0.0075611201751015125
OPENAP:STreversal,STreversal,Short term reversal,Price,short-term reversal,1991,408,DIRECTIONALLY_PERSISTENT_ONLY,60,1991-01-31,1995-12-29,0.03630343922956875,2.244876965603032,6.221531299568475,0.015901879232202407,0.03298783135917948,-0.08012865495934718,0.013401879232202398,347,1996-02-29,2024-12-31,0.012415556644136645,0.533300486060755,3.293558695044261,-0.000764391004462045,0.009215251570461736,-0.5038183711147104,-0.0032643910044620472
OPENAP:NetEquityFinance,NetEquityFinance,Net equity financing,Accounting,external financing,2007,216,DIRECTIONALLY_PERSISTENT_ONLY,60,2007-01-31,2011-12-30,0.00822307945298166,0.784524562473103,1.4044257436433247,-0.01224837040217052,0.0031118789576797174,-0.27107539680510284,-0.014748370402170521,155,2012-02-29,2024-12-31,0.011431637970122626,0.7494943310904302,2.3163363594129525,-0.00582355160243922,0.008765046371056849,-0.5365418706460847,-0.008323551602439217
OPENAP:ShareIss5Y,ShareIss5Y,Share issuance (5 year),Accounting,external financing,2007,216,DIRECTIONALLY_PERSISTENT_ONLY,60,2007-01-31,2011-12-30,0.005788666518155968,0.6203905480605489,1.278563655424302,-0.010040901848659058,0.0013176080325850072,-0.22622416763961994,-0.012540901848659058,155,2012-02-29,2024-12-31,0.010350708489700237,0.8710898915832977,2.804305678476976,-0.0025542800507806496,0.008497964380101529,-0.4173281192489482,-0.005054280050780645
OPENAP:FirmAgeMom,FirmAgeMom,Firm Age - Momentum,Price,momentum,2007,216,DIRECTIONALLY_PERSISTENT_ONLY,60,2007-01-31,2011-12-30,0.005359430524646121,0.3204876007465224,0.647960587706629,-0.023559548205131706,0.00012719638641247333,-0.5008619173111255,-0.026059548205131705,155,2012-02-29,2024-12-31,0.010179443365218819,0.7936199296311848,2.9207509475478166,-0.002006029901371281,0.00866597859573473,-0.2841916442361535,-0.004506029901371281
OPENAP:Mom6m,Mom6m,Momentum (6 month),Price,momentum,1994,372,DIRECTIONALLY_PERSISTENT_ONLY,60,1994-01-31,1998-12-31,0.014480251251065893,1.0353151629824677,3.4261554832859975,-0.00029660085194597834,0.012745005352890727,-0.16285598093013998,-0.0027966008519459736,311,1999-02-26,2024-12-31,0.010041704372978901,0.3879888231692774,2.34497628349481,-0.004930366489055047,0.0070536381392432455,-0.7770670593064599,-0.007430366489055047
OPENAP:cfp,cfp,Operating Cash flows to price,Accounting,valuation,2005,240,DIRECTIONALLY_PERSISTENT_ONLY,60,2005-01-31,2009-12-31,0.007132208359119275,0.5962896711295751,1.1605218533889539,-0.014355178166997854,0.0019545684375977014,-0.3078222187295738,-0.016855178166997855,179,2010-02-26,2024-12-31,0.009986682930805955,0.6888189030548756,2.1681638222446478,-0.006117624961583379,0.006809600459433064,-0.5088968792305704,-0.008617624961583383
OPENAP:SP,SP,Sales-to-price,Accounting,valuation,1997,336,DIRECTIONALLY_PERSISTENT_ONLY,60,1997-01-31,2001-12-31,0.0026085816653874314,0.12130838935604815,0.23014633796773795,-0.03702043221885414,-0.0010666212858816415,-0.5842157787034528,-0.039520432218854144,275,2002-02-28,2024-12-31,0.009798019814482075,0.7826357143688578,2.836239139701629,-0.0022803511634417063,0.007647513432070796,-0.49591227640306856,-0.004780351163441704
OPENAP:DivOmit,DivOmit,Dividend Omission,Event,payout indicator,1996,347,DIRECTIONALLY_PERSISTENT_ONLY,60,1996-01-31,2000-12-29,0.004254803930052468,0.2932476117026254,0.49246257662053944,-0.025953004310185778,-0.004174209876315661,-0.3898272779657157,-0.02845300431018578,286,2001-02-28,2024-12-31,0.009541750414452111,0.6046333688351354,2.678268016794392,-0.00291448806493462,0.00685948116141939,-0.3883873114816111,-0.005414488064934625
OPENAP:ExchSwitch,ExchSwitch,Exchange Switch,Event,other,1996,348,DIRECTIONALLY_PERSISTENT_ONLY,60,1996-01-31,2000-12-29,0.0033794029179664065,0.42082485282085735,0.7917542265584767,-0.011543815017022981,-0.0012750699054757438,-0.17814784601688038,-0.01404381501702298,287,2001-02-28,2024-12-31,0.008486589435672938,0.7348022360544384,3.740720435130869,0.0005544409156944523,0.007578362287918462,-0.2790412512214142,-0.0019455590843055481
OPENAP:EarningsStreak,EarningsStreak,Earnings surprise streak,Accounting,earnings growth,2013,144,DIRECTIONALLY_PERSISTENT_ONLY,60,2013-01-31,2017-12-29,0.004772572497467055,1.4745651772679356,3.3575369753272617,-0.00019729290697234614,0.0039028151088139882,-0.04292242187003692,-0.0026972929069723458,83,2018-02-28,2024-12-31,0.008426004542524583,1.2553075997670704,2.6478053171153624,-0.002700238334538866,0.0050207927898895,-0.09272648657973803,-0.005200238334538866
OPENAP:IntMom,IntMom,Intermediate Momentum,Price,momentum,2013,144,DIRECTIONALLY_PERSISTENT_ONLY,60,2013-01-31,2017-12-29,0.00368325749826872,0.23807128965092514,0.6058765186813388,-0.017571730171171314,-0.003136355137072418,-0.2773937619943442,-0.020071730171171316,83,2018-02-28,2024-12-31,0.008425382711223312,0.3220703872477896,0.8580646043113972,-0.025905308441347016,-0.0007602591202977347,-0.5448259689631822,-0.028405308441347015
OPENAP:AgeIPO,AgeIPO,IPO and age,Event,other,1992,396,DIRECTIONALLY_PERSISTENT_ONLY,60,1992-01-31,1996-12-31,0.004433590103387853,0.5519796000966515,0.9669147249222986,-0.011598135170171059,0.0023380483324926585,-0.15574129314064866,-0.014098135170171059,335,1997-02-28,2024-12-31,0.008310761249905419,0.4887301168218153,2.1739402673687565,-0.005055381536341901,0.0054203623972020765,-0.5785376201977236,-0.0075553815363419005
OPENAP:Mom12m,Mom12m,Momentum (12 month),Price,momentum,1994,372,DIRECTIONALLY_PERSISTENT_ONLY,60,1994-01-31,1998-12-31,0.01492850680929585,0.9467167292389917,3.501179915519455,2.0662823159751584e-05,0.01217648969388895,-0.144043374291135,-0.0024793371768402524,311,1999-02-26,2024-12-31,0.007789073211796111,0.2877571056262311,1.4167729178731059,-0.011432920745722478,0.005769275403290428,-0.8912602952822647,-0.01393292074572248
OPENAP:SmileSlope,SmileSlope,Put volatility minus call volatility,Options,optionrisk,2012,133,DIRECTIONALLY_PERSISTENT_ONLY,60,2012-01-31,2016-12-30,0.00945792448004079,2.4195804144207713,4.332835147456049,0.0018259559074846402,0.007876904426579635,-0.015474041138210715,-0.000674044092515356,72,2017-02-28,2023-01-31,0.007506908500224854,1.145851152484965,2.528330598504596,-0.0028741146321091104,0.004079085836541686,-0.11072397093238706,-0.005374114632109111
OPENAP:sfe,sfe,Earnings Forecast to price,Analyst,valuation,2002,276,DIRECTIONALLY_PERSISTENT_ONLY,60,2002-01-31,2006-12-29,0.008424319485979843,0.43095572043966124,0.6446275750401735,-0.0372675414731235,-0.0021497731946777004,-0.5485755772339463,-0.03976754147312351,215,2007-02-28,2024-12-31,0.007227797227578737,0.3847900992110544,1.5238726944295342,-0.009355472704547403,0.004980785811234659,-0.5840803833544912,-0.011855472704547405
OPENAP:FEPS,FEPS,Analyst earnings per share,Analyst,profitability,2007,216,DIRECTIONALLY_PERSISTENT_ONLY,60,2007-01-31,2011-12-30,0.005323946220920446,0.4641372101633769,0.9801209366484167,-0.013667887117928249,0.0020305004525415812,-0.3356377618291113,-0.01616788711792825,155,2012-02-29,2024-12-31,0.00713313243090024,0.4183317417676266,1.4458253059475255,-0.01011640137975171,0.004066471106126298,-0.4425849296781845,-0.012616401379751712
OPENAP:AccrualsBM,AccrualsBM,Book-to-market and accruals,Accounting,valuation,2005,240,DIRECTIONALLY_PERSISTENT_ONLY,60,2005-01-31,2009-12-31,0.014068899141928822,0.8538173828275502,1.2093369695767298,-0.02660592498507153,-0.0027354145922054355,-0.34235345649080084,-0.02910592498507153,179,2010-02-26,2024-12-31,0.006907852872332479,0.45029851263926135,1.6295047987084204,-0.007913926092733784,0.004683285223949331,-0.3942749921188744,-0.010413926092733786
OPENAP:RDIPO,RDIPO,IPO and no R&D spending,Event,R&D,2007,216,DIRECTIONALLY_PERSISTENT_ONLY,60,2007-01-31,2011-12-30,0.008282543449602239,0.8300530428363968,1.8113942961834792,-0.007704333197062969,0.0050111331940709035,-0.11614677420997155,-0.01020433319706297,155,2012-02-29,2024-12-31,0.0065525484444322445,0.625306910659996,2.240423776460643,-0.003673149606602144,0.005596752769680375,-0.3198245470312441,-0.006173149606602142
OPENAP:InvGrowth,InvGrowth,Inventory Growth,Accounting,profitability,2013,144,DIRECTIONALLY_PERSISTENT_ONLY,60,2013-01-31,2017-12-29,0.0011151840092711318,0.16006223744386522,0.3045247172423289,-0.011688557031435369,-0.0021010665991957555,-0.21916107009363361,-0.014188557031435371,83,2018-02-28,2024-12-31,0.006355490657821987,0.7153716986132922,2.5257548396740064,-0.0024422425513680396,0.00466877753928611,-0.12372281096018611,-0.00494224255136804
OPENAP:EarnSupBig,EarnSupBig,Earnings surprise of big firms,Accounting,lead lag,2008,204,DIRECTIONALLY_PERSISTENT_ONLY,60,2008-01-31,2012-12-31,0.0011653278917177704,0.12615016585154493,0.44575625353160997,-0.007975038266309374,0.00033985133619519463,-0.20246537518295027,-0.010475038266309373,143,2013-02-28,2024-12-31,0.006268168309211622,0.6221013992880184,2.289692788719318,-0.003303250727618101,0.004780677749191981,-0.2432724276892666,-0.005803250727618101
OPENAP:VolumeTrend,VolumeTrend,Volume Trend,Trading,volume,1997,336,DIRECTIONALLY_PERSISTENT_ONLY,60,1997-01-31,2001-12-31,0.009664038907484533,0.932152831715104,2.9661048782672084,-0.0017275699247811544,0.006779322885068786,-0.1288586625413789,-0.004227569924781156,275,2002-02-28,2024-12-31,0.005948410660926428,0.9790240576983641,4.0978022595657215,0.0008730975213497912,0.005166243996346739,-0.1875010577221231,-0.0016269024786502088
OPENAP:PS,PS,Piotroski F-score,Accounting,composite accounting,2001,288,DIRECTIONALLY_PERSISTENT_ONLY,60,2001-01-31,2005-12-30,0.007646102250481616,0.23451875615273554,0.49608302952012967,-0.04624271204394244,-0.008300395849877564,-0.656588245478327,-0.04874271204394244,227,2006-02-28,2024-12-31,0.005772769487729888,0.2505784840176022,1.0064349472736251,-0.014281710460198386,0.0029606488286454554,-0.7778801980124199,-0.016781710460198388
OPENAP:ChEQ,ChEQ,Growth in book equity,Accounting,investment,2011,168,DIRECTIONALLY_PERSISTENT_ONLY,60,2011-01-31,2015-12-31,0.0008427175868049588,0.14888939204542492,0.27954111744632115,-0.009697492262705385,-0.0013475733284044253,-0.18954730841202871,-0.012197492262705386,107,2016-02-29,2024-12-31,0.005701468429935633,0.6570748416146182,1.6336200586992402,-0.0065010244690030935,0.003619204471715986,-0.15472483390583636,-0.009001024469003093
OPENAP:REV6,REV6,Earnings forecast revisions,Analyst,earnings forecast,1997,336,DIRECTIONALLY_PERSISTENT_ONLY,60,1997-01-31,2001-12-31,0.006164726261061652,0.6787278605704447,1.718006342702073,-0.006381176902644739,0.0015764902137272191,-0.11970524881524114,-0.00888117690264474,275,2002-02-28,2024-12-31,0.005301930443231631,0.5726825763904454,2.950731761380068,-0.0009803481475275464,0.0045989932652869435,-0.3182908367315468,-0.0034803481475275486
OPENAP:PctTotAcc,PctTotAcc,Percent Total Accruals,Accounting,accruals,2012,156,DIRECTIONALLY_PERSISTENT_ONLY,60,2012-01-31,2016-12-30,0.002621448440463965,0.8785960577046849,1.5383135942807102,-0.0033366728413553887,0.0006165190190043554,-0.05846600362349674,-0.005836672841355388,95,2017-02-28,2024-12-31,0.004649718234143026,0.7789203073589809,1.7580339068524289,-0.004597525105599889,0.002058421322321095,-0.12968874847410727,-0.007097525105599888
OPENAP:MS,MS,Mohanram G-score,Accounting,composite accounting,2006,228,DIRECTIONALLY_PERSISTENT_ONLY,60,2006-01-31,2010-12-31,0.00785261508915725,1.1475896360570064,2.398626542053343,-0.0035936703592016495,0.005232930223827005,-0.08674341062960866,-0.006093670359201649,167,2011-02-28,2024-12-31,0.0046241495631300054,0.4822095228685925,1.6259463743518583,-0.005319333801885243,0.0036499877967045642,-0.32497674656352304,-0.007819333801885243
OPENAP:CF,CF,Cash flow to market,Accounting,valuation,1995,360,DIRECTIONALLY_PERSISTENT_ONLY,60,1995-01-31,1999-12-31,0.002801706438410999,0.28551733463840095,0.5206850273242392,-0.016011396672385454,-1.4903685922731369e-05,-0.21432284168344984,-0.018511396672385456,299,2000-02-29,2024-12-31,0.004582530985361804,0.2796090614366563,1.4287931837802206,-0.006631169125117301,0.0037446754859799787,-0.6038951643950587,-0.009131169125117305
OPENAP:BMdec,BMdec,Book to market using December ME,Accounting,valuation,1993,384,DIRECTIONALLY_PERSISTENT_ONLY,60,1993-01-29,1997-12-31,0.014992613707310382,1.823698279733983,3.513714871382518,7.416272725171112e-05,0.01281844477248754,-0.08771621974716648,-0.002425837272748291,323,1998-02-27,2024-12-31,0.0045514973609450055,0.4485187180115515,2.0338652748612125,-0.003272793936724877,0.003660642356809803,-0.4215219638885678,-0.0057727939367248765
OPENAP:MomSeason16YrPlus,MomSeason16YrPlus,Return seasonality years 16 to 20,Price,other,2009,192,DIRECTIONALLY_PERSISTENT_ONLY,60,2009-01-30,2013-12-31,0.004176793050134203,0.54920485186465,1.540211038375228,-0.005304675810109444,0.002724195794980931,-0.11834991222567937,-0.007804675810109445,131,2014-02-28,2024-12-31,0.00452445670466917,0.5701963014913811,2.002930107789063,-0.0033734779995306767,0.003869123317918662,-0.13741901465530582,-0.005873477999530676
OPENAP:BM,BM,"Book to market, original (Stattman 1980)",Accounting,valuation,1981,528,DIRECTIONALLY_PERSISTENT_ONLY,60,1981-01-30,1985-12-31,0.019152105962720236,1.973208044317511,4.9460730073301535,0.005613657053572741,0.016938499567385565,-0.055335911419451156,0.003113657053572751,467,1986-02-28,2024-12-31,0.004393996282518823,0.33685947621736917,1.8426275143316606,-0.003943488041673953,0.0034696975589421216,-0.7713543929643827,-0.006443488041673953
OPENAP:RevenueSurprise,RevenueSurprise,Revenue Surprise,Accounting,sales growth,2007,216,DIRECTIONALLY_PERSISTENT_ONLY,60,2007-01-31,2011-12-30,0.002830313228069847,0.5120702682534632,0.8696442486234296,-0.008548730571146197,0.0006933019294364786,-0.18241155543008192,-0.0110487305711462,155,2012-02-29,2024-12-31,0.004289480645608822,0.7347085196157592,2.128430611666946,-0.0027567704150791034,0.003101584282299562,-0.21822149851150696,-0.005256770415079103
OPENAP:OperProf,OperProf,operating profits / book equity,Accounting,profitability,2007,216,DIRECTIONALLY_PERSISTENT_ONLY,60,2007-01-31,2011-12-30,0.00576928406545924,1.0774675375383707,2.063449717107145,-0.00400625982196106,0.0039374007341709235,-0.1002992277579462,-0.00650625982196106,155,2012-02-29,2024-12-31,0.004188392099106137,0.4652551039684371,1.6696353755472406,-0.004582395439765597,0.0026971687572789104,-0.3168784602960968,-0.0070823954397655955
OPENAP:ChTax,ChTax,Change in Taxes,Accounting,other,2012,156,DIRECTIONALLY_PERSISTENT_ONLY,60,2012-01-31,2016-12-30,0.0044260359358867605,0.9925626667406227,2.0017451959267754,-0.00330466793827636,0.0029361196026418553,-0.10403971120850541,-0.005804667938276361,95,2017-02-28,2024-12-31,0.003988507277417889,0.6417151337457229,1.7511619950263853,-0.003974863966508121,0.0030830601918870435,-0.1681627194147931,-0.006474863966508121
OPENAP:AnalystValue,AnalystValue,Analyst Value,Analyst,valuation,1999,312,DIRECTIONALLY_PERSISTENT_ONLY,60,1999-01-29,2003-12-31,0.0052589006360111035,0.2016185352284969,0.30982206711132726,-0.054087654535892773,-0.0045679533504000116,-0.6026365792397439,-0.056587654535892776,251,2004-02-27,2024-12-31,0.0038609772082081944,0.33569425913410955,1.3617265147798618,-0.006052368260234915,0.0024237088040148817,-0.5002959587176048,-0.008552368260234915
OPENAP:IndIPO,IndIPO,Initial Public Offerings,Event,external financing,1992,396,DIRECTIONALLY_PERSISTENT_ONLY,60,1992-01-31,1996-12-31,0.008989790814739945,1.5189461414985606,3.0375181791900117,-0.0013579036623818236,0.007945574415505334,-0.07595960856218176,-0.0038579036623818284,335,1997-02-28,2024-12-31,0.0036140604511892454,0.33596490760041253,1.7172412469480374,-0.0037442312140034658,0.0020131922674399795,-0.32058632005208676,-0.006244231214003466
OPENAP:IndRetBig,IndRetBig,Industry return of big firms,Price,lead lag,2008,204,DIRECTIONALLY_PERSISTENT_ONLY,60,2008-01-31,2012-12-31,0.011314991255208212,0.9387487240388435,1.700864859317403,-0.011944344675502774,0.008683137399223755,-0.1774811209624354,-0.01444434467550278,143,2013-02-28,2024-12-31,0.0035962128434879046,0.3707058588290671,1.506200078586251,-0.004751656033989067,0.0027788593958032472,-0.20020555933170836,-0.007251656033989066
OPENAP:Frontier,Frontier,Efficient frontier index,Accounting,valuation,2010,180,DIRECTIONALLY_PERSISTENT_ONLY,60,2010-01-29,2014-12-31,0.007559933101881453,0.82568070854728,1.8703358891399222,-0.006572314636785099,0.006114660349075496,-0.1525203802795575,-0.009072314636785093,119,2015-02-27,2024-12-31,0.003563906114605684,0.173458293483209,0.4374157684974826,-0.02492296277845634,-0.0018851219864758875,-0.4971098438173118,-0.027422962778456343
OPENAP:Recomm_ShortInterest,Recomm_ShortInterest,Analyst Recommendations and Short-Interest,Analyst,recommendation,2012,156,DIRECTIONALLY_PERSISTENT_ONLY,60,2012-01-31,2016-12-30,0.006084044902129018,0.557325026337094,2.0680071427374886,-0.004202115045223208,0.0031999699206457385,-0.12095065537282934,-0.006702115045223209,95,2017-02-28,2024-12-31,0.003477378115901509,0.21910824637320322,0.46507460539961426,-0.022664825168119913,-4.234788239959162e-05,-0.44780725272971933,-0.025164825168119916
OPENAP:RoE,RoE,net income / book equity,Accounting,profitability,1997,336,DIRECTIONALLY_PERSISTENT_ONLY,60,1997-01-31,2001-12-31,0.004482029177356226,0.26611070904739326,0.5028888448397288,-0.02667927131387139,0.0006285903929827133,-0.4839089886087268,-0.029179271313871387,275,2002-02-28,2024-12-31,0.003431216261624018,0.46887372431974755,2.0171947633485603,-0.0025159921289941525,0.0026037792518864553,-0.25211625808009464,-0.005015992128994151
OPENAP:ShareRepurchase,ShareRepurchase,Share repurchases,Accounting,payout indicator,1996,348,DIRECTIONALLY_PERSISTENT_ONLY,60,1996-01-31,2000-12-29,0.0016159730820206261,0.23195077102345502,0.4561781176395911,-0.010769499164671464,-0.00021015177810231405,-0.24950234333959942,-0.013269499164671465,287,2001-02-28,2024-12-31,0.0034036762396590773,0.5597101268502136,2.210463733315837,-0.001979985265947087,0.002665550769713703,-0.2957605695002117,-0.004479985265947087
OPENAP:NumEarnIncrease,NumEarnIncrease,Earnings streak length,Accounting,earnings growth,2013,144,DIRECTIONALLY_PERSISTENT_ONLY,60,2013-01-31,2017-12-29,0.002712903893048185,0.8971395684750717,1.8783350314035845,-0.002336896915565945,0.0017683014340435683,-0.04455172884396641,-0.004836896915565945,83,2018-02-28,2024-12-31,0.0033571780719002134,0.597865123927596,1.2665647975991146,-0.0059102636050916355,0.00126136777385148,-0.13388416725394936,-0.008410263605091636
OPENAP:IdioVol3F,IdioVol3F,Idiosyncratic risk (3 factor),Price,volatility,2007,216,DIRECTIONALLY_PERSISTENT_ONLY,60,2007-01-31,2011-12-30,0.002508934012260142,0.12383379139132408,0.21028838281191228,-0.03920554798142619,-0.007863437154622881,-0.6033223103421727,-0.04170554798142619,155,2012-02-29,2024-12-31,0.0033424951500793825,0.22696679356665309,0.6967355526513067,-0.013430696558847278,0.000891416025765229,-0.48753808125755216,-0.01593069655884728
OPENAP:Tax,Tax,Taxable income to income,Accounting,other,2005,240,DIRECTIONALLY_PERSISTENT_ONLY,60,2005-01-31,2009-12-31,0.004968610409284673,0.9494726370653649,2.836985158660903,-0.0011547634811868053,0.003977336500535976,-0.05588690985594269,-0.0036547634811868054,179,2010-02-26,2024-12-31,0.0032841505484957605,0.6428282677128649,2.790794343548045,-0.0008302646949961299,0.002866902895680024,-0.0840877044539935,-0.00333026469499613
OPENAP:VolMkt,VolMkt,Volume to market equity,Trading,volume,1997,336,DIRECTIONALLY_PERSISTENT_ONLY,60,1997-01-31,2001-12-31,0.004516937351866088,0.17070918952967126,0.36456840569569343,-0.03880201402679349,-0.0029586280619469767,-0.6548744355510339,-0.041302014026793496,275,2002-02-28,2024-12-31,0.0032391528840521023,0.3207468015972048,1.399732156641714,-0.00485179499955282,0.0016987271634973987,-0.36436505488116944,-0.007351794999552822
OPENAP:EarningsSurprise,EarningsSurprise,Earnings Surprise,Accounting,earnings growth,1985,480,DIRECTIONALLY_PERSISTENT_ONLY,60,1985-01-31,1989-12-29,0.009388631698024933,2.54259665778691,7.054456525181087,0.004735432566703329,0.008609732813469077,-0.025043444911961865,0.002235432566703329,419,1990-02-28,2024-12-31,0.0031721063752809696,0.5945774914736207,3.0081745220720015,-0.0005147618132852073,0.0028512410488283606,-0.32721916163090514,-0.0030147618132852073
OPENAP:MRreversal,MRreversal,Medium-run reversal,Price,long term reversal,1986,468,DIRECTIONALLY_PERSISTENT_ONLY,60,1986-01-31,1990-12-31,0.0027833469978005396,0.4136951437503594,1.0379504113266036,-0.006592351751494202,0.0013615369720864315,-0.11004219254650505,-0.009092351751494202,407,1991-02-28,2024-12-31,0.003155541692658537,0.2900375546441429,1.404818183063068,-0.004698020727903234,0.002181645025194957,-0.6826648575337761,-0.007198020727903234
OPENAP:CompEquIss,CompEquIss,Composite equity issuance,Accounting,external financing,2007,216,DIRECTIONALLY_PERSISTENT_ONLY,60,2007-01-31,2011-12-30,0.004554682374694261,0.5969660732386222,1.2085143429126814,-0.008622397678645246,0.001423119426245367,-0.21379082941486383,-0.011122397678645243,155,2012-02-29,2024-12-31,0.003114739768511326,0.5221025734620015,1.8874331636791593,-0.002655091105788031,0.002159073782369789,-0.1666858569094205,-0.005155091105788031
OPENAP:CPVolSpread,CPVolSpread,Call minus Put Vol,Options,optionrisk,2010,157,DIRECTIONALLY_PERSISTENT_ONLY,60,2010-01-29,2014-12-31,0.007059042897551105,1.5704366857138252,4.33135825213824,0.0013608832631267125,0.006129361442943854,-0.03596234589546776,-0.0011391167368732863,96,2015-02-27,2023-01-31,0.003112981019810676,0.5628092550389484,1.6994229177618505,-0.0032915583415040503,0.002174060389342506,-0.12049996909948335,-0.0057915583415040495
OPENAP:IntanCFP,IntanCFP,Intangible return using CFtoP,Accounting,long term reversal,2007,216,DIRECTIONALLY_PERSISTENT_ONLY,60,2007-01-31,2011-12-30,0.0023149629998062307,0.1892636428486339,0.39666503813127385,-0.0180898691887621,-0.002894033211102981,-0.2768181160591523,-0.020589869188762103,155,2012-02-29,2024-12-31,0.0030265570380710533,0.2806670173461491,0.9922488152786328,-0.007637959473382344,0.0015746401495842503,-0.32006075366583964,-0.010137959473382344
OPENAP:MomOffSeason16YrPlus,MomOffSeason16YrPlus,Off season reversal years 16 to 20,Price,other,2009,192,DIRECTIONALLY_PERSISTENT_ONLY,60,2009-01-30,2013-12-31,0.00022252910341815922,0.03407007266518471,0.09829796814684216,-0.007692548445430912,-0.0010398095730471764,-0.15484613982847817,-0.01019254844543091,131,2014-02-28,2024-12-31,0.002971330412159471,0.3164935334879688,1.2059424701982209,-0.005643312000874716,0.0012627898715492157,-0.2689697124760063,-0.008143312000874717
OPENAP:Leverage,Leverage,Market leverage,Accounting,leverage,1989,432,DIRECTIONALLY_PERSISTENT_ONLY,60,1989-01-31,1993-12-31,0.00445697498253862,0.4584772049265256,0.7783254108268295,-0.015564307068782549,-0.0011826014719100294,-0.31305295887683526,-0.018064307068782554,371,1994-02-28,2024-12-31,0.0029446531827596804,0.18279844798995076,0.7989728831411268,-0.009941254296768332,0.0013594891862580365,-0.7513792096666418,-0.012441254296768333
OPENAP:MomOffSeason06YrPlus,MomOffSeason06YrPlus,Off season reversal years 6 to 10,Price,other,2009,192,DIRECTIONALLY_PERSISTENT_ONLY,60,2009-01-30,2013-12-31,0.00964107217492292,1.4802910132491618,3.1202020692877714,-0.001162204797298753,0.007326748496958457,-0.060356880765080057,-0.0036622047972987484,131,2014-02-28,2024-12-31,0.0029177806287744943,0.25456061859682994,0.8622577479272402,-0.008913409354415513,0.0014571110387873874,-0.3324094310756597,-0.011413409354415514
OPENAP:DivInit,DivInit,Dividend Initiation,Event,payout indicator,1996,348,DIRECTIONALLY_PERSISTENT_ONLY,60,1996-01-31,2000-12-29,0.0054558012849071,0.45280088398347745,0.8540983914502595,-0.016878045725582942,0.0019191735974986373,-0.3655634127565943,-0.019378045725582937,287,2001-02-28,2024-12-31,0.002794791286446076,0.29529439546762565,1.409406080228187,-0.004138287521971684,0.0020288378659112758,-0.35050701972183584,-0.006638287521971685
OPENAP:DelEqu,DelEqu,Change in equity to assets,Accounting,investment,2006,228,DIRECTIONALLY_PERSISTENT_ONLY,60,2006-01-31,2010-12-31,0.002761983542963048,0.34981518982018667,0.6157960438204082,-0.012919859007891086,-0.0023532182621494925,-0.25417421002928153,-0.015419859007891086,167,2011-02-28,2024-12-31,0.0027826556428563855,0.3389125661184394,1.0606022844525582,-0.006390522001788137,0.0012804447449089327,-0.24983190012545042,-0.008890522001788139
OPENAP:AssetGrowth,AssetGrowth,Asset growth,Accounting,investment,2009,192,DIRECTIONALLY_PERSISTENT_ONLY,60,2009-01-30,2013-12-31,0.014413634409112554,1.4643141858192945,3.310264977585206,-0.0008101855808321807,0.010678531867250216,-0.11266073668126864,-0.0033101855808321777,131,2014-02-28,2024-12-31,0.0027815391118899387,0.2704578222831115,0.7989043586126029,-0.009391619409182678,1.7113182416259883e-05,-0.2686610028330113,-0.011891619409182678
OPENAP:ChangeInRecommendation,ChangeInRecommendation,Change in recommendation,Analyst,recommendation,2005,240,DIRECTIONALLY_PERSISTENT_ONLY,60,2005-01-31,2009-12-31,0.0021394116699103875,0.604625824812946,1.63289729564718,-0.0024414627659085945,0.0012070735718981397,-0.0677462706650811,-0.004941462765908594,179,2010-02-26,2024-12-31,0.002736379413559871,0.6181620338005331,3.036185397909192,-0.00041471143367220785,0.0021445516849394153,-0.1071659628067787,-0.0029147114336722083
OPENAP:ChInv,ChInv,Inventory Growth,Accounting,investment alt,2003,264,DIRECTIONALLY_PERSISTENT_ONLY,60,2003-01-31,2007-12-31,0.0013314262423791206,0.22390907222385595,0.34515253589860306,-0.012155685046362712,-0.0029686094955810823,-0.200042785276483,-0.01465568504636271,203,2008-02-29,2024-12-31,0.002712021486926253,0.5034233456839307,2.0690820322055385,-0.0018707511757475514,0.002233004425790955,-0.17497013810837048,-0.004370751175747551
OPENAP:NetDebtFinance,NetDebtFinance,Net debt financing,Accounting,external financing,2007,216,DIRECTIONALLY_PERSISTENT_ONLY,60,2007-01-31,2011-12-30,0.006119560592705469,1.2352668175833348,2.9997149067664055,-0.0010131262189614397,0.00428752629313383,-0.058126996216691706,-0.003513126218961439,155,2012-02-29,2024-12-31,0.002631838981717192,0.43811174583994755,1.3930654423274675,-0.003973584917182286,0.001440406337469843,-0.2407493806955262,-0.006473584917182287
OPENAP:DelBreadth,DelBreadth,Breadth of ownership,13F,ownership,2003,264,DIRECTIONALLY_PERSISTENT_ONLY,60,2003-01-31,2007-12-31,0.005954058401962093,0.8108252136730356,1.3904743983473036,-0.009017361470537246,0.0015224723505548503,-0.10889235892990734,-0.011517361470537245,203,2008-02-29,2024-12-31,0.002458542206883135,0.23337717320447,0.9707710146876181,-0.006396156020044116,0.0014772059220886776,-0.42749363545847496,-0.008896156020044116
OPENAP:CashProd,CashProd,Cash Productivity,Accounting,profitability alt,2010,180,DIRECTIONALLY_PERSISTENT_ONLY,60,2010-01-29,2014-12-31,0.001825087885634518,0.27899907524042655,0.5858464360355289,-0.009067043896915117,0.0006211843098281154,-0.18330298691025393,-0.011567043896915118,119,2015-02-27,2024-12-31,0.00243420096190862,0.21096699609786898,0.5400561142351399,-0.01332486377042896,-0.0009747284153713853,-0.49075934451192293,-0.015824863770428958
OPENAP:MaxRet,MaxRet,Maximum return over month,Price,volatility,2012,156,DIRECTIONALLY_PERSISTENT_ONLY,60,2012-01-31,2016-12-30,0.0022173402286201735,0.16233367534851206,0.35829156770229137,-0.019420237754932117,-0.0021957683252957047,-0.3037576248021323,-0.021920237754932115,95,2017-02-28,2024-12-31,0.002390086508670836,0.1097135027180281,0.36349899169547717,-0.020599084293286225,-0.0038943498473698957,-0.47006543354638386,-0.02309908429328623
OPENAP:CustomerMomentum,CustomerMomentum,Customer momentum,Other,lead lag,2009,192,DIRECTIONALLY_PERSISTENT_ONLY,60,2009-01-30,2013-12-31,0.00842438041246118,1.024209562744552,3.6201897184164133,0.00028821937133651637,0.007048154023653945,-0.08539492546434624,-0.002211780628663485,131,2014-02-28,2024-12-31,0.0023231570259474752,0.21019737045016748,0.7871407129401453,-0.007995878002630491,0.0006750861401171139,-0.23778967790897398,-0.010495878002630491
OPENAP:PayoutYield,PayoutYield,Payout Yield,Accounting,valuation,2008,204,DIRECTIONALLY_PERSISTENT_ONLY,60,2008-01-31,2012-12-31,0.0011861256258703641,0.12046162741410016,0.20360490498066774,-0.019182200948517494,-0.0060671915360869235,-0.26751468239264997,-0.021682200948517496,143,2013-02-28,2024-12-31,0.002290799070285666,0.24082231883622562,0.668050362530277,-0.00969841435166502,-0.00032347109302017563,-0.4124362517965551,-0.012198414351665021
OPENAP:CoskewACX,CoskewACX,Coskewness using daily returns,Price,risk,2007,216,DIRECTIONALLY_PERSISTENT_ONLY,60,2007-01-31,2011-12-30,0.004758762049926236,0.33157548879228504,0.709277528101513,-0.0186992219734475,0.0012695920959102925,-0.3574188874257632,-0.0211992219734475,155,2012-02-29,2024-12-31,0.0022346251586595946,0.2626824205079231,1.029781243276794,-0.005352418860941954,0.0009101081096108936,-0.24377777397408873,-0.007852418860941953
OPENAP:zerotrade1M,zerotrade1M,Days with zero trades,Trading,liquidity,2007,216,DIRECTIONALLY_PERSISTENT_ONLY,60,2007-01-31,2011-12-30,0.004154897924869384,0.21044308008112617,0.4242677343774181,-0.03008506225470863,-0.00231393552771127,-0.564047325940755,-0.03258506225470863,155,2012-02-29,2024-12-31,0.0022178166933068976,0.1426695807912371,0.5217174053814967,-0.012645071791232417,0.0006051465088069904,-0.6087104510994198,-0.015145071791232418
OPENAP:EP,EP,Earnings-to-Price Ratio,Accounting,valuation,1978,564,DIRECTIONALLY_PERSISTENT_ONLY,60,1978-01-31,1982-12-31,0.0010109280983728768,0.12301981620853483,0.2110028171217033,-0.015740232839302922,-0.004340756804142257,-0.2913375546866064,-0.018240232839302924,503,1983-02-28,2024-12-31,0.0021908140032292677,0.2629035526202812,1.5235723914750368,-0.0028367234079610297,0.0017517560053187321,-0.4315819953495684,-0.00533672340796103
OPENAP:AM,AM,Total assets to market,Accounting,valuation,1993,384,DIRECTIONALLY_PERSISTENT_ONLY,60,1993-01-29,1997-12-31,0.018354354485169644,1.5789352171139124,3.3037611693840336,-0.0010698556534344678,0.015256584403250098,-0.13513799037874252,-0.0035698556534344665,323,1998-02-27,2024-12-31,0.0021666849024852153,0.1371831469269589,0.5603578490296924,-0.011352272345623585,0.00036104734300575165,-0.7032078301936338,-0.013852272345623588
OPENAP:MomOffSeason,MomOffSeason,Off season long-term reversal,Price,other,2009,192,DIRECTIONALLY_PERSISTENT_ONLY,60,2009-01-30,2013-12-31,0.008197128706688529,0.5248626797905342,0.837134786881753,-0.02603857522324127,-0.00276261039628958,-0.3308033966208578,-0.028538575223241273,131,2014-02-28,2024-12-31,0.0019958348946315734,0.11618188038017326,0.30633657559275934,-0.02078337494166509,-0.0018419739622884126,-0.5390085327798761,-0.02328337494166509
OPENAP:dNoa,dNoa,change in net operating assets,Accounting,investment,2005,240,DIRECTIONALLY_PERSISTENT_ONLY,60,2005-01-31,2009-12-31,0.001711196687856218,0.30118466790264464,0.5478887985458644,-0.009208747194035824,-0.0015348981446551351,-0.15087755044167306,-0.011708747194035822,179,2010-02-26,2024-12-31,0.0019418089946375788,0.36867480199836605,1.3113807127640993,-0.0032353394001873124,0.000961403941631877,-0.15439342824784974,-0.005735339400187313
OPENAP:CompositeDebtIssuance,CompositeDebtIssuance,Composite debt issuance,Accounting,external financing,2009,192,DIRECTIONALLY_PERSISTENT_ONLY,60,2009-01-30,2013-12-31,0.002889760971963562,1.2254790636753166,2.5311611071063598,-0.0011019127017412775,0.002361799014459672,-0.029180826264431414,-0.0036019127017412793,131,2014-02-28,2024-12-31,0.0019152811657018422,0.4117310481822747,1.2715469192867555,-0.0033511091686076336,0.0007947471745265942,-0.12926126612552458,-0.005851109168607635
OPENAP:OrgCap,OrgCap,Organizational capital,Accounting,R&D,2014,132,DIRECTIONALLY_PERSISTENT_ONLY,60,2014-01-31,2018-12-31,0.00170898914263857,0.33659044752066253,0.9110217977972226,-0.004849796424267978,0.0005576429079581611,-0.08412856438125749,-0.007349796424267978,71,2019-02-28,2024-12-31,0.0018027777127132725,0.21115076228958665,0.39433776819763533,-0.01418126764330637,-0.0009536823729136399,-0.3327781437347014,-0.01668126764330637
OPENAP:Beta,Beta,CAPM beta,Price,risk,1974,612,DIRECTIONALLY_PERSISTENT_ONLY,60,1974-01-31,1978-12-29,0.01015152222301678,0.5527993856753415,1.524664518158274,-0.013127770061876506,0.007135273248122528,-0.23378242367562263,-0.015627770061876503,551,1979-02-28,2024-12-31,0.0016765960697119966,0.07943924073103502,0.5090477361780466,-0.009838904744803138,0.0002940526753907702,-0.8808039932492323,-0.01233890474480314
OPENAP:UpRecomm,UpRecomm,Up Forecast,Analyst,earnings forecast,2002,276,DIRECTIONALLY_PERSISTENT_ONLY,60,2002-01-31,2006-12-29,0.002723928208987711,1.0430893680860749,3.488952001972081,-5.7632411187523436e-06,0.0023723985754933122,-0.03624515135525419,-0.0025057632411187533,215,2007-02-28,2024-12-31,0.0015734568553554447,0.4378788203198371,2.3900233853963035,-0.0007283325438537526,0.0012281797371340491,-0.08719824529108078,-0.0032283325438537524
OPENAP:MomSeasonShort,MomSeasonShort,Return seasonality last year,Price,other,2009,192,DIRECTIONALLY_PERSISTENT_ONLY,60,2009-01-30,2013-12-31,0.00214063165480476,0.19623470886409028,0.5275878713085902,-0.012045371017865554,0.0006447088396684397,-0.1961246350691913,-0.014545371017865552,131,2014-02-28,2024-12-31,0.001379962338246485,0.10806487427264654,0.35411186269092493,-0.01224513630252534,-0.001823977526291274,-0.5603712229286798,-0.01474513630252534
OPENAP:DelCOL,DelCOL,Change in current operating liabilities,Accounting,external financing,2006,228,DIRECTIONALLY_PERSISTENT_ONLY,60,2006-01-31,2010-12-31,0.00014541347717407987,0.027664494912032645,0.051314449817092864,-0.009762401316537122,-0.0022165340272446055,-0.1956111421779706,-0.012262401316537124,167,2011-02-28,2024-12-31,0.0012696031659111882,0.2526233793762109,0.8903854287325783,-0.003715829438853163,0.0003924179019408245,-0.1600727443836858,-0.006215829438853163
OPENAP:DelLTI,DelLTI,Change in long-term investment,Accounting,investment,2006,228,DIRECTIONALLY_PERSISTENT_ONLY,60,2006-01-31,2010-12-31,0.0010372435278889292,0.3694367552319269,0.9730948411129029,-0.0026895768416598225,-0.0002502552624589883,-0.054184974199128155,-0.005189576841659823,167,2011-02-28,2024-12-31,0.0012392374453304362,0.37129657273121086,1.2856414245613332,-0.0021308996451203637,0.000884123868260739,-0.12937694120894738,-0.004630899645120364
OPENAP:DownRecomm,DownRecomm,Down forecast EPS,Analyst,earnings forecast,2002,276,DIRECTIONALLY_PERSISTENT_ONLY,60,2002-01-31,2006-12-29,0.003962415874045236,1.568291098128235,3.820279130212077,0.0003359979225855585,0.0030333882975483745,-0.024112499190930836,-0.0021640020774144402,215,2007-02-28,2024-12-31,0.001224627032152679,0.3847905941099013,2.1976572441808777,-0.0007236772263301164,0.0009641772497020159,-0.0722208418060788,-0.0032236772263301164
OPENAP:DelFINL,DelFINL,Change in financial liabilities,Accounting,external financing,2006,228,DIRECTIONALLY_PERSISTENT_ONLY,60,2006-01-31,2010-12-31,0.004013855803879658,1.182361988530545,3.851012389488407,0.00036967641237371134,0.003619635320286875,-0.025887257824314447,-0.0021303235876262874,167,2011-02-28,2024-12-31,0.0011942576488095393,0.26757239728397014,0.9124932906624151,-0.0033816921217092954,0.00027501032247643614,-0.2116939169442167,-0.005881692121709294
OPENAP:retConglomerate,retConglomerate,Conglomerate return,Price,lead lag,2013,144,DIRECTIONALLY_PERSISTENT_ONLY,60,2013-01-31,2017-12-29,0.005646872146679042,0.597205396622573,1.8475579639373076,-0.005039315089135225,0.004360711217029194,-0.11837778123068388,-0.007539315089135224,83,2018-02-28,2024-12-31,0.001127428725596758,0.1134024651715226,0.3637861149362069,-0.009708243870492088,-0.0004949903171889886,-0.20846136805120719,-0.012208243870492089
OPENAP:DivSeason,DivSeason,Dividend seasonality,Event,payout indicator,2014,132,DIRECTIONALLY_PERSISTENT_ONLY,60,2014-01-31,2018-12-31,0.0007097568895641879,0.6200390458070097,1.7042352929152103,-0.0007463490020125001,0.00042437329827048754,-0.014807507191306968,-0.0032463490020125003,71,2019-02-28,2024-12-31,0.001114063456055495,0.6781237691171208,1.6482906720517319,-0.001249074222239136,0.0007443826019792284,-0.0354674276287682,-0.0037490742222391358
OPENAP:zerotrade12M,zerotrade12M,Days with zero trades,Trading,liquidity,2007,216,DIRECTIONALLY_PERSISTENT_ONLY,60,2007-01-31,2011-12-30,0.004870010698198397,0.24229005965768363,0.4990353162026313,-0.029250186382387897,-0.0018944529399647157,-0.5345737845426481,-0.0317501863823879,155,2012-02-29,2024-12-31,0.00108305323823149,0.06399254106717987,0.2423164774368297,-0.014544095840306921,-0.00044449720685627123,-0.6449797847841985,-0.017044095840306923
OPENAP:skew1,skew1,Volatility smirk near the money,Options,optionrisk,2011,145,DIRECTIONALLY_PERSISTENT_ONLY,60,2011-01-31,2015-12-31,0.0031752909600117093,0.7325659770838552,2.424378707030907,-0.001403976004482744,0.0021546772360375777,-0.06339585677614612,-0.0039039760044827436,84,2016-02-29,2023-01-31,0.0010445279311183714,0.17829983452311698,0.38627202095938085,-0.008409996815476582,-0.0012238017480300427,-0.21319998574641652,-0.01090999681547658
OPENAP:CredRatDG,CredRatDG,Credit Rating Downgrade,Analyst,other,2002,276,DIRECTIONALLY_PERSISTENT_ONLY,60,2002-01-31,2006-12-29,0.007952494315105314,0.9485330133335026,2.3916937319378175,-0.0036729804826910236,0.005579633586187055,-0.12727149419212547,-0.0061729804826910215,215,2007-02-28,2024-12-31,0.001029157745550438,0.08213549379999464,0.3686866939998364,-0.008730562741484517,0.00010893015972744265,-0.46046624834533123,-0.011230562741484517
OPENAP:zerotrade6M,zerotrade6M,Days with zero trades,Trading,liquidity,2007,216,DIRECTIONALLY_PERSISTENT_ONLY,60,2007-01-31,2011-12-30,0.008035165492940198,0.3926604802559761,0.8471502652397699,-0.025127335182977266,0.0012139205727198892,-0.4979583332242761,-0.02762733518297726,155,2012-02-29,2024-12-31,0.0009727144132816089,0.056401014509304834,0.20962524713515165,-0.01525116316350125,-0.0008570075979301077,-0.6433990440859243,-0.01775116316350125
OPENAP:RIVolSpread,RIVolSpread,Realized minus Implied Vol,Options,optionrisk,2010,157,DIRECTIONALLY_PERSISTENT_ONLY,60,2010-01-29,2014-12-31,0.0027358206239479987,0.3154904599207713,1.029446388150852,-0.006555913664409028,0.0010532618017924796,-0.10724161749839167,-0.009055913664409034,96,2015-02-27,2023-01-31,0.0008613700725522735,0.07838924277755248,0.20034548255832502,-0.014170849863850586,-0.0024117035244739485,-0.29824829236739614,-0.016670849863850586
OPENAP:MomSeason11YrPlus,MomSeason11YrPlus,Return seasonality years 11 to 15,Price,other,2009,192,DIRECTIONALLY_PERSISTENT_ONLY,60,2009-01-30,2013-12-31,0.0029272272473038785,0.4507782811457086,1.0800377063598527,-0.0065488898384564575,0.00046899292109141196,-0.09991615394489417,-0.00904888983845646,131,2014-02-28,2024-12-31,0.0008344654975671771,0.09758253588306583,0.36984171656944986,-0.007054233504357366,-0.00026003101634297036,-0.2296467121078697,-0.009554233504357367
OPENAP:NetDebtPrice,NetDebtPrice,Net debt to price,Accounting,leverage,2008,204,DIRECTIONALLY_PERSISTENT_ONLY,60,2008-01-31,2012-12-31,0.0017745304932171536,0.14051268008468468,0.29860434165300315,-0.01900330223329602,-0.0016455134157798128,-0.31839970156908315,-0.02150330223329602,143,2013-02-28,2024-12-31,0.0007375671165710298,0.04641410391182085,0.137802010709608,-0.01797609951218991,-0.002503635524686614,-0.660073959063539,-0.020476099512189913
OPENAP:betaVIX,betaVIX,Systematic volatility,Price,volatility,2007,216,DIRECTIONALLY_PERSISTENT_ONLY,60,2007-01-31,2011-12-30,0.006607414512606516,0.684478486714232,1.3336456254595577,-0.010714823641038117,0.0057778923213073355,-0.14266118807084172,-0.013214823641038115,155,2012-02-29,2024-12-31,0.0006785465700573329,0.07025721077923623,0.24663681639315624,-0.008940558104724335,-0.0016589503164939948,-0.3862235046571607,-0.011440558104724335
OPENAP:Price,Price,Price,Price,other,1974,612,DIRECTIONALLY_PERSISTENT_ONLY,60,1974-01-31,1978-12-29,0.026265877400580822,1.2798101274795153,3.278313434805914,-0.0017467817122460358,0.021368238643067777,-0.21017675883170295,-0.004246781712246031,551,1979-02-28,2024-12-31,0.0006482939275969128,0.031088898102408908,0.1829913346352037,-0.011738369187597818,-0.0012572773883039782,-0.8359473191869929,-0.01423836918759782
OPENAP:ChAssetTurnover,ChAssetTurnover,Change in Asset Turnover,Accounting,sales growth,2009,192,DIRECTIONALLY_PERSISTENT_ONLY,60,2009-01-30,2013-12-31,0.00035277064225355175,0.11353404514336572,0.27121972014456636,-0.0041948483262325385,-9.468923366770239e-05,-0.0793181004560698,-0.006694848326232538,131,2014-02-28,2024-12-31,0.0006252677593125229,0.16669516503294776,0.5372469105043518,-0.003443894483171636,0.00019073030633864655,-0.13573103158215916,-0.005943894483171636
OPENAP:EntMult,EntMult,Enterprise Multiple,Accounting,valuation,2012,156,DIRECTIONALLY_PERSISTENT_ONLY,60,2012-01-31,2016-12-30,0.0066652071221652955,0.9513807685563727,2.19732623029004,-0.003940313839458175,0.0019398602926506477,-0.08284891471419253,-0.006440313839458177,95,2017-02-28,2024-12-31,0.0006111408826834461,0.04290964250519531,0.10037087089125932,-0.020677431657758386,-0.0046041498341606105,-0.48160114933576004,-0.023177431657758388
OPENAP:ChForecastAccrual,ChForecastAccrual,Change in Forecast and Accrual,Analyst,earnings forecast,2005,240,DIRECTIONALLY_PERSISTENT_ONLY,60,2005-01-31,2009-12-31,0.002744045917358517,0.575130986832674,1.3411995761753257,-0.004409326962527774,0.0015859976485488377,-0.11751586106434952,-0.006909326962527775,179,2010-02-26,2024-12-31,0.0005218141819907908,0.1564562488672524,0.6280728565421579,-0.002383002636650357,0.00012039443363194739,-0.11810303689334312,-0.004883002636650357
OPENAP:AdExp,AdExp,Advertising Expense,Accounting,R&D,2002,276,DIRECTIONALLY_PERSISTENT_ONLY,60,2002-01-31,2006-12-29,0.012363517310581386,1.3701122919286153,3.14933207965838,-0.0013622452322527897,0.008076676566860742,-0.07731312737397589,-0.0038622452322527884,215,2007-02-28,2024-12-31,0.00048261905758265934,0.042933931629536584,0.14186996151576625,-0.011411352986109225,-0.001354813473961475,-0.4748694349856284,-0.013911352986109226
OPENAP:RD,RD,R&D over market cap,Accounting,R&D,2002,276,DIRECTIONALLY_PERSISTENT_ONLY,60,2002-01-31,2006-12-29,0.00861713845960858,0.4185680936932556,0.6859338870034076,-0.035306034907064646,-0.00632324619056283,-0.3756389397261082,-0.03780603490706464,215,2007-02-28,2024-12-31,0.00047018427645294697,0.03143302560357219,0.12779660958400024,-0.01239339023511773,-0.001962189761510609,-0.7021893815433695,-0.014893390235117729
OPENAP:CitationsRD,CitationsRD,Citations to RD expenses,Other,profitability alt,2014,132,DIRECTIONALLY_PERSISTENT_ONLY,60,2014-01-31,2018-12-31,0.0011069376827363318,0.21110591764645986,0.46669017761985765,-0.007185981034897102,-0.00011682169935685906,-0.11148333793875376,-0.0096859810348971,71,2019-02-28,2024-12-31,0.00044615178993056155,0.055363920862889195,0.12086428501670621,-0.012460023205824178,-0.001603822618077706,-0.2288980510387829,-0.014960023205824178
OPENAP:DelDRC,DelDRC,Deferred Revenue,Accounting,investment alt,2014,132,DIRECTIONALLY_PERSISTENT_ONLY,60,2014-01-31,2018-12-31,0.004935900009747746,1.001284255674259,2.286067737834926,-0.0026131126834738026,0.0038097960639464335,-0.06571112994315409,-0.005113112683473803,71,2019-02-28,2024-12-31,0.0003945656894760696,0.05572626808135713,0.1359444574425574,-0.009753206488996432,-0.0015926891149084586,-0.22243234572353487,-0.012253206488996434
OPENAP:IndMom,IndMom,Industry Momentum,Price,momentum,2000,300,DIRECTIONALLY_PERSISTENT_ONLY,60,2000-01-31,2004-12-31,0.014024792772465416,0.6192710069675268,2.3477606228190955,-0.006861219829452984,0.008870378033295157,-0.3082163459510874,-0.009361219829452979,239,2005-02-28,2024-12-31,0.0002897584190793304,0.03773866686685851,0.16373430760834973,-0.0058976569662912565,-0.00038461916224169675,-0.3644823416359292,-0.008397656966291257
OPENAP:Accruals,Accruals,Accruals,Accounting,accruals,1997,336,DIRECTIONALLY_PERSISTENT_ONLY,60,1997-01-31,2001-12-31,0.004783116705923416,0.7152451620547235,1.177655169504133,-0.00941745181701543,0.0013102503281969616,-0.1501616861187337,-0.011917451817015428,275,2002-02-28,2024-12-31,0.0002648832157448932,0.05339380487795995,0.24218488836540333,-0.003559138028443686,-0.00011412094300290662,-0.29765317847670025,-0.006059138028443687
OPENAP:IdioVolAHT,IdioVolAHT,Idiosyncratic risk (AHT),Price,volatility,2004,252,DIRECTIONALLY_PERSISTENT_ONLY,60,2004-01-30,2008-12-31,0.008696681090878936,0.49280005241041525,1.1750022753704459,-0.017181141675853877,0.0015838150320155418,-0.25606099985489583,-0.019681141675853882,191,2009-02-27,2024-12-31,0.00017562447214396597,0.009629171369094313,0.034776413327716596,-0.01748122196930463,-0.0027320934909603307,-0.6499928545140246,-0.019981221969304633
OPENAP:ConsRecomm,ConsRecomm,Consensus Recommendation,Analyst,recommendation,2002,276,DIRECTIONALLY_PERSISTENT_ONLY,60,2002-01-31,2006-12-29,0.004657824508931837,0.7713080226844796,1.9722729999211708,-0.0035993029678004947,0.0027443238586610606,-0.07554259444349176,-0.006099302967800493,215,2007-02-28,2024-12-31,0.000153532624770498,0.016286456604696457,0.06383475233431479,-0.008255700529826557,-0.0009043043381979642,-0.4279791932595044,-0.010755700529826558
OPENAP:InvestPPEInv,InvestPPEInv,change in ppe and inv/assets,Accounting,investment,2009,192,DIRECTIONALLY_PERSISTENT_ONLY,60,2009-01-30,2013-12-31,0.006166812003605805,1.439925457056457,3.9965217317573085,0.0007718122739311627,0.005739149877922797,-0.04234388245718079,-0.0017281877260688391,131,2014-02-28,2024-12-31,0.00014061556593387704,0.032393816321763205,0.13123770821506803,-0.0036055559586486083,-0.00029453683888843926,-0.14576157191040484,-0.006105555958648609
OPENAP:DebtIssuance,DebtIssuance,Debt Issuance,Accounting,external financing,2000,300,DIRECTIONALLY_PERSISTENT_ONLY,60,2000-01-31,2004-12-31,0.0042583746112503295,0.7354875955118797,1.7705185501976557,-0.004150856329587171,0.0033967902780797803,-0.08695448158999608,-0.006650856329587171,239,2005-02-28,2024-12-31,5.0697229223077354e-05,0.010173246942963813,0.042493918148626124,-0.004120592386836703,-0.0004900025682998035,-0.3657952554246714,-0.006620592386836703
OPENAP:DolVol,DolVol,Past trading volume,Trading,volume,1999,312,DIRECTIONALLY_PERSISTENT_ONLY,60,1999-01-29,2003-12-31,0.01900480618103161,1.1199459247667807,3.946509853495062,0.002167866717566403,0.01592151757961852,-0.15832662117518437,-0.0003321332824335957,251,2004-02-27,2024-12-31,3.425344118778614e-05,0.004355726486656047,0.023988730855675794,-0.004958151835375252,-0.0011046133476778925,-0.3088254115296979,-0.007458151835375253
OPENAP:Mom12mOffSeason,Mom12mOffSeason,Momentum without the seasonal part,Price,other,2009,192,FAILED_OR_UNIDENTIFIABLE,60,2009-01-30,2013-12-31,-0.0052102767807974465,-0.18491128467622248,-0.2750380309157924,-0.0714442703375761,-0.015244179517048978,-0.7707363538798871,-0.07394427033757608,131,2014-02-28,2024-12-31,0.015946613295291918,0.6829097848419128,3.0378991489733416,-0.0024064265528112895,0.011751604814029785,-0.3721013160203741,-0.0049064265528112935
OPENAP:MomVol,MomVol,Momentum in high volume stocks,Price,momentum,2001,288,FAILED_OR_UNIDENTIFIABLE,60,2001-01-31,2005-12-30,-0.002353938032550333,-0.06829749203320604,-0.20939800997231794,-0.04165781329954692,-0.009487789046625164,-0.511149076493828,-0.04415781329954692,227,2006-02-28,2024-12-31,0.01459062814777601,0.5050276435370755,2.169199715625374,-0.00892666579852438,0.01051134415279646,-0.8512682655239096,-0.011426665798524381
OPENAP:RIO_Volatility,RIO_Volatility,Inst Own and Idio Vol,13F,short sale constraints,2006,228,FAILED_OR_UNIDENTIFIABLE,60,2006-01-31,2010-12-31,-0.0026888658200510526,-0.1658106089491933,-0.5093641834751538,-0.021145547574865257,-0.005731469743438832,-0.3432670173574933,-0.023645547574865255,167,2011-02-28,2024-12-31,0.013578601927701174,1.2259189517217384,4.552765455249268,0.0031508023278230303,0.012396846726613031,-0.1444974533939558,0.0006508023278230281
OPENAP:Mom6mJunk,Mom6mJunk,Junk Stock Momentum,Price,momentum,2008,204,FAILED_OR_UNIDENTIFIABLE,60,2008-01-31,2012-12-31,-0.008844841537613193,-0.3441153394106816,-0.7671892056756847,-0.04915369728206176,-0.016005464102966594,-0.7400821236287146,-0.05165369728206176,143,2013-02-28,2024-12-31,0.010093441468138722,0.5263687332198366,2.3593767749163788,-0.004863915754102888,0.00627675018627476,-0.2646795210764801,-0.007363915754102887
OPENAP:BetaTailRisk,BetaTailRisk,Tail risk beta,Price,risk,2015,120,FAILED_OR_UNIDENTIFIABLE,60,2015-01-30,2019-12-31,-0.003541445510441384,-0.36240313756409764,-0.8198602814349745,-0.018644111364982535,-0.006778392417310028,-0.290485994253575,-0.021144111364982537,59,2020-02-28,2024-12-31,0.009804835073697974,0.8587217859182027,2.7470431473755093,-0.0026743926245590983,0.006929434603159384,-0.11523081487277498,-0.0051743926245591005
OPENAP:OrderBacklogChg,OrderBacklogChg,Change in order backlog,Accounting,accruals,2008,204,FAILED_OR_UNIDENTIFIABLE,60,2008-01-31,2012-12-31,-0.0009972556253298155,-0.09430181967068542,-0.25224879252238586,-0.014819873297708955,-0.004793804092300811,-0.27575215035970024,-0.017319873297708958,143,2013-02-28,2024-12-31,0.00947124492875627,0.9001722791557529,3.0931884878399387,-0.0012344183509327908,0.0066434597723273705,-0.16270689900190738,-0.0037344183509327904
OPENAP:OperProfRD,OperProfRD,Operating profitability R&D adjusted,Accounting,profitability,2017,96,FAILED_OR_UNIDENTIFIABLE,60,2017-01-31,2021-12-31,0.011266168962737274,0.7595728769375254,1.5570374462890058,-0.014032058896093819,0.006223433963658591,-0.35111568023162665,-0.016532058896093816,35,2022-02-28,2024-12-31,0.00887112781630688,0.4561149493331074,0.9979454091066172,-0.02220915407455536,0.003036536486199991,-0.2188629723170611,-0.024709154074555352
OPENAP:ReturnSkew3F,ReturnSkew3F,Idiosyncratic skewness (3F model),Price,risk,2016,108,FAILED_OR_UNIDENTIFIABLE,60,2016-01-29,2020-12-31,-0.0010063072524780152,-0.25821508999657466,-0.6180779418384138,-0.00669877075869052,-0.0020652226042162138,-0.11943722246176769,-0.009198770758690522,47,2021-02-26,2024-12-31,0.008423811578847813,1.8206175842984096,4.514669337426553,0.0019000873556645525,0.007938351434347606,-0.06019943357146351,-0.0005999126443354515
OPENAP:ReturnSkew,ReturnSkew,Return skewness,Price,risk,2016,108,FAILED_OR_UNIDENTIFIABLE,60,2016-01-29,2020-12-31,0.0005957160999490857,0.11266258619216474,0.2312181739879222,-0.008412323102680062,-0.0009307409731951405,-0.15335257583069395,-0.01091232310268006,47,2021-02-26,2024-12-31,0.007654504439092126,1.1697770150953337,3.4186426067058844,-0.0001739544517344654,0.006649801557673893,-0.043334378911051186,-0.0026739544517344624
OPENAP:RIO_Turnover,RIO_Turnover,Inst Own and Turnover,13F,short sale constraints,2006,228,FAILED_OR_UNIDENTIFIABLE,60,2006-01-31,2010-12-31,-0.003136610939783569,-0.26086587049051696,-0.5588656256954967,-0.022759644731072743,-0.007319334676431835,-0.34559041045744854,-0.025259644731072745,167,2011-02-28,2024-12-31,0.00703314216344529,0.7634870007370618,3.60252808680039,0.00020732081015257392,0.005998627923170083,-0.14491143983323773,-0.0022926791898474266
OPENAP:hire,hire,Employment growth,Other,investment alt,2015,120,FAILED_OR_UNIDENTIFIABLE,60,2015-01-30,2019-12-31,-0.0025931215376584025,-0.4199106528829825,-0.9174243564012727,-0.012475591510573536,-0.00625546834341185,-0.2101791174059865,-0.014975591510573536,59,2020-02-28,2024-12-31,0.006454617358530169,0.7683071626538158,1.4473254220627747,-0.009137934895519347,0.003560061852452548,-0.11540187888427722,-0.011637934895519345
OPENAP:LRreversal,LRreversal,Long-run reversal,Price,long term reversal,1986,468,FAILED_OR_UNIDENTIFIABLE,60,1986-01-31,1990-12-31,-0.0040392790857200055,-0.40905744364739094,-0.7121102870759144,-0.023871415376741714,-0.007833867137985681,-0.3290066966925048,-0.026371415376741716,407,1991-02-28,2024-12-31,0.005954768110163109,0.3860016723637193,1.7749261299031813,-0.005775217192139748,0.004538087552106021,-0.6757958116525071,-0.008275217192139748
OPENAP:RIO_Disp,RIO_Disp,Inst Own and Forecast Dispersion,13F,short sale constraints,2006,228,FAILED_OR_UNIDENTIFIABLE,60,2006-01-31,2010-12-31,-0.001424324186512558,-0.11879570581905141,-0.27073846783078814,-0.019818137712337675,-0.004892274226195789,-0.3695561646929889,-0.022318137712337677,167,2011-02-28,2024-12-31,0.0058436174177920915,0.7462475034512442,2.8598797791825006,-0.001300472216685276,0.005173147867098965,-0.1913487151500638,-0.003800472216685277
OPENAP:MomRev,MomRev,Momentum and LT Reversal,Price,momentum,2007,216,FAILED_OR_UNIDENTIFIABLE,60,2007-01-31,2011-12-30,-0.010171216494430606,-0.5843742616939882,-1.291079261369511,-0.03771558945959561,-0.013759278386187799,-0.5674996610678766,-0.04021558945959561,155,2012-02-29,2024-12-31,0.005828711101640871,0.3104453003515891,0.9987637555231111,-0.014575633685216959,0.0025279975437674006,-0.5318764809173873,-0.01707563368521696
OPENAP:EarningsConsistency,EarningsConsistency,Earnings consistency,Accounting,earnings growth,2010,180,FAILED_OR_UNIDENTIFIABLE,60,2010-01-29,2014-12-31,-0.0006499129785642747,-0.10306046004728614,-0.18341166498120964,-0.013039052775584616,-0.0023061816497773765,-0.2411343108390308,-0.015539052775584615,119,2015-02-27,2024-12-31,0.005760391731059088,0.8378377078709137,2.559858619435372,-0.002107328988448537,0.004894258235280169,-0.22238905902643635,-0.004607328988448536
OPENAP:ResidualMomentum,ResidualMomentum,Momentum based on FF3 residuals,Price,momentum,2012,156,FAILED_OR_UNIDENTIFIABLE,60,2012-01-31,2016-12-30,-2.3735921961240038e-05,-0.0026792677521974982,-0.006094913105818248,-0.013639796789057714,-0.002372780446077151,-0.20483469886902372,-0.016139796789057716,95,2017-02-28,2024-12-31,0.0052067849912934925,0.5538884664988063,1.8205334322510756,-0.004792843899418524,0.003235048499783951,-0.19081087741916503,-0.0072928438994185225
OPENAP:BetaFP,BetaFP,Frazzini-Pedersen Beta,Price,other,2015,120,FAILED_OR_UNIDENTIFIABLE,60,2015-01-30,2019-12-31,-0.006624045079165985,-0.34532960950005315,-0.8852596465713806,-0.03278571780374138,-0.011748372245829239,-0.5195316223444097,-0.03528571780374137,59,2020-02-28,2024-12-31,0.005064226094257003,0.18771238138026958,0.5019396853363521,-0.03021137717660896,-0.0014589309350579865,-0.4833248900314069,-0.03271137717660896
OPENAP:ForecastDispersion,ForecastDispersion,EPS Forecast Dispersion,Analyst,volatility,2003,264,FAILED_OR_UNIDENTIFIABLE,60,2003-01-31,2007-12-31,-0.0011360489525925326,-0.12460494336179065,-0.21564242975370157,-0.01955545942101974,-0.004718547566444274,-0.31888589523162447,-0.02205545942101974,203,2008-02-29,2024-12-31,0.004548065028079925,0.36038508596653246,1.202907547965968,-0.00867120008998952,0.0032573270163001166,-0.4851699176175067,-0.011171200089989524
OPENAP:RDAbility,RDAbility,R&D ability,Accounting,other,2014,132,FAILED_OR_UNIDENTIFIABLE,60,2014-01-31,2018-12-31,-0.0005276358628432331,-0.06531173124264332,-0.22055470308403508,-0.008891960500448865,-0.001831421080820006,-0.14904400162576326,-0.011391960500448866,71,2019-02-28,2024-12-31,0.004536004627256093,0.4620845702639142,1.195785199481128,-0.008726734038613931,0.0009721403303200612,-0.16388591861070878,-0.011226734038613927
OPENAP:ConvDebt,ConvDebt,Convertible debt indicator,Accounting,external financing,2017,96,FAILED_OR_UNIDENTIFIABLE,60,2017-01-31,2021-12-31,0.0018790174940636626,0.40133209576743345,0.8709407571531856,-0.005664173530225736,0.0006584516471887413,-0.14416112527637825,-0.008164173530225739,35,2022-02-28,2024-12-31,0.004413090035961186,0.5946981767883824,1.2265750129206454,-0.008166357605112057,0.001779315732944102,-0.08570260221721715,-0.01066635760511206
OPENAP:dVolPut,dVolPut,Change in put vol,Options,informed trading,2015,97,FAILED_OR_UNIDENTIFIABLE,60,2015-01-30,2019-12-31,0.001541545959791678,0.25426045935866703,0.593488208575361,-0.0075399476058590105,-0.0008932237070189119,-0.12247190392831209,-0.010039947605859011,36,2020-02-28,2023-01-31,0.004377314270474684,0.5775146261355871,1.8424175360560546,-0.003929463011476662,0.0027019416357369837,-0.07027901661146552,-0.006429463011476659
OPENAP:dCPVolSpread,dCPVolSpread,Change in put vol minus change in call vol,Options,informed trading,2015,97,FAILED_OR_UNIDENTIFIABLE,60,2015-01-30,2019-12-31,0.008418028832817847,1.710925863807994,3.4368611224170156,-0.0001456687555043256,0.006689473457221487,-0.04327700820375335,-0.0026456687555043226,36,2020-02-28,2023-01-31,0.003988771116147089,0.5816882096276462,1.8812128219182167,-0.0034245716914536335,0.0016149532841023345,-0.06441190910785977,-0.0059245716914536305
OPENAP:High52,High52,52 week high,Price,momentum,2005,240,FAILED_OR_UNIDENTIFIABLE,60,2005-01-31,2009-12-31,-0.002010953930113486,-0.12527613330943163,-0.17948612537002437,-0.04118371069481547,-0.008245971542611363,-0.5817410836106692,-0.04368371069481546,179,2010-02-26,2024-12-31,0.0037375438281746216,0.2794651846593122,1.0215924587262826,-0.009053957279672252,0.0016682211003875486,-0.4776359975102742,-0.011553957279672252
OPENAP:IntanEP,IntanEP,Intangible return using EP,Accounting,long term reversal,2007,216,FAILED_OR_UNIDENTIFIABLE,60,2007-01-31,2011-12-30,-0.0003547714133971083,-0.036792463329581186,-0.08369681096485991,-0.015174921590779078,-0.005404010069230701,-0.17498662205660453,-0.01767492159077907,155,2012-02-29,2024-12-31,0.0033589393922760324,0.38351535269848663,1.1872720632026401,-0.006532621202759863,0.001826446808639591,-0.317032011551195,-0.009032621202759864
OPENAP:Coskewness,Coskewness,Coskewness,Price,risk,2001,288,FAILED_OR_UNIDENTIFIABLE,60,2001-01-31,2005-12-30,-0.00011507913714203555,-0.01167182300779342,-0.03835795026782586,-0.010604562590206826,-0.002042660993055116,-0.2445665687832943,-0.013104562590206826,227,2006-02-28,2024-12-31,0.003285642791854093,0.4653999341069802,2.1713527466813596,-0.002004932029346547,0.00282093284509748,-0.23797223580869753,-0.0045049320293465474
OPENAP:dVolCall,dVolCall,Change in call vol,Options,informed trading,2015,97,FAILED_OR_UNIDENTIFIABLE,60,2015-01-30,2019-12-31,0.007080555365569881,1.46925610929199,3.4132209676584884,-0.00017241353379051673,0.005276570884512517,-0.038888738524263555,-0.0026724135337905216,36,2020-02-28,2023-01-31,0.003179580844432134,0.3303675335471847,0.9331892099615469,-0.008733197477528012,0.0015452425862295671,-0.0832017868613335,-0.011233197477528014
OPENAP:EBM,EBM,Enterprise component of BM,Accounting,valuation,2008,204,FAILED_OR_UNIDENTIFIABLE,60,2008-01-31,2012-12-31,-0.00031707988071165286,-0.06728434528485157,-0.16023340068008238,-0.007235844139082181,-0.002236229155464226,-0.14935759173959207,-0.00973584413908218,143,2013-02-28,2024-12-31,0.00305303773340888,0.578074977646872,1.9010871834449241,-0.0025618753115623943,0.002177533692974871,-0.14171530599725335,-0.005061875311562394
OPENAP:grcapx,grcapx,Change in capex (two years),Accounting,investment growth,2007,216,FAILED_OR_UNIDENTIFIABLE,60,2007-01-31,2011-12-30,-0.000971578185815744,-0.18526332100612158,-0.49926842193038284,-0.007775456754421024,-0.002082268210742637,-0.1321113447509007,-0.010275456754421023,155,2012-02-29,2024-12-31,0.0028413929719474703,0.5214214606967222,1.884089431561258,-0.0024314238658139035,0.0019631016129333712,-0.13084938618688813,-0.004931423865813903
OPENAP:IntanSP,IntanSP,Intangible return using Sale2P,Accounting,long term reversal,2007,216,FAILED_OR_UNIDENTIFIABLE,60,2007-01-31,2011-12-30,-0.0015842050568805686,-0.12190577752900811,-0.1774563100773073,-0.032797013386778186,-0.01176194541336574,-0.36258677445274357,-0.03529701338677819,155,2012-02-29,2024-12-31,0.0028362992836970307,0.20500071646300716,0.57061513353976,-0.014542576005374099,0.0002812996544878877,-0.521288797620511,-0.0170425760053741
OPENAP:TrendFactor,TrendFactor,Trend Factor,Price,momentum,2017,96,FAILED_OR_UNIDENTIFIABLE,60,2017-01-31,2021-12-31,0.0015723090685764143,0.1456237227526681,0.4035578587690344,-0.01204982051489277,-0.0021961969898382093,-0.20475128350033123,-0.014549820514892765,35,2022-02-28,2024-12-31,0.002163658273943889,0.1959850731005435,0.32123425064517885,-0.021385734997812732,-0.0038647645701150265,-0.21146596876712787,-0.023885734997812737
OPENAP:DelCOA,DelCOA,Change in current operating assets,Accounting,investment alt,2006,228,FAILED_OR_UNIDENTIFIABLE,60,2006-01-31,2010-12-31,-0.0006836118094810234,-0.14084702713172592,-0.2683699187010182,-0.009589733379489365,-0.0028711414165588597,-0.1996662871746525,-0.012089733379489365,167,2011-02-28,2024-12-31,0.002145573931705461,0.46005767551272353,1.2500403064506251,-0.0038555468032431734,0.0010226333687820925,-0.14760703489207605,-0.0063555468032431735
OPENAP:grcapx3y,grcapx3y,Change in capex (three years),Accounting,investment growth,2007,216,FAILED_OR_UNIDENTIFIABLE,60,2007-01-31,2011-12-30,-0.0032522199218838494,-0.6145125173818662,-1.6097691913464411,-0.010315870237990202,-0.0049258341905954834,-0.20688638039274343,-0.0128158702379902,155,2012-02-29,2024-12-31,0.0018090911816170117,0.2894245229416581,1.0253516834939111,-0.0043597061875535695,0.0011140934812196835,-0.1934271569944741,-0.006859706187553571
OPENAP:PctAcc,PctAcc,Percent Operating Accruals,Accounting,accruals,2012,156,FAILED_OR_UNIDENTIFIABLE,60,2012-01-31,2016-12-30,-3.9248581386290646e-05,-0.011002687862565239,-0.025492034039308165,-0.005422347636529235,-0.0005781294594970517,-0.10760747113040026,-0.007922347636529234,95,2017-02-28,2024-12-31,0.001795300024892527,0.38783358165151033,0.8691101720057711,-0.0054269929380333665,-0.000395755823935066,-0.1304752250141744,-0.007926992938033367
OPENAP:ChNAnalyst,ChNAnalyst,Decline in Analyst Coverage,Analyst,earnings event,2009,192,FAILED_OR_UNIDENTIFIABLE,60,2009-01-30,2013-12-31,-0.000490146183415429,-0.05625124113262272,-0.13977210169126733,-0.012750924123688662,-0.0035067084268772743,-0.2539925174703227,-0.015250924123688663,131,2014-02-28,2024-12-31,0.001785731648830913,0.21672363067663822,0.6834061629603712,-0.007350144467588917,-0.0003100721594112586,-0.2368241559081804,-0.009850144467588917
OPENAP:Investment,Investment,Investment to revenue,Accounting,investment,2005,240,FAILED_OR_UNIDENTIFIABLE,60,2005-01-31,2009-12-31,-0.0020198658623293776,-0.22677737244297352,-0.460370851780693,-0.017359945267603916,-0.004550960136915326,-0.3364961000057597,-0.019859945267603915,179,2010-02-26,2024-12-31,0.001732119719092671,0.2287973890139163,0.8599479975749912,-0.005310246625660547,0.0005757042296319681,-0.21737812888649943,-0.0078102466256605475
OPENAP:IntanBM,IntanBM,Intangible return using BM,Accounting,long term reversal,2007,216,FAILED_OR_UNIDENTIFIABLE,60,2007-01-31,2011-12-30,-0.0009725094404706459,-0.07825044353927463,-0.16841189045641466,-0.02116240033194934,-0.006290978454189348,-0.3210201160969809,-0.023662400331949343,155,2012-02-29,2024-12-31,0.001507595285222529,0.13980734577753615,0.4716771227322861,-0.009667541689014791,-0.0001634972306766658,-0.3801938876151535,-0.012167541689014792
OPENAP:std_turn,std_turn,Share turnover volatility,Trading,liquidity,2002,276,FAILED_OR_UNIDENTIFIABLE,60,2002-01-31,2006-12-29,-0.006605353324370061,-0.42500971152050065,-0.9110048124807153,-0.03195595544868909,-0.013177036905382281,-0.5809885266083364,-0.03445595544868909,215,2007-02-28,2024-12-31,0.0014623673469510235,0.060402316801158276,0.2330018991510024,-0.020481335689133726,-0.001380199084683776,-0.8310231386550426,-0.022981335689133724
OPENAP:ShareVol,ShareVol,Share Volume,Trading,volume,1999,312,FAILED_OR_UNIDENTIFIABLE,60,1999-01-29,2003-12-31,-0.003391277687578046,-0.2798780596161652,-0.6151405613583649,-0.0226666104779563,-0.005867353190122676,-0.314627750841701,-0.025166610477956302,251,2004-02-27,2024-12-31,0.001401825698361963,0.1558405437979951,0.7384687445390533,-0.005235219811964757,0.0007250598643160471,-0.4232366954122171,-0.007735219811964758
OPENAP:GrAdExp,GrAdExp,Growth in advertising expenses,Accounting,investment alt,2015,120,FAILED_OR_UNIDENTIFIABLE,60,2015-01-30,2019-12-31,0.0011577694894591732,0.2544731940839911,0.5973093382119439,-0.005619202537842923,-0.00017195019741927798,-0.10950488643194956,-0.008119202537842922,59,2020-02-28,2024-12-31,0.0013281213781600727,0.15882329193430286,0.2778615093274969,-0.015383641851652566,-0.0018800556729864737,-0.1487875449304603,-0.017883641851652567
OPENAP:RIO_MB,RIO_MB,Inst Own and Market to Book,13F,short sale constraints,2006,228,FAILED_OR_UNIDENTIFIABLE,60,2006-01-31,2010-12-31,-0.00015651259505536,-0.01960895276009131,-0.04530384470051883,-0.012235405465927622,-0.0015290624320825246,-0.22429839823405595,-0.014735405465927623,167,2011-02-28,2024-12-31,0.0012633896182251486,0.15409896014405527,0.6051343388095187,-0.006036199294029813,0.0003227262776561288,-0.2956117583427653,-0.008536199294029814
OPENAP:ChNWC,ChNWC,Change in Net Working Capital,Accounting,investment alt,2009,192,FAILED_OR_UNIDENTIFIABLE,60,2009-01-30,2013-12-31,-0.00047832977379428987,-0.18693917308869698,-0.349382233193249,-0.005265065987157233,-0.001821401731278997,-0.09636001031178254,-0.0077650659871572325,131,2014-02-28,2024-12-31,0.0012584174673225142,0.4219479835167057,1.3523254032472198,-0.001995124616438338,0.0006873310969867207,-0.0760844865616479,-0.004495124616438338
OPENAP:CBOperProf,CBOperProf,Cash-based operating profitability,Accounting,profitability,2017,96,FAILED_OR_UNIDENTIFIABLE,60,2017-01-31,2021-12-31,0.009544390909122877,0.648968872327969,1.4138663166296312,-0.014057824369191067,0.005203359841340918,-0.3293814096706664,-0.016557824369191062,35,2022-02-28,2024-12-31,0.0011026357592293032,0.05804889300891574,0.14943775117098865,-0.024695281555890018,-0.0023302558188647666,-0.21937072727536133,-0.02719528155589002
OPENAP:BookLeverage,BookLeverage,Book leverage (annual),Accounting,leverage,1993,384,FAILED_OR_UNIDENTIFIABLE,60,1993-01-29,1997-12-31,-0.007381485990097045,-0.8149918664801253,-1.6452480942366017,-0.023067958777860546,-0.008937111339215324,-0.4088918621115538,-0.02556795877786055,323,1998-02-27,2024-12-31,0.0009546767674504703,0.06956816659884016,0.29329269983639356,-0.01042599761134189,-0.0005178986805101454,-0.6184032113461531,-0.012925997611341892
OPENAP:Size,Size,Size,Price,size,1982,516,FAILED_OR_UNIDENTIFIABLE,60,1982-01-29,1986-12-31,-0.002241552789244694,-0.2747757550135466,-0.450092281906495,-0.019654019627245573,-0.006357076754192698,-0.34986073326666556,-0.022154019627245572,455,1987-02-27,2024-12-31,0.0008407427173027004,0.08775522040740123,0.5128199055423498,-0.004891322681401933,0.00013215779968613804,-0.6071337501588678,-0.007391322681401933
OPENAP:NOA,NOA,Net Operating Assets,Accounting,asset composition,2005,240,FAILED_OR_UNIDENTIFIABLE,60,2005-01-31,2009-12-31,-0.0015529067246616859,-0.17232810922404124,-0.33764881860746165,-0.01763316548829171,-0.003691554605442965,-0.2518590281920685,-0.020133165488291707,179,2010-02-26,2024-12-31,0.0006495823059818214,0.06210529973239157,0.2068224714901572,-0.010331606535557961,-0.0008974521585953107,-0.49160454125215314,-0.012831606535557961
OPENAP:MeanRankRevGrowth,MeanRankRevGrowth,Revenue Growth Rank,Accounting,sales growth,1995,360,FAILED_OR_UNIDENTIFIABLE,60,1995-01-31,1999-12-31,-0.0015518416575272893,-0.32803832499649616,-1.02258679504586,-0.006857754632773093,-0.00249011726519887,-0.14834795578141535,-0.009357754632773094,299,2000-02-29,2024-12-31,0.0006277827350965406,0.10997797520285353,0.4959511957099766,-0.003797931038983439,8.140387215848492e-05,-0.2447031504108944,-0.006297931038983439
OPENAP:fgr5yrLag,fgr5yrLag,Long-term EPS forecast,Analyst,earnings forecast,1997,336,FAILED_OR_UNIDENTIFIABLE,60,1997-01-31,2001-12-31,-0.002466297132007774,-0.08481832900215618,-0.20934598618942293,-0.04365647396232614,-0.00922952784977844,-0.6826697646299072,-0.04615647396232615,275,2002-02-28,2024-12-31,0.0002953017521086892,0.02610990759356388,0.10632601062070722,-0.009415149255981586,-0.0009575257079505428,-0.5415956525685229,-0.011915149255981588
OPENAP:AOP,AOP,Analyst Optimism,Analyst,other,1999,312,FAILED_OR_UNIDENTIFIABLE,60,1999-01-29,2003-12-31,-0.000676766388932679,-0.06154177235371894,-0.15354975339779184,-0.01608676343304622,-0.004076254446436173,-0.2511039965613243,-0.018586763433046223,251,2004-02-27,2024-12-31,0.00021818290614509302,0.033759698890236875,0.146282795740597,-0.004996649639226877,-0.0011159232810943971,-0.35143239356627676,-0.007496649639226878
OPENAP:OPLeverage,OPLeverage,Operating leverage,Accounting,other,2012,156,FAILED_OR_UNIDENTIFIABLE,60,2012-01-31,2016-12-30,-0.001096782732350853,-0.22364281900310876,-0.4216026118600441,-0.010192358766488985,-0.0039867541517107875,-0.15652715211278323,-0.012692358766488988,95,2017-02-28,2024-12-31,0.00018107189927680037,0.016828963994440647,0.0322042130999437,-0.019477468178139272,-0.005524791813507954,-0.4658464738756265,-0.021977468178139267
OPENAP:BidAskSpread,BidAskSpread,Bid-ask spread,Trading,liquidity,1987,456,FAILED_OR_UNIDENTIFIABLE,60,1987-01-30,1991-12-31,-0.00835426107219211,-0.5245882092474323,-1.1987474974759695,-0.0327207652657898,-0.01503172011009025,-0.5825085260717783,-0.0352207652657898,395,1992-02-28,2024-12-31,0.00013704786939420529,0.005914082091680698,0.03077016168659318,-0.015435346975545876,-0.0017367942183939284,-0.8987327054962242,-0.017935346975545878
OPENAP:MomSeason,MomSeason,Return seasonality years 2 to 5,Price,other,2009,192,FAILED_OR_UNIDENTIFIABLE,60,2009-01-30,2013-12-31,-0.004012949587719362,-0.45817487687997693,-0.9849554519748518,-0.018257869521736313,-0.0055072767490127,-0.3538350007681742,-0.020757869521736312,131,2014-02-28,2024-12-31,0.00010587787676325549,0.007559742664842346,0.02332663815252626,-0.01576372167383031,-0.0030603282416569915,-0.5227275987755802,-0.01826372167383031
OPENAP:TotalAccruals,TotalAccruals,Total accruals,Accounting,investment alt,2006,228,FAILED_OR_UNIDENTIFIABLE,60,2006-01-31,2010-12-31,0.0004500001656566204,0.06572117412025777,0.10680191330921082,-0.014281485168252948,-0.004322604854116833,-0.27789142085460183,-0.01678148516825295,167,2011-02-28,2024-12-31,-3.693794796187245e-05,-0.005043981337038713,-0.016477283574477093,-0.007874843866728596,-0.0015649351391134967,-0.322912612731863,-0.010374843866728595
OPENAP:GrSaleToGrOverhead,GrSaleToGrOverhead,Sales growth over overhead growth,Accounting,sales growth,1999,312,FAILED_OR_UNIDENTIFIABLE,60,1999-01-29,2003-12-31,-0.006481471522722158,-1.0954401178122293,-2.23979549994493,-0.01659908645517115,-0.007828802659636156,-0.30841290661609644,-0.019099086455171152,251,2004-02-27,2024-12-31,-8.164904280621429e-05,-0.014802950135764156,-0.06470113116714304,-0.004493817863651766,-0.0009095579086982753,-0.4146486710734417,-0.0069938178636517676
OPENAP:PredictedFE,PredictedFE,Predicted Analyst forecast error,Accounting,earnings forecast,1999,312,FAILED_OR_UNIDENTIFIABLE,60,1999-01-29,2003-12-31,-0.0008546383099682828,-0.03973840447493352,-0.08502617124484319,-0.035997945644915715,-0.007329851123993754,-0.43996055439284887,-0.0384979456449157,251,2004-02-27,2024-12-31,-0.00010239044603574007,-0.012421307253013353,-0.055227969558932985,-0.00658445355714011,-0.0009278504199399463,-0.40459775691974686,-0.00908445355714011
OPENAP:ExclExp,ExclExp,Excluded Expenses,Analyst,composite accounting,2004,252,FAILED_OR_UNIDENTIFIABLE,60,2004-01-30,2008-12-31,0.0028883841801664047,0.7297030482686883,1.7448618395733813,-0.0028993264581855436,0.00221717278182451,-0.06200444441422015,-0.005399326458185544,191,2009-02-27,2024-12-31,-0.00016381113253683503,-0.039131440536830146,-0.13596650233889804,-0.004376160503178551,-0.0005957281335764881,-0.23506149984132607,-0.006876160503178552
OPENAP:OptionVolume1,OptionVolume1,Option to stock volume,Options,volume,2013,129,FAILED_OR_UNIDENTIFIABLE,60,2013-01-31,2017-12-29,0.0023949148073700065,0.4584266311294915,1.2969119930750623,-0.004061515386352467,-0.00041546024764113767,-0.07685489189733219,-0.006561515386352467,68,2018-02-28,2023-09-29,-0.00017018998195928223,-0.01727371711200039,-0.03532918630328345,-0.017012949753401965,-0.0031289931532778275,-0.35556528255672804,-0.019512949753401964
OPENAP:VolSD,VolSD,Volume Variance,Trading,liquidity,2002,276,FAILED_OR_UNIDENTIFIABLE,60,2002-01-31,2006-12-29,0.0013269262572445622,0.13452960730729663,0.30976569419250327,-0.0136501267212036,-0.003049553878667517,-0.26291185467282097,-0.016150126721203598,215,2007-02-28,2024-12-31,-0.00018320782902838775,-0.015365024072280416,-0.06540559452751875,-0.00997680028917146,-0.0014996506641055361,-0.5088848768743461,-0.01247680028917146
OPENAP:VarCF,VarCF,Cash-flow  to price variance,Accounting,cash flow risk,1997,336,FAILED_OR_UNIDENTIFIABLE,60,1997-01-31,2001-12-31,-0.0011211490695655572,-0.048736423736260456,-0.12062144770257731,-0.03361878143142816,-0.006954441336255726,-0.595654274914208,-0.03611878143142816,275,2002-02-28,2024-12-31,-0.00021257156716411788,-0.012982902232074602,-0.04590704387511239,-0.016402269417388867,-0.0019120104757548574,-0.7752987267387763,-0.018902269417388866
OPENAP:DelNetFin,DelNetFin,Change in net financial assets,Accounting,investment alt,2006,228,FAILED_OR_UNIDENTIFIABLE,60,2006-01-31,2010-12-31,0.0017618610537810052,0.4194695353993188,0.8404807348247187,-0.005567342599386625,-0.0006021141598316643,-0.12410566118981758,-0.008067342599386625,167,2011-02-28,2024-12-31,-0.00021896062530286594,-0.04618141499819008,-0.14007893128889265,-0.005684161157907612,-0.0010296181955349105,-0.2931248864583291,-0.008184161157907613
OPENAP:ChInvIA,ChInvIA,Change in capital inv (ind adj),Accounting,investment growth,1999,312,FAILED_OR_UNIDENTIFIABLE,60,1999-01-29,2003-12-31,0.009519354065130197,1.3689926051254624,2.9621945500518607,-0.0017165183436151053,0.006846884294299724,-0.10724523971155142,-0.004216518343615106,251,2004-02-27,2024-12-31,-0.0002881122096277748,-0.04910395455893431,-0.21086015470965452,-0.005065384983317784,-0.0009536384033361058,-0.3387595885201262,-0.007565384983317784
OPENAP:Illiquidity,Illiquidity,Amihud's illiquidity,Trading,liquidity,2003,264,FAILED_OR_UNIDENTIFIABLE,60,2003-01-31,2007-12-31,0.0023839812984010372,0.5719822753678141,1.3674136787411806,-0.003711609730544556,0.0008795269473408663,-0.06998603405289194,-0.006211609730544555,203,2008-02-29,2024-12-31,-0.00030180675154789006,-0.050701342213010654,-0.2665997815617433,-0.0042598638837919025,-0.0007793028005513687,-0.30547783750929436,-0.006759863883791902
OPENAP:SurpriseRD,SurpriseRD,Unexpected R&D increase,Accounting,R&D,2005,240,FAILED_OR_UNIDENTIFIABLE,60,2005-01-31,2009-12-31,0.00020061321521450652,0.04442498158782814,0.13892642127609278,-0.004848180039314847,-0.0008699548194680347,-0.06997518456904894,-0.0073481800393148475,179,2010-02-26,2024-12-31,-0.0003436792349495206,-0.07580924274754099,-0.2476845762145412,-0.005195080832343016,-0.0012668100477015902,-0.2944381677255946,-0.007695080832343017
OPENAP:BPEBM,BPEBM,Leverage component of BM,Accounting,leverage,2008,204,FAILED_OR_UNIDENTIFIABLE,60,2008-01-31,2012-12-31,-0.00020783982338898704,-0.060554560496830875,-0.11647533894116979,-0.006446734855829972,-0.002084660573456228,-0.050679223651170946,-0.008946734855829972,143,2013-02-28,2024-12-31,-0.00039628269560519695,-0.06426478448355342,-0.20378360460502343,-0.007195341002668207,-0.0011849594340040657,-0.3066327730041972,-0.009695341002668206
OPENAP:MomOffSeason11YrPlus,MomOffSeason11YrPlus,Off season reversal years 11 to 15,Price,other,2009,192,FAILED_OR_UNIDENTIFIABLE,60,2009-01-30,2013-12-31,0.00237292465070904,0.3337789778889025,0.7473391106806855,-0.008728510698565718,0.00019956383804371744,-0.17164739638490545,-0.011228510698565718,131,2014-02-28,2024-12-31,-0.0004982486653324782,-0.05676716743422477,-0.24948895722627712,-0.007480696715884934,-0.0020588017716666913,-0.31256230243090377,-0.009980696715884935
OPENAP:RDcap,RDcap,R&D capital-to-assets,Accounting,asset composition,2012,156,FAILED_OR_UNIDENTIFIABLE,60,2012-01-31,2016-12-30,-0.004362493964059799,-0.6152017751971468,-1.186211839807118,-0.017220851030884263,-0.00778782433080286,-0.2951151677276912,-0.01972085103088426,95,2017-02-28,2024-12-31,-0.0005581631994495413,-0.0400274650529025,-0.08380193774419203,-0.023845511324533282,-0.0057918911409195195,-0.6277787278606106,-0.026345511324533284
OPENAP:realestate,realestate,Real estate holdings,Accounting,asset composition,2011,168,FAILED_OR_UNIDENTIFIABLE,60,2011-01-31,2015-12-31,0.00389470171789668,0.6815413025418996,1.300577490236829,-0.006575399158183762,0.002642552899158398,-0.08914877476103689,-0.009075399158183763,107,2016-02-29,2024-12-31,-0.0005859463058105948,-0.06514185416704936,-0.1650283512806913,-0.012999958186923684,-0.0022163970382028937,-0.42469973791276316,-0.015499958186923686
OPENAP:sinAlgo,sinAlgo,Sin Stock (selection criteria),Other,other,2010,180,FAILED_OR_UNIDENTIFIABLE,60,2010-01-29,2014-12-31,-0.0006854733368447946,-0.11184706297189714,-0.267805491433635,-0.009634668627881588,-0.002065341789452879,-0.1337496396117408,-0.012134668627881588,119,2015-02-27,2024-12-31,-0.0007090212124852247,-0.06751995627612802,-0.1849247356780518,-0.014114339159111278,-0.0038818004140990783,-0.4958190157232879,-0.01661433915911128
OPENAP:FirmAge,FirmAge,Firm age based on CRSP,Other,info proxy,1985,480,FAILED_OR_UNIDENTIFIABLE,60,1985-01-31,1989-12-29,-0.005564709122598222,-0.9878928648995772,-2.251747993434283,-0.014205143587128776,-0.006987752190063826,-0.3354444805929284,-0.016705143587128775,419,1990-02-28,2024-12-31,-0.0007419080602940243,-0.09258004894053637,-0.5045785049416995,-0.005882749876470298,-0.0015347709310809493,-0.5660590424407322,-0.008382749876470297
OPENAP:OrderBacklog,OrderBacklog,Order backlog,Accounting,sales growth,2004,252,FAILED_OR_UNIDENTIFIABLE,60,2004-01-30,2008-12-31,-0.010518830210280368,-1.609909051516363,-3.7599159429865283,-0.02030025694107542,-0.012825825796349735,-0.4955424201434303,-0.02280025694107542,191,2009-02-27,2024-12-31,-0.0008304374240460621,-0.12355674998447011,-0.4025594196780876,-0.008043003690215657,-0.0015503879877439741,-0.4640732887122887,-0.010543003690215658
OPENAP:AbnormalAccruals,AbnormalAccruals,Abnormal Accruals,Accounting,accruals,2002,276,FAILED_OR_UNIDENTIFIABLE,60,2002-01-31,2006-12-29,-0.003252314049473112,-0.37100739352798656,-0.7910200577362886,-0.017627645809494923,-0.006284185288105083,-0.29355142606792617,-0.020127645809494926,215,2007-02-28,2024-12-31,-0.0008357554826073593,-0.12117137978930173,-0.5013901266344393,-0.006663712683061882,-0.0017757800206529867,-0.37360899589922103,-0.009163712683061882
OPENAP:RealizedVol,RealizedVol,Realized (Total) Volatility,Price,volatility,2007,216,FAILED_OR_UNIDENTIFIABLE,60,2007-01-31,2011-12-30,0.0061275105507765356,0.2641307617226182,0.4796001184363865,-0.03854266745449382,-0.004373126571188781,-0.6059827751963376,-0.04104266745449382,155,2012-02-29,2024-12-31,-0.0009326995002484098,-0.049365515485459116,-0.178447117505699,-0.01920718269988845,-0.00417269729667042,-0.5610712850944282,-0.02170718269988845
OPENAP:EquityDuration,EquityDuration,Equity Duration,Accounting,valuation,2005,240,FAILED_OR_UNIDENTIFIABLE,60,2005-01-31,2009-12-31,0.003464647427156228,0.36978313167469734,0.9060171110363698,-0.009905479903573917,0.0013143145616125445,-0.21767563386637867,-0.012405479903573918,179,2010-02-26,2024-12-31,-0.0010721169284563202,-0.10552072215739296,-0.34863488031451606,-0.011823992138010865,-0.0029959037080901276,-0.4727688477700632,-0.014323992138010866
OPENAP:EarningsForecastDisparity,EarningsForecastDisparity,Long-vs-short EPS forecasts,Analyst,earnings forecast,2012,156,FAILED_OR_UNIDENTIFIABLE,60,2012-01-31,2016-12-30,0.0050177619531775975,0.9283573273177619,2.33758102613542,-0.0024873344946465484,0.0036202051146173296,-0.046699971691503306,-0.004987334494646549,95,2017-02-28,2024-12-31,-0.0011556831933177336,-0.132356128688493,-0.31966434108611197,-0.013795986691427713,-0.002892595465101389,-0.357178986308615,-0.016295986691427712
OPENAP:tang,tang,Tangibility,Accounting,asset composition,2010,180,FAILED_OR_UNIDENTIFIABLE,60,2010-01-29,2014-12-31,-0.001476902214667654,-0.1996754507215863,-0.5700747887024085,-0.010534912381761127,-0.002675171589975925,-0.1667455683204011,-0.013034912381761125,119,2015-02-27,2024-12-31,-0.0012565808250149823,-0.08682217887261554,-0.2725678987485957,-0.017375229117320885,-0.0038251592329110484,-0.4496354727290086,-0.019875229117320887
OPENAP:GrLTNOA,GrLTNOA,Growth in long term operating assets,Accounting,investment,2004,252,FAILED_OR_UNIDENTIFIABLE,60,2004-01-30,2008-12-31,0.0019358613268652214,0.4991967876711791,1.3999430174518137,-0.0028989194002432316,0.00042184895823587563,-0.051964707908740415,-0.005398919400243231,191,2009-02-27,2024-12-31,-0.0012638764901828597,-0.30468908646301435,-1.2114227542462115,-0.004911599105120181,-0.0018616081391986598,-0.2967521253641706,-0.007411599105120181
OPENAP:iomom_supp,iomom_supp,Suppliers momentum,Other,lead lag,2011,168,FAILED_OR_UNIDENTIFIABLE,60,2011-01-31,2015-12-31,0.005068878141688678,0.6682304802301264,1.64987733989502,-0.005672823612906314,0.0040353578271231545,-0.08312080756626439,-0.008172823612906315,107,2016-02-29,2024-12-31,-0.001280159897263634,-0.12692667449119072,-0.46475175375736427,-0.010910820499148018,-0.002219064882761009,-0.3351509064501117,-0.013410820499148018
OPENAP:Spinoff,Spinoff,Spinoffs,Event,other,1994,372,FAILED_OR_UNIDENTIFIABLE,60,1994-01-31,1998-12-31,0.0037786602534727086,0.5505858680500582,1.391928554436757,-0.005712816716183885,0.0029454840164661517,-0.13664985775100147,-0.008212816716183884,311,1999-02-26,2024-12-31,-0.0013202831778222936,-0.1248454801071483,-0.5848146738976987,-0.009213639817614964,-0.0023431378727484585,-0.6948097760694996,-0.011713639817614965
OPENAP:RDS,RDS,Real dirty surplus,Accounting,composite accounting,2012,156,FAILED_OR_UNIDENTIFIABLE,60,2012-01-31,2016-12-30,-0.0006712284502956749,-0.17750881007836022,-0.33059432748065176,-0.00777007609676417,-0.002268954558966441,-0.17004391545153197,-0.010270076096764169,95,2017-02-28,2024-12-31,-0.0013718574081857508,-0.2078189488397518,-0.49157415376060964,-0.011129228663108108,-0.0030996229162797598,-0.2547582896288967,-0.013629228663108107
OPENAP:GrSaleToGrInv,GrSaleToGrInv,Sales growth over inventory growth,Accounting,sales growth,1999,312,FAILED_OR_UNIDENTIFIABLE,60,1999-01-29,2003-12-31,0.0043741192368553766,0.9049797443767188,2.2061793230706965,-0.00255794701369858,0.0022111297752979184,-0.05818939456994443,-0.005057947013698579,251,2004-02-27,2024-12-31,-0.0014658388453260831,-0.35272461859626925,-1.4322509541810502,-0.005044165663117166,-0.0018110064027183207,-0.38576496026803964,-0.007544165663117165
OPENAP:PriceDelayTstat,PriceDelayTstat,Price delay SE adjusted,Price,lead lag,2006,224,FAILED_OR_UNIDENTIFIABLE,60,2006-01-31,2010-12-31,-0.00021108419702130227,-0.021440083065362655,-0.05676661153196276,-0.013212050909923612,-0.005362251658092915,-0.20932172047407416,-0.015712050909923614,163,2011-02-28,2024-08-30,-0.001588186748940458,-0.2203825207974701,-0.870137170120006,-0.007969745092674741,-0.0023846036831793767,-0.38686751068991476,-0.010469745092674742
OPENAP:ChNNCOA,ChNNCOA,Change in Net Noncurrent Op Assets,Accounting,investment alt,2009,192,FAILED_OR_UNIDENTIFIABLE,60,2009-01-30,2013-12-31,0.0009405353061032029,0.24541947448336157,0.6407740457568922,-0.004191422622040888,-0.00034585334470038556,-0.08966405878480244,-0.006691422622040888,131,2014-02-28,2024-12-31,-0.0016368322681099786,-0.4038958538188998,-1.6501709571905343,-0.00510490451202384,-0.002326844035196949,-0.2258548766808809,-0.00760490451202384
OPENAP:PriceDelaySlope,PriceDelaySlope,Price delay coeff,Price,lead lag,2006,224,FAILED_OR_UNIDENTIFIABLE,60,2006-01-31,2010-12-31,-0.00013717247969155297,-0.013835570104240627,-0.036666597194459985,-0.01321721871047708,-0.005291878781153264,-0.20761999202504733,-0.01571721871047707,163,2011-02-28,2024-08-30,-0.0016748927596076876,-0.23170716141618486,-0.9032723671688958,-0.008157969728003348,-0.0024191521010492947,-0.39658450140637214,-0.010657969728003348
OPENAP:MomSeason06YrPlus,MomSeason06YrPlus,Return seasonality years 6 to 10,Price,other,2009,192,FAILED_OR_UNIDENTIFIABLE,60,2009-01-30,2013-12-31,0.0066637320238625754,0.7723602621906264,1.5431155360680076,-0.008434704492484997,0.0014900912704856658,-0.1066903993372007,-0.010934704492484997,131,2014-02-28,2024-12-31,-0.0019304836342615252,-0.1719917399741521,-0.5863354080240986,-0.013442009663011224,-0.004360807936636812,-0.4454820688011636,-0.015942009663011222
OPENAP:BetaLiquidityPS,BetaLiquidityPS,Pastor-Stambaugh liquidity beta,Price,liquidity,2004,252,FAILED_OR_UNIDENTIFIABLE,60,2004-01-30,2008-12-31,0.005991725480930211,0.4636640420624307,1.000525976348613,-0.014946334318332456,0.002294922163269235,-0.3299269312027787,-0.01744633431833246,191,2009-02-27,2024-12-31,-0.002584021352319411,-0.3072876952977522,-1.14303473077122,-0.010488069344159454,-0.004078526780179991,-0.6028858098632264,-0.012988069344159456
OPENAP:OptionVolume2,OptionVolume2,Option volume to average,Options,volume,2013,129,FAILED_OR_UNIDENTIFIABLE,60,2013-01-31,2017-12-29,-0.000953539448211287,-0.3061301745961441,-1.098882456801549,-0.003987432878855881,-0.0013790691737098036,-0.06966040203007162,-0.006487432878855882,68,2018-02-28,2023-09-29,-0.0028250367303352063,-0.5203936682170274,-1.2287483359975837,-0.01086351890583461,-0.004418597102332756,-0.2549018568265311,-0.01336351890583461
OPENAP:ProbInformedTrading,ProbInformedTrading,Probability of Informed Trading,Trading,liquidity,2003,132,FAILED_OR_UNIDENTIFIABLE,60,2003-01-31,2007-12-31,0.013975396516293932,0.8371873490333182,1.7584051194801953,-0.013812655059416715,0.006863855445817572,-0.3909855884909823,-0.016312655059416717,71,2008-02-29,2013-12-31,-0.0030628314579945236,-0.09119211325605062,-0.175052123958834,-0.06423707553302367,-0.01374620928646652,-0.8774961480355056,-0.06673707553302367
OPENAP:PriceDelayRsq,PriceDelayRsq,Price delay r square,Price,lead lag,2006,224,FAILED_OR_UNIDENTIFIABLE,60,2006-01-31,2010-12-31,-0.001823416210390133,-0.15342071682784617,-0.4334784227425243,-0.016530657716273427,-0.007359188919901946,-0.3118160743784708,-0.01903065771627343,163,2011-02-28,2024-08-30,-0.0031191112317433,-0.3204523134566432,-1.041396657853611,-0.013591061716391212,-0.005106799513668067,-0.5829244322013374,-0.01609106171639121
OPENAP:HerfAsset,HerfAsset,Industry concentration (assets),Other,other,2007,216,FAILED_OR_UNIDENTIFIABLE,60,2007-01-31,2011-12-30,-0.005350366644950983,-0.9216758877752881,-1.5982308296962515,-0.01705497636495551,-0.0066537009995699505,-0.30221997414103396,-0.019554976364955512,155,2012-02-29,2024-12-31,-0.0031885094957107172,-0.37168721398633636,-1.2130216431947036,-0.012378859724922326,-0.00489717743392212,-0.5416142518156382,-0.014878859724922325
OPENAP:iomom_cust,iomom_cust,Customers momentum,Other,lead lag,2011,168,FAILED_OR_UNIDENTIFIABLE,60,2011-01-31,2015-12-31,0.006058326360806636,0.7767596958459961,2.0573798172476563,-0.004237260024285126,0.0031926240630823347,-0.1021302930553245,-0.006737260024285124,107,2016-02-29,2024-12-31,-0.0031949000808659377,-0.30523632421484764,-0.8285199755690453,-0.016677299643063675,-0.004470985802985355,-0.4725990978582508,-0.019177299643063677
OPENAP:HerfBE,HerfBE,Industry concentration (equity),Other,other,2007,216,FAILED_OR_UNIDENTIFIABLE,60,2007-01-31,2011-12-30,-0.003670483906135283,-0.6368932625642497,-1.0932049791804042,-0.015409578984728105,-0.005418882945557281,-0.26123111342286576,-0.017909578984728104,155,2012-02-29,2024-12-31,-0.0033119505796425515,-0.4003683576151519,-1.3257104116829002,-0.012046652273853715,-0.004726246146354598,-0.5203895634000727,-0.014546652273853714
OPENAP:BrandInvest,BrandInvest,Brand capital investment,Accounting,investment alt,2015,120,FAILED_OR_UNIDENTIFIABLE,60,2015-01-30,2019-12-31,-0.0071616570626232565,-0.7727247885652112,-1.4028988351881095,-0.025010088829145183,-0.010843825523693154,-0.36844682293502273,-0.027510088829145185,59,2020-02-28,2024-12-31,-0.0033547558528196526,-0.17958715093126654,-0.29592949361730114,-0.042990367572020266,-0.012675465308571568,-0.6840043788933768,-0.045490367572020254
OPENAP:Herf,Herf,Industry concentration (sales),Other,other,2007,216,FAILED_OR_UNIDENTIFIABLE,60,2007-01-31,2011-12-30,-0.0013887303562882028,-0.2585813522078925,-0.6086012730281466,-0.009366802688116054,-0.0027332060063759316,-0.17352524986507545,-0.011866802688116053,155,2012-02-29,2024-12-31,-0.0037723468783748245,-0.444036816091956,-1.3119085513019795,-0.013825931892041819,-0.005707601914387262,-0.5985751675418313,-0.01632593189204182
OPENAP:FR,FR,Pension Funding Status,Accounting,composite accounting,2007,216,FAILED_OR_UNIDENTIFIABLE,60,2007-01-31,2011-12-30,-0.005044085058110757,-0.3365128952103531,-0.5438882349464468,-0.03746950683757078,-0.010526789525995393,-0.5683732048260202,-0.039969506837570785,155,2012-02-29,2024-12-31,-0.003988158821340359,-0.34648144045402723,-0.970076496316653,-0.018362215721810238,-0.005486175796632668,-0.6032494094805212,-0.02086221572181024
OPENAP:Cash,Cash,Cash to assets,Accounting,asset composition,2013,144,FAILED_OR_UNIDENTIFIABLE,60,2013-01-31,2017-12-29,0.004208219527050092,0.2794835313427676,0.7729696045465682,-0.014826604568996019,-0.0002504167299487055,-0.32515140570723244,-0.01732660456899602,83,2018-02-28,2024-12-31,-0.006021953108635046,-0.3093434795366424,-0.6382776439463964,-0.039008786975792305,-0.012027413422398799,-0.6836840984853129,-0.04150878697579231
OPENAP:Activism1,Activism1,Takeover vulnerability,13F,other,2006,14,FAILED_OR_UNIDENTIFIABLE,14,2006-01-31,2007-02-28,0.0014985197947895638,0.3037538410940779,0.6277559294351183,-0.006847598917776679,-0.007817874410379146,-0.049915383952109815,-0.009347598917776676,0,,,,,,,,,
OPENAP:Activism2,Activism2,Active shareholders,13F,ownership,2006,14,FAILED_OR_UNIDENTIFIABLE,14,2006-01-31,2007-02-28,0.0016078676931185504,0.15012119955297762,0.19989460437120038,-0.026515163879093615,-0.0030476072349973917,-0.1116448294136011,-0.02901516387909361,0,,,,,,,,,
OPENAP:Governance,Governance,Governance Index,Other,other,2004,38,FAILED_OR_UNIDENTIFIABLE,38,2004-01-30,2007-02-28,-0.005385579978690397,-0.9706851661798418,-1.7856354307385154,-0.01593072561775581,-0.00847609894755014,-0.21586297863735526,-0.018430725617755814,0,,,,,,,,,
OPENAP:PatentsRD,PatentsRD,Patents to RD expenses,Other,profitability alt,2014,48,FAILED_OR_UNIDENTIFIABLE,48,2015-07-31,2023-06-30,-0.05224885000648185,-0.998818332916914,-2.267979935311722,-0.13279604575952672,-0.07838507010530238,-0.9806789097280474,-0.13529604575952672,0,,,,,,,,,
OPENAP:AnnouncementReturn,AnnouncementReturn,Earnings announcement return,Price,earnings event,1997,336,ROBUST_25BPS_POSTSAMPLE,60,1997-01-31,2001-12-31,0.013095381087167714,1.7028188795533579,6.173694617282139,0.005679104895890238,0.010489626676692662,-0.13572857553922602,0.0031791048958902356,275,2002-02-28,2024-12-31,0.006823655991246077,1.2589835690522742,5.607166357498021,0.0025687832050675574,0.0063276681933283375,-0.13715515498131625,6.878320506755603e-05
OPENAP:ShortInterest,ShortInterest,Short Interest,Trading,short sale constraints,2002,276,ROBUST_GROSS_POSTSAMPLE,60,2002-01-31,2006-12-29,0.014951092124021492,1.5221331156421014,3.5644330266867383,0.00028564340963501723,0.012141175535366358,-0.10016742360110686,-0.0022143565903649833,215,2007-02-28,2024-12-31,0.00837178798450778,0.6767461266696626,4.191191241112578,0.0013879582860891072,0.00763274563189348,-0.2661638891763043,-0.0011120417139108933
OPENAP:DivYieldST,DivYieldST,Predicted div yield next month,Accounting,valuation,1980,540,ROBUST_GROSS_POSTSAMPLE,60,1980-01-31,1984-12-31,0.010862323809848775,2.079822685482373,4.383051497033684,0.002197513313919066,0.009533973518036842,-0.09391765169020905,-0.0003024866860809345,479,1985-02-28,2024-12-31,0.005810564570953805,1.3666166431745208,8.674245168155418,0.0034684963788908663,0.005425185730264611,-0.08524033007804288,0.0009684963788908654
OPENAP:AnalystRevision,AnalystRevision,EPS forecast revision,Analyst,earnings forecast,1985,480,ROBUST_GROSS_POSTSAMPLE,60,1985-01-31,1989-12-29,0.011571026171852796,2.76057290086999,6.4103725011671955,0.005259977839083423,0.010114649926049163,-0.025347098667756307,0.002759977839083422,419,1990-02-28,2024-12-31,0.0044668453222630735,0.868556998753658,4.745292977788807,0.0011756718048349158,0.004136704291788201,-0.24911590657667793,-0.0013243281951650842
