claim_id,family,tier,available_start,available_end,validation_n,validation_mean_monthly,validation_annualized_sharpe,validation_hac_t,validation_bonferroni_lower_bound,validation_leave_one_year_out_min_mean,validation_max_drawdown,validation_lb_after_25bps,lockbox_n,lockbox_mean_monthly,lockbox_annualized_sharpe,lockbox_hac_t,lockbox_bonferroni_lower_bound,lockbox_leave_one_year_out_min_mean,lockbox_max_drawdown,lockbox_lb_after_25bps
TSMOM:TSMOM,time_series_momentum,DIRECTIONALLY_PERSISTENT_ONLY,1985-01-31,2026-05-29,96,0.006648480837704107,0.6165905779733366,1.8584462186512598,-0.004139907304558381,0.005388087454901691,-0.15802928397915117,-0.0066399073045583824,101,0.0022158741564570713,0.2016115597577344,0.5924514364458516,-0.009063278506267924,-0.00014459001992408007,-0.2553645834461683,-0.011563278506267925
TSMOM:TSMOM^CM,time_series_momentum,DIRECTIONALLY_PERSISTENT_ONLY,1985-01-31,2026-05-29,96,0.0016069097824474715,0.11611668665306457,0.3166753878433298,-0.013695552678210815,-0.0007692266299414056,-0.32737339194244897,-0.016195552678210816,101,0.0032129506514719844,0.24698937438995444,0.74736924322043,-0.009751465798859958,0.001284884183916972,-0.30030992559616354,-0.01225146579885996
TSMOM:TSMOM^EQ,time_series_momentum,FAILED_OR_UNIDENTIFIABLE,1985-01-31,2026-05-29,96,0.0076394615892082345,0.39458417272160645,1.0273235989174359,-0.01478590888065225,0.0014951186664495842,-0.40409266616506323,-0.017285908880652248,101,-0.0034640529948524674,-0.14420643680717785,-0.40127581288597225,-0.02949714082112498,-0.00857758050073477,-0.8045626754697655,-0.03199714082112498
TSMOM:TSMOM^FI,time_series_momentum,DIRECTIONALLY_PERSISTENT_ONLY,1985-01-31,2026-05-29,96,0.015359581883253107,0.6842148882312434,1.8361257593433815,-0.009867156850886384,0.011788436781269182,-0.32614430239785597,-0.012367156850886386,101,0.006941241090741783,0.26617508723014255,0.698995870900867,-0.023005299353799052,-0.002606052772166658,-0.5610980681640083,-0.02550529935379906
TSMOM:TSMOM^FX,time_series_momentum,FAILED_OR_UNIDENTIFIABLE,1985-01-31,2026-05-29,96,0.006551361251911199,0.4538035116384757,1.2130191375473123,-0.009735898938180925,0.004199390958771067,-0.2276865423872425,-0.012235898938180927,101,-0.000637480982232374,-0.040623492722988964,-0.13900215077187086,-0.014467725302648686,-0.002124377872507349,-0.47098973649317755,-0.016967725302648687
VME:VAL,value_momentum_everywhere,DIRECTIONALLY_PERSISTENT_ONLY,1972-01-31,2026-04-30,84,0.00047783752600199755,0.13303820315785336,0.3506771149616627,-0.0036313595226683463,-0.0010925904192219795,-0.10120794132884348,-0.006131359522668346,88,0.0010985130039538515,0.1799400699965901,0.4576850506892143,-0.006139554252617905,-0.00010530901207459952,-0.18845139888209772,-0.008639554252617906
VME:MOM,value_momentum_everywhere,DIRECTIONALLY_PERSISTENT_ONLY,1972-01-31,2026-04-30,84,0.0014574947116523474,0.3284452538150975,1.0571299540653876,-0.0027002971808894284,0.00034174018535204767,-0.09140904736167821,-0.005200297180889428,88,0.0035539573378763445,0.5717685462649846,1.3837910004904737,-0.0041911215850107385,0.0015469059007245354,-0.11425410802648306,-0.00669112158501074
VME:VAL^SS,value_momentum_everywhere,FAILED_OR_UNIDENTIFIABLE,1972-02-29,2026-04-30,84,-0.001474494600591319,-0.23591871543316636,-0.6224542427263805,-0.008618140093597574,-0.004473574411968091,-0.19959201749731392,-0.011118140093597573,88,0.0005517186803846117,0.05354095976932957,0.11280674491072332,-0.014197423438878474,-0.0029330151035863376,-0.3907453345430678,-0.016697423438878475
VME:MOM^SS,value_momentum_everywhere,DIRECTIONALLY_PERSISTENT_ONLY,1972-01-31,2026-04-30,84,0.003747650538218599,0.46034878075694075,1.5055237847095901,-0.003759162595593067,0.0020582629619165516,-0.14426061313246719,-0.006259162595593069,88,0.00489133613342759,0.5457517300511042,1.4518595252921516,-0.00526850810243536,0.0029479694008258403,-0.18405132302456872,-0.007768508102435361
VME:VAL^AA,value_momentum_everywhere,DIRECTIONALLY_PERSISTENT_ONLY,1972-01-31,2025-01-31,84,0.0018112635169678824,0.6378947295796434,1.8964557923164822,-0.0010689391972860858,0.001216592464959684,-0.05004697112063217,-0.0035689391972860865,73,1.539184404843876e-05,0.0038750749725160512,0.011517055748357262,-0.004014870572349494,-0.0004135680785950606,-0.0754241716455486,-0.006514870572349494
VME:MOM^AA,value_momentum_everywhere,FAILED_OR_UNIDENTIFIABLE,1972-01-31,2025-01-31,84,-0.00010666195047971804,-0.03414115142091725,-0.10417559424998067,-0.0031943091696781784,-0.0008306300549256289,-0.09245800024790318,-0.0056943091696781785,73,-0.0004390396286359322,-0.10536518349970164,-0.26017036907878505,-0.005528011244381536,-0.0016131830373132872,-0.12455495998162802,-0.008028011244381537
VME:VALLS_VME_US90,value_momentum_everywhere,FAILED_OR_UNIDENTIFIABLE,1972-02-29,2026-04-30,84,-0.0024469916084946426,-0.33876377069593555,-0.8434421595442391,-0.011196049975300836,-0.005581108527927638,-0.2793426572674912,-0.013696049975300838,88,-0.0018393944736919314,-0.15073072842322435,-0.3338644161858892,-0.01845395594550846,-0.005670159624580263,-0.39565179630367564,-0.020953955945508463
VME:MOMLS_VME_US90,value_momentum_everywhere,DIRECTIONALLY_PERSISTENT_ONLY,1972-02-29,2026-04-30,84,0.0025731891965884526,0.29983867805216824,0.9685019796515585,-0.005439076560212542,0.00037313155371194426,-0.16087740319060806,-0.007939076560212545,88,0.0064964811564176125,0.5809927811518105,1.7667771543785746,-0.004592216633984326,0.004272835214675596,-0.19130104337561993,-0.007092216633984326
VME:VALLS_VME_UK90,value_momentum_everywhere,FAILED_OR_UNIDENTIFIABLE,1981-07-31,2026-04-30,84,-0.0005763351293533329,-0.06881496607447547,-0.173701119014861,-0.010582245652766234,-0.004879830818596112,-0.3189833855303571,-0.013082245652766234,88,-0.0011479741070871594,-0.0978607866084721,-0.19762612885243624,-0.018665463698942338,-0.005541525025336052,-0.5298185322420643,-0.02116546369894234
VME:MOMLS_VME_UK90,value_momentum_everywhere,DIRECTIONALLY_PERSISTENT_ONLY,1972-01-31,2026-04-30,84,0.00858208177766095,0.8393860260174864,2.366581233155868,-0.0023538394058313684,0.005118427954705555,-0.16021440740287463,-0.0048538394058313655,88,0.004209016718663296,0.3824508092421051,0.9377205468293595,-0.009327014830828855,0.0013954388704959218,-0.326361705403312,-0.011827014830828857
VME:VALLS_VME_ROE90,value_momentum_everywhere,FAILED_OR_UNIDENTIFIABLE,1981-07-31,2026-04-30,84,-0.002688051452110834,-0.3668176058438012,-0.9760484176458513,-0.010993256415956693,-0.005368468814623751,-0.27304963815637895,-0.013493256415956691,88,0.0019651961909805675,0.18091659789450765,0.41032095982421907,-0.012478101114595427,-0.0014161933176272375,-0.3579242445081354,-0.014978101114595428
VME:MOMLS_VME_ROE90,value_momentum_everywhere,DIRECTIONALLY_PERSISTENT_ONLY,1974-02-28,2026-04-30,84,0.003791150133361666,0.41984949238948166,1.5029129989435588,-0.0038159876385505044,0.0021734992480102783,-0.13022512832774935,-0.006315987638550504,88,0.0059791515153079546,0.6323904531494968,1.8020851622671985,-0.004026569448431145,0.004339465089587262,-0.18485650712184076,-0.006526569448431146
VME:VALLS_VME_JP90,value_momentum_everywhere,DIRECTIONALLY_PERSISTENT_ONLY,1981-07-31,2026-04-30,84,0.0004829198623120238,0.05330065220584174,0.15960526083388624,-0.008641641689036288,-0.001449565209349306,-0.19127253376256748,-0.01114164168903629,88,0.003842154610659319,0.33303908443940966,0.8318596813093316,-0.010086491396794472,0.0015967093681027627,-0.35669146740948243,-0.012586491396794474
VME:MOMLS_VME_JP90,value_momentum_everywhere,DIRECTIONALLY_PERSISTENT_ONLY,1974-02-28,2026-04-30,84,0.0006653792656773808,0.06327173044168687,0.2065834367186713,-0.009047721732349977,-0.0007319403394922229,-0.24610270689361013,-0.011547721732349978,88,0.001990202427148182,0.1927170360799781,0.5428685411940306,-0.009065509537054673,-0.0007492254706328577,-0.22788137046315737,-0.011565509537054675
VME:VALLS_VME_EQ,value_momentum_everywhere,FAILED_OR_UNIDENTIFIABLE,1977-03-31,2025-01-31,84,-0.00032802804114275143,-0.04547881837330205,-0.1152808986091426,-0.008909025170014307,-0.0016899183748351225,-0.24559156310010366,-0.011409025170014308,73,-0.0008355053528721658,-0.09185781766677237,-0.23061353518089067,-0.011761188023971074,-0.003002706030691441,-0.2643506850115399,-0.014261188023971074
VME:MOMLS_VME_EQ,value_momentum_everywhere,FAILED_OR_UNIDENTIFIABLE,1977-03-31,2025-01-31,84,-0.00037950956310698887,-0.061882880782911084,-0.2249553807392321,-0.005467080499393322,-0.0011813144777429645,-0.14916109425748658,-0.007967080499393323,73,0.001875161066826612,0.23737744630670474,0.6840365476465928,-0.006391752751917855,0.0005858098799651947,-0.1479658344708984,-0.008891752751917854
VME:VALLS_VME_FX,value_momentum_everywhere,FAILED_OR_UNIDENTIFIABLE,1979-01-31,2025-01-31,84,0.0010157207562659152,0.21328736711957721,0.5651122752608931,-0.0044045842515588445,9.94261679313586e-05,-0.14005859023492562,-0.006904584251558845,73,-0.0013257164435575472,-0.24609784226825032,-0.711430551839098,-0.006945275901839387,-0.0022964072353379053,-0.16429666702195844,-0.009445275901839387
VME:MOMLS_VME_FX,value_momentum_everywhere,FAILED_OR_UNIDENTIFIABLE,1979-01-31,2025-01-31,84,-0.0003289440526803856,-0.064678329193719,-0.21064139641516733,-0.005038310148012247,-0.001144830575952887,-0.15092159928365756,-0.007538310148012248,73,-0.00029877955997387396,-0.05916282782704574,-0.16544307323542345,-0.005744889871058339,-0.0010141863319063666,-0.17985242826835657,-0.008244889871058338
VME:VALLS_VME_FI,value_momentum_everywhere,FAILED_OR_UNIDENTIFIABLE,1983-01-31,2025-01-31,84,-0.00028664585382547655,-0.1700043054798144,-0.5199663736134554,-0.0019491186405755576,-0.0006720938593952919,-0.05918457992950854,-0.004449118640575557,73,-0.0001675525890333714,-0.07450563301265209,-0.2059018764209373,-0.002621554958890761,-0.0006483031633949238,-0.048846316894883834,-0.005121554958890761
VME:MOMLS_VME_FI,value_momentum_everywhere,DIRECTIONALLY_PERSISTENT_ONLY,1983-01-31,2025-01-31,84,3.801653609232165e-05,0.023335359923140862,0.0775537902579865,-0.0014402530938904061,-0.0003135902514295567,-0.04704265811061059,-0.003940253093890407,73,0.00044040901915625016,0.21026385194393704,0.44862931826693003,-0.0025200066345025633,-0.00025469387573353534,-0.0702236216356934,-0.005020006634502563
VME:VALLS_VME_COM,value_momentum_everywhere,DIRECTIONALLY_PERSISTENT_ONLY,1972-01-31,2025-01-31,84,0.011729741589170206,1.0118668186616717,3.3431874196468705,0.0011491034922884516,0.009544178400013049,-0.14013300037694176,-0.0013508965077115506,73,0.0042714676463508515,0.2582868274563003,0.6578966794957036,-0.01530812112099578,0.00023061113364276477,-0.29049193198843093,-0.01780812112099578
VME:MOMLS_VME_COM,value_momentum_everywhere,FAILED_OR_UNIDENTIFIABLE,1972-01-31,2025-01-31,84,0.00022632688494508935,0.019361094116962976,0.05200540280852445,-0.0128978423141269,-0.001927367160716609,-0.29915443324062096,-0.0153978423141269,73,-0.005613045408999345,-0.30444165342984586,-0.7095934213225931,-0.029467699008610525,-0.011162876479867351,-0.5501984313046875,-0.031967699008610524
BAB:USA,betting_against_beta,DIRECTIONALLY_PERSISTENT_ONLY,1930-12-31,2026-04-30,81,0.009038444909829935,1.8114640451023265,5.820426318179824,0.004355456760436533,0.007977434721033273,-0.055635887919395555,0.0018554567604365324,88,0.001575933918848479,0.1879981918183672,0.659823324221901,-0.005626752024548129,0.00015464931479511362,-0.15250958285456595,-0.008126752024548128
BAB:Global,betting_against_beta,DIRECTIONALLY_PERSISTENT_ONLY,1987-02-28,2026-04-30,81,0.01002872362678773,2.86299351645034,7.584905525855604,0.006041417072594606,0.009153985535298304,-0.01635657374547883,0.0035414170725946072,88,0.0029644254389459457,0.4618461580337091,1.488418458459069,-0.003041772263270835,0.0013583176722006252,-0.11721663899967849,-0.005541772263270836
BAB:Global Ex USA,betting_against_beta,DIRECTIONALLY_PERSISTENT_ONLY,1987-02-28,2026-04-30,81,0.011117411587987878,2.341435702030151,5.413092103996658,0.004923822241543526,0.009179637101698009,-0.033953703674702074,0.0024238222415435256,88,0.0050325343700456234,0.8889216275358319,2.1019262155575964,-0.0021877353618389916,0.003252684844305138,-0.08932816650403053,-0.004687735361838993
BAB:Europe,betting_against_beta,DIRECTIONALLY_PERSISTENT_ONLY,1989-02-28,2026-04-30,81,0.008803025716168719,1.4914909431602437,3.7167281863240604,0.001660442505119839,0.006933185690909694,-0.08146052154273686,-0.0008395574948801615,88,0.005899651558612127,0.7758572235661443,1.9281654779365505,-0.0033274690786260627,0.0034827590329968424,-0.15473829293537278,-0.005827469078626064
BAB:North America,betting_against_beta,DIRECTIONALLY_PERSISTENT_ONLY,1987-02-28,2026-04-30,81,0.009944212411429995,2.150325759527359,6.9926623780990305,0.0056556476605603345,0.008989684114158823,-0.040863460384452766,0.0031556476605603323,88,0.002555411685581884,0.30878963581500074,1.0590070721373357,-0.0047214841002376755,0.0011498218578771115,-0.14378937855983975,-0.007221484100237675
BAB:Pacific,betting_against_beta,DIRECTIONALLY_PERSISTENT_ONLY,1988-12-31,2026-04-30,81,0.011905082239962896,2.029727351779423,5.353450420697574,0.005198785685327858,0.010776480827280645,-0.04796949850555099,0.0026987856853278556,88,0.0013802278299172117,0.2552770324443672,0.6509331031209414,-0.005014153929964131,-0.0003924399319044158,-0.12951830526348074,-0.007514153929964133
QMJ:USA,quality_minus_junk,FAILED_OR_UNIDENTIFIABLE,1957-07-31,2026-04-30,72,0.00563600429505098,0.9906257391655371,2.2506347148011545,-0.0019157950377908552,0.004669210610925275,-0.08825282737768325,-0.004415795037790856,88,-0.0006391928848766218,-0.0690318630178128,-0.18190637249016742,-0.011235832338157366,-0.0035706881646286916,-0.30649649887551544,-0.013735832338157367
QMJ:Global,quality_minus_junk,DIRECTIONALLY_PERSISTENT_ONLY,1989-07-31,2026-04-30,72,0.005700953879277552,1.3120695836671301,3.0057568979970317,-1.8806227663240374e-05,0.005008195199243268,-0.05339010669397026,-0.0025188062276632413,88,0.00067520863439644,0.09868215878058718,0.2605190995488196,-0.007140755505461468,-0.0011737389636855143,-0.21683970479881498,-0.009640755505461469
QMJ:Global Ex USA,quality_minus_junk,DIRECTIONALLY_PERSISTENT_ONLY,1989-07-31,2026-04-30,72,0.005653729440932427,1.3791539375738635,3.5741072004180108,0.0008833647002709586,0.005013654815541071,-0.04062144018900382,-0.0016166352997290423,88,0.002462019627053172,0.4834634822136481,1.3257617030776525,-0.00313826603826609,0.001872091034286312,-0.11463198625935922,-0.005638266038266091
QMJ:Europe,quality_minus_junk,DIRECTIONALLY_PERSISTENT_ONLY,1993-07-31,2026-04-30,72,0.006208981576559563,1.24041244262096,2.8532903367137514,-0.0003533556601743454,0.00529473834121968,-0.059362918166422696,-0.002853355660174345,88,0.0033693676600974488,0.5214864115011362,1.6319233428649171,-0.0028569717005146513,0.0025738945412483293,-0.13280907358909233,-0.005356971700514651
QMJ:North America,quality_minus_junk,FAILED_OR_UNIDENTIFIABLE,1989-07-31,2026-04-30,72,0.00578013652581711,1.00855171506613,2.366630463902019,-0.001585186270381238,0.004914869552729875,-0.09468717952336647,-0.004085186270381238,88,-0.0005120715576056209,-0.05652377522335429,-0.14863133998373027,-0.010901804873760036,-0.0033661952103241515,-0.2985754434117246,-0.013401804873760036
QMJ:Pacific,quality_minus_junk,DIRECTIONALLY_PERSISTENT_ONLY,1993-07-31,2026-04-30,72,0.004589309714120731,0.9532546408974223,2.9553292086591143,-9.370627548388466e-05,0.004135571140742361,-0.07011872662938812,-0.0025937062754838847,88,0.0014675195064945635,0.30394832544271283,0.7882214620615715,-0.004147092707172881,0.00042958727534556096,-0.1416475052472338,-0.006647092707172882
