symbol,cluster24,cluster48
A,0,2
AAL,0,2
AAP,0,2
AAPL,22,45
ABBV,0,2
ABC,0,2
ABT,0,2
ACN,0,2
ADBE,0,2
ADI,0,2
ADM,0,0
ADP,0,2
ADS,0,2
ADSK,0,2
AEE,0,0
AEP,0,0
AES,0,16
AET,0,3
AFL,0,2
AGN,0,2
AIG,0,2
AIV,0,0
AIZ,0,2
AJG,0,2
AKAM,0,2
ALB,0,46
ALGN,1,7
ALK,0,2
ALL,0,2
ALLE,0,2
ALXN,0,2
AMAT,0,2
AMD,15,31
AME,0,2
AMG,0,2
AMGN,0,2
AMP,0,2
AMT,0,0
AMZN,0,2
ANDV,0,1
ANSS,0,2
ANTM,0,3
AON,0,2
AOS,0,2
APA,0,1
APC,0,1
APD,0,2
APH,0,2
ARE,0,0
ARNC,0,1
ATVI,2,5
AVB,0,0
AVGO,0,2
AVY,0,2
AWK,0,0
AXP,0,2
AYI,0,42
AZO,0,2
BA,0,2
BAC,0,2
BAX,17,35
BBT,0,2
BBY,12,25
BDX,0,2
BEN,0,2
BF.B,0,0
BIIB,0,2
BK,0,2
BLK,0,2
BLL,0,2
BMY,0,2
BRK.B,0,2
BSX,0,4
BWA,0,2
BXP,0,0
C,0,2
CA,0,2
CAG,0,0
CAH,0,2
CAT,0,2
CB,0,2
CBG,0,0
CBOE,0,2
CBS,0,2
CCI,0,0
CCL,0,2
CDNS,0,2
CELG,0,2
CERN,0,2
CF,0,20
CHD,0,0
CHK,0,1
CHRW,0,2
CHTR,0,2
CI,0,3
CINF,0,2
CL,0,0
CLX,0,0
CMA,0,2
CMCSA,0,2
CME,0,2
CMG,1,7
CMI,0,2
CMS,0,0
CNC,0,3
CNP,0,0
COF,0,2
COG,0,1
COL,0,2
COO,0,14
COP,0,1
COST,0,0
COTY,19,39
CPB,0,0
CRM,0,2
CSCO,0,2
CSX,0,2
CTAS,0,2
CTL,0,0
CTSH,0,2
CTXS,0,2
CVS,0,0
CVX,0,1
CXO,0,1
D,0,0
DAL,0,2
DE,0,2
DFS,0,2
DG,0,6
DGX,0,3
DHI,0,2
DHR,0,2
DIS,0,2
DISCA,5,12
DISCK,5,12
DISH,0,36
DLR,0,0
DLTR,0,6
DOV,0,2
DPS,0,0
DRE,0,0
DRI,0,10
DTE,0,0
DUK,0,0
DVA,0,3
DVN,0,1
EA,2,5
EBAY,16,33
ECL,0,2
ED,0,0
EFX,0,2
EIX,0,0
EL,0,0
EMN,0,2
EMR,0,2
EOG,0,1
EQIX,0,0
EQR,0,0
EQT,0,1
ES,0,0
ESRX,0,3
ESS,0,0
ETFC,0,2
ETN,0,2
ETR,0,0
EW,0,4
EXC,0,0
EXPD,0,2
EXPE,0,9
EXR,0,0
F,0,2
FAST,0,2
FB,0,8
FBHS,0,2
FCX,0,1
FDX,0,2
FE,0,0
FFIV,4,19
FIS,0,2
FISV,0,2
FITB,0,2
FL,0,6
FLIR,0,2
FLR,0,2
FLS,0,2
FMC,0,2
FOX,0,2
FOXA,0,2
FRT,0,0
FTI,0,1
GD,0,2
GE,0,2
GGP,0,0
GILD,0,2
GIS,0,0
GLW,0,2
GM,0,2
GOOGL,0,2
GPC,0,2
GPN,0,2
GPS,0,6
GRMN,0,37
GS,0,2
GT,0,2
GWW,0,2
HAL,0,1
HAS,0,13
HBAN,0,2
HBI,0,8
HCA,0,3
HCN,0,0
HCP,0,0
HD,0,2
HES,0,1
HIG,0,2
HII,0,2
HOG,0,2
HOLX,0,14
HON,0,2
HP,0,1
HRB,0,2
HRL,0,0
HRS,0,2
HSIC,0,2
HST,0,2
HSY,0,0
HUM,0,3
IBM,0,2
ICE,0,2
IDXX,0,44
IFF,0,2
ILMN,0,2
INCY,0,2
INTC,0,2
INTU,0,2
IP,0,2
IPG,0,2
IQV,0,3
IR,0,2
IRM,13,27
ISRG,23,47
IT,0,2
ITW,0,2
IVZ,0,2
JBHT,0,2
JCI,0,2
JEC,0,2
JNJ,0,2
JNPR,4,19
JPM,0,2
JWN,0,6
K,0,0
KEY,0,2
KIM,0,0
KLAC,0,2
KMB,0,0
KMI,0,1
KMX,0,2
KO,0,0
KORS,7,32
KR,0,0
KSS,0,6
KSU,0,2
L,0,2
LB,0,6
LEG,0,2
LEN,0,2
LH,0,3
LKQ,0,23
LLL,0,2
LLY,0,2
LMT,0,2
LNC,0,2
LNT,0,0
LOW,0,2
LRCX,0,2
LUK,0,2
LUV,0,2
LYB,0,2
M,0,6
MA,0,2
MAA,0,0
MAC,0,0
MAR,0,2
MAS,0,2
MAT,0,13
MCD,0,10
MCHP,0,2
MCK,0,2
MCO,0,2
MDLZ,0,0
MDT,0,2
MET,0,2
MGM,0,2
MHK,0,2
MKC,0,0
MLM,0,2
MMC,0,2
MMM,0,2
MNST,14,29
MO,0,0
MON,0,20
MOS,0,20
MPC,0,1
MRK,0,2
MRO,0,1
MS,0,2
MSFT,0,2
MSI,0,2
MTB,0,2
MTD,0,2
MU,0,2
MYL,3,15
NBL,0,1
NCLH,0,2
NDAQ,0,2
NEE,0,0
NEM,20,41
NFLX,21,43
NFX,0,1
NI,11,24
NKE,0,2
NLSN,0,2
NOC,0,2
NOV,0,1
NRG,0,16
NSC,0,2
NTAP,0,22
NTRS,0,2
NUE,0,2
NVDA,0,2
NWL,0,2
NWS,0,2
NWSA,0,2
O,0,0
OKE,0,1
OMC,0,2
ORCL,0,2
ORLY,0,2
OXY,0,1
PAYX,0,2
PBCT,0,2
PCAR,0,2
PCG,0,0
PCLN,0,9
PDCO,0,2
PEG,0,0
PEP,0,0
PFE,0,2
PFG,0,2
PG,0,0
PGR,0,2
PH,0,2
PHM,0,2
PKG,0,2
PKI,0,2
PLD,0,0
PM,0,0
PNC,0,2
PNR,0,2
PNW,0,0
PPG,0,2
PPL,0,0
PRGO,3,15
PRU,0,2
PSA,0,0
PSX,0,1
PVH,0,6
PWR,0,1
PX,0,2
PXD,0,1
QCOM,0,46
RCL,0,2
RE,0,2
REG,0,0
REGN,0,2
RF,0,2
RHI,0,2
RHT,0,2
RJF,0,2
RL,0,6
RMD,6,28
ROK,0,2
ROP,0,2
ROST,0,6
RRC,0,1
RSG,0,2
RTN,0,2
SBAC,0,0
SBUX,0,2
SCG,0,0
SCHW,0,2
SEE,0,2
SHW,0,2
SIG,0,34
SJM,0,0
SLB,0,1
SLG,0,0
SNA,0,2
SNI,0,2
SNPS,0,2
SO,0,0
SPG,0,0
SPGI,0,2
SRCL,0,6
SRE,0,0
STI,0,2
STT,0,2
STX,0,22
STZ,18,38
SWK,0,2
SWKS,0,2
SYK,0,2
SYMC,0,11
SYY,0,0
T,0,0
TAP,0,17
TDG,9,40
TEL,0,2
TGT,0,0
TIF,0,6
TJX,0,6
TMK,0,2
TMO,0,2
TPR,0,6
TRIP,0,9
TROW,0,2
TRV,0,2
TSCO,0,2
TSN,8,18
TSS,0,2
TWX,0,2
TXN,0,2
TXT,0,2
UAA,0,8
UAL,0,2
UDR,0,0
UHS,0,3
ULTA,10,21
UNH,0,3
UNM,0,2
UNP,0,2
UPS,0,2
URI,0,2
USB,0,2
UTX,0,2
V,0,2
VAR,0,2
VFC,0,6
VIAB,0,2
VLO,0,1
VMC,0,2
VNO,0,0
VRSK,0,2
VRSN,0,2
VRTX,1,26
VTR,0,0
VZ,0,0
WAT,0,2
WBA,0,0
WDC,0,22
WEC,0,0
WFC,0,2
WHR,0,2
WM,0,2
WMB,0,1
WMT,0,0
WU,0,2
WY,0,0
WYN,0,2
WYNN,0,2
XEC,0,1
XEL,0,0
XL,0,2
XLNX,0,2
XOM,0,1
XRAY,0,2
XRX,0,2
XYL,0,2
YUM,0,10
ZBH,0,2
ZION,0,2
ZTS,0,30
