component_id,component_class,decision_active,capital_permission,exact_scope_contract_pass,live_decision_weight
data_lineage_and_availability_gate,ACTIVE_OPERATIONAL_VALIDATED,True,N/A_NON_PREDICTIVE,True,0.0
market_capability_gate,ACTIVE_OPERATIONAL_VALIDATED,True,N/A_NON_PREDICTIVE,True,0.0
proof_receipt_enforcement,ACTIVE_OPERATIONAL_VALIDATED,True,N/A_NON_PREDICTIVE,True,0.0
capital_zero_default,ACTIVE_OPERATIONAL_VALIDATED,True,N/A_NON_PREDICTIVE,True,0.0
deterministic_snapshot_and_manifest,ACTIVE_OPERATIONAL_VALIDATED,True,N/A_NON_PREDICTIVE,True,0.0
global_trial_accounting,ACTIVE_OPERATIONAL_VALIDATED,True,N/A_NON_PREDICTIVE,True,0.0
SMILE_ANN,EVIDENCE_ACTIVE_RESEARCH_DECISION_INACTIVE,False,BLOCKED,True,0.0
SMILE_ONLY,EVIDENCE_ACTIVE_RESEARCH_DECISION_INACTIVE,False,BLOCKED,True,0.0
SMILE_EXPECTATIONS_DIV,EVIDENCE_ACTIVE_RESEARCH_DECISION_INACTIVE,False,BLOCKED,True,0.0
