dataset,claim_id,candidate,target,promoted_in_control,validation_lb,lockbox_lb,market_evidence_status,live_decision_weight,capital_permission
PLANTED_SIGNAL_CONTROL,future_up_event:price_momentum_baseline,price_momentum_baseline,future_up_event,False,-0.052950464838067694,-0.0565746388593036,SYNTHETIC_ONLY,0.0,BLOCKED
PLANTED_SIGNAL_CONTROL,future_up_event:origin_revision,origin_revision,future_up_event,True,0.1470763869005089,0.2186623053293355,SYNTHETIC_ONLY,0.0,BLOCKED
PLANTED_SIGNAL_CONTROL,future_up_event:vulnerability_only,vulnerability_only,future_up_event,False,0.008951801380747054,-0.0017318350412108136,SYNTHETIC_ONLY,0.0,BLOCKED
PLANTED_SIGNAL_CONTROL,future_up_event:signed_taker_flow,signed_taker_flow,future_up_event,True,0.09580608071833976,0.11786293594534403,SYNTHETIC_ONLY,0.0,BLOCKED
PLANTED_SIGNAL_CONTROL,future_up_event:open_interest_change,open_interest_change,future_up_event,False,-0.03390194561578362,-0.0205183206035466,SYNTHETIC_ONLY,0.0,BLOCKED
PLANTED_SIGNAL_CONTROL,future_up_event:funding_crowding,funding_crowding,future_up_event,True,0.03267516252441345,0.053875208991503276,SYNTHETIC_ONLY,0.0,BLOCKED
PLANTED_SIGNAL_CONTROL,future_up_event:basis_crowding,basis_crowding,future_up_event,False,-0.011214978988534248,-0.0022546217014017267,SYNTHETIC_ONLY,0.0,BLOCKED
PLANTED_SIGNAL_CONTROL,future_up_event:realized_short_liquidation,realized_short_liquidation,future_up_event,False,-0.017652232843933902,-0.014503414143151224,SYNTHETIC_ONLY,0.0,BLOCKED
PLANTED_SIGNAL_CONTROL,future_up_event:realized_long_liquidation_inverse,realized_long_liquidation_inverse,future_up_event,False,-0.01766480793381479,-0.014144234946401426,SYNTHETIC_ONLY,0.0,BLOCKED
PLANTED_SIGNAL_CONTROL,future_up_event:origin_x_vulnerability,origin_x_vulnerability,future_up_event,True,0.12354514880016988,0.1619802166319057,SYNTHETIC_ONLY,0.0,BLOCKED
PLANTED_SIGNAL_CONTROL,future_up_event:origin_plus_signed_flow,origin_plus_signed_flow,future_up_event,True,0.16211272633532958,0.2136715708624971,SYNTHETIC_ONLY,0.0,BLOCKED
PLANTED_SIGNAL_CONTROL,future_up_event:origin_vulnerability_signed,origin_vulnerability_signed,future_up_event,True,0.19357283617498583,0.26800545249720636,SYNTHETIC_ONLY,0.0,BLOCKED
PLANTED_SIGNAL_CONTROL,future_up_event:oi_x_signed_flow,oi_x_signed_flow,future_up_event,True,0.017370396782169034,0.045882839645935126,SYNTHETIC_ONLY,0.0,BLOCKED
PLANTED_SIGNAL_CONTROL,future_up_event:oi_x_funding,oi_x_funding,future_up_event,False,-0.03979610145114719,0.026369926357670367,SYNTHETIC_ONLY,0.0,BLOCKED
PLANTED_SIGNAL_CONTROL,future_up_event:crowding_composite,crowding_composite,future_up_event,True,0.0420925563415491,0.054974789888712475,SYNTHETIC_ONLY,0.0,BLOCKED
PLANTED_SIGNAL_CONTROL,future_up_event:liquidation_sum,liquidation_sum,future_up_event,False,-0.017683104666455993,-0.014144234946401426,SYNTHETIC_ONLY,0.0,BLOCKED
PLANTED_SIGNAL_CONTROL,future_down_event:price_momentum_baseline,price_momentum_baseline,future_down_event,False,-0.06956239700985378,-0.03179401521844197,SYNTHETIC_ONLY,0.0,BLOCKED
PLANTED_SIGNAL_CONTROL,future_down_event:origin_revision,origin_revision,future_down_event,True,0.2101380608401215,0.2015802400463953,SYNTHETIC_ONLY,0.0,BLOCKED
PLANTED_SIGNAL_CONTROL,future_down_event:vulnerability_only,vulnerability_only,future_down_event,False,-0.07447864246832693,-0.08202756660166818,SYNTHETIC_ONLY,0.0,BLOCKED
PLANTED_SIGNAL_CONTROL,future_down_event:signed_taker_flow,signed_taker_flow,future_down_event,True,0.09257817905712505,0.1041187559111338,SYNTHETIC_ONLY,0.0,BLOCKED
PLANTED_SIGNAL_CONTROL,future_down_event:open_interest_change,open_interest_change,future_down_event,False,-0.04963669734680588,-0.09075981663824967,SYNTHETIC_ONLY,0.0,BLOCKED
PLANTED_SIGNAL_CONTROL,future_down_event:funding_crowding,funding_crowding,future_down_event,False,0.012845642427345753,-0.013883106015370128,SYNTHETIC_ONLY,0.0,BLOCKED
PLANTED_SIGNAL_CONTROL,future_down_event:basis_crowding,basis_crowding,future_down_event,False,-0.015622457616425209,-0.01924363479275614,SYNTHETIC_ONLY,0.0,BLOCKED
PLANTED_SIGNAL_CONTROL,future_down_event:realized_short_liquidation,realized_short_liquidation,future_down_event,False,-0.012531883440207304,-0.016210226101704174,SYNTHETIC_ONLY,0.0,BLOCKED
PLANTED_SIGNAL_CONTROL,future_down_event:realized_long_liquidation_inverse,realized_long_liquidation_inverse,future_down_event,False,-0.014503414143151233,-0.013890510512712045,SYNTHETIC_ONLY,0.0,BLOCKED
PLANTED_SIGNAL_CONTROL,future_down_event:origin_x_vulnerability,origin_x_vulnerability,future_down_event,True,0.1528137698440391,0.16967132375122526,SYNTHETIC_ONLY,0.0,BLOCKED
PLANTED_SIGNAL_CONTROL,future_down_event:origin_plus_signed_flow,origin_plus_signed_flow,future_down_event,True,0.21392138580381914,0.22236431252385802,SYNTHETIC_ONLY,0.0,BLOCKED
PLANTED_SIGNAL_CONTROL,future_down_event:origin_vulnerability_signed,origin_vulnerability_signed,future_down_event,True,0.2427356651760521,0.25001146316620615,SYNTHETIC_ONLY,0.0,BLOCKED
PLANTED_SIGNAL_CONTROL,future_down_event:oi_x_signed_flow,oi_x_signed_flow,future_down_event,True,0.002274771040020676,0.003294122867550625,SYNTHETIC_ONLY,0.0,BLOCKED
PLANTED_SIGNAL_CONTROL,future_down_event:oi_x_funding,oi_x_funding,future_down_event,False,-0.0485585474334948,-0.056186008754490445,SYNTHETIC_ONLY,0.0,BLOCKED
PLANTED_SIGNAL_CONTROL,future_down_event:crowding_composite,crowding_composite,future_down_event,False,-0.02824003264872166,-0.02824762371441628,SYNTHETIC_ONLY,0.0,BLOCKED
PLANTED_SIGNAL_CONTROL,future_down_event:liquidation_sum,liquidation_sum,future_down_event,False,-0.012539754510016678,-0.016210226101704174,SYNTHETIC_ONLY,0.0,BLOCKED
NULL_CONTROL,future_up_event:price_momentum_baseline,price_momentum_baseline,future_up_event,False,-0.029406403225899706,-0.032542469756271904,SYNTHETIC_ONLY,0.0,BLOCKED
NULL_CONTROL,future_up_event:origin_revision,origin_revision,future_up_event,False,-0.03800273852071609,-0.024633188454499175,SYNTHETIC_ONLY,0.0,BLOCKED
NULL_CONTROL,future_up_event:vulnerability_only,vulnerability_only,future_up_event,False,-0.035987618492050344,-0.038483179181428386,SYNTHETIC_ONLY,0.0,BLOCKED
NULL_CONTROL,future_up_event:signed_taker_flow,signed_taker_flow,future_up_event,False,-0.02975955687146744,-0.028168684396390788,SYNTHETIC_ONLY,0.0,BLOCKED
NULL_CONTROL,future_up_event:open_interest_change,open_interest_change,future_up_event,False,-0.034612976098505895,-0.023768813706060335,SYNTHETIC_ONLY,0.0,BLOCKED
NULL_CONTROL,future_up_event:funding_crowding,funding_crowding,future_up_event,False,-0.03805044096651643,-0.03267851109787399,SYNTHETIC_ONLY,0.0,BLOCKED
NULL_CONTROL,future_up_event:basis_crowding,basis_crowding,future_up_event,False,-0.03590049564724175,-0.03185148184065205,SYNTHETIC_ONLY,0.0,BLOCKED
NULL_CONTROL,future_up_event:realized_short_liquidation,realized_short_liquidation,future_up_event,False,-0.00923935662394962,-0.009980196184106047,SYNTHETIC_ONLY,0.0,BLOCKED
NULL_CONTROL,future_up_event:realized_long_liquidation_inverse,realized_long_liquidation_inverse,future_up_event,False,-0.009057061659488828,-0.009404461127055987,SYNTHETIC_ONLY,0.0,BLOCKED
NULL_CONTROL,future_up_event:origin_x_vulnerability,origin_x_vulnerability,future_up_event,False,-0.03511595701712607,-0.027974862990436326,SYNTHETIC_ONLY,0.0,BLOCKED
NULL_CONTROL,future_up_event:origin_plus_signed_flow,origin_plus_signed_flow,future_up_event,False,-0.02248488403376705,-0.033541138391225106,SYNTHETIC_ONLY,0.0,BLOCKED
NULL_CONTROL,future_up_event:origin_vulnerability_signed,origin_vulnerability_signed,future_up_event,False,-0.021374182826252884,-0.030751689142009046,SYNTHETIC_ONLY,0.0,BLOCKED
NULL_CONTROL,future_up_event:oi_x_signed_flow,oi_x_signed_flow,future_up_event,False,-0.030110582443129114,-0.02892940621764449,SYNTHETIC_ONLY,0.0,BLOCKED
NULL_CONTROL,future_up_event:oi_x_funding,oi_x_funding,future_up_event,False,-0.027621573747391888,-0.033086902232136464,SYNTHETIC_ONLY,0.0,BLOCKED
NULL_CONTROL,future_up_event:crowding_composite,crowding_composite,future_up_event,False,-0.037794720765197055,-0.03540308997201452,SYNTHETIC_ONLY,0.0,BLOCKED
NULL_CONTROL,future_up_event:liquidation_sum,liquidation_sum,future_up_event,False,-0.009057061659488828,-0.009421060602888238,SYNTHETIC_ONLY,0.0,BLOCKED
NULL_CONTROL,future_down_event:price_momentum_baseline,price_momentum_baseline,future_down_event,False,-0.03445671176527536,-0.03647618399353782,SYNTHETIC_ONLY,0.0,BLOCKED
NULL_CONTROL,future_down_event:origin_revision,origin_revision,future_down_event,False,-0.0333425472601598,-0.031002808552922197,SYNTHETIC_ONLY,0.0,BLOCKED
NULL_CONTROL,future_down_event:vulnerability_only,vulnerability_only,future_down_event,False,-0.03079159880593197,-0.02955464465303392,SYNTHETIC_ONLY,0.0,BLOCKED
NULL_CONTROL,future_down_event:signed_taker_flow,signed_taker_flow,future_down_event,False,-0.028181230912844753,-0.0326975785608485,SYNTHETIC_ONLY,0.0,BLOCKED
NULL_CONTROL,future_down_event:open_interest_change,open_interest_change,future_down_event,False,-0.029587638461291685,-0.028456338738800064,SYNTHETIC_ONLY,0.0,BLOCKED
NULL_CONTROL,future_down_event:funding_crowding,funding_crowding,future_down_event,False,-0.03880495052191671,-0.03128064046505674,SYNTHETIC_ONLY,0.0,BLOCKED
NULL_CONTROL,future_down_event:basis_crowding,basis_crowding,future_down_event,False,-0.03236805644608477,-0.034853165312731596,SYNTHETIC_ONLY,0.0,BLOCKED
NULL_CONTROL,future_down_event:realized_short_liquidation,realized_short_liquidation,future_down_event,False,-0.01278145267049184,-0.011705183048877594,SYNTHETIC_ONLY,0.0,BLOCKED
NULL_CONTROL,future_down_event:realized_long_liquidation_inverse,realized_long_liquidation_inverse,future_down_event,False,-0.010473299119638662,-0.010292355647945155,SYNTHETIC_ONLY,0.0,BLOCKED
NULL_CONTROL,future_down_event:origin_x_vulnerability,origin_x_vulnerability,future_down_event,False,-0.033815026118898014,-0.030115058302651015,SYNTHETIC_ONLY,0.0,BLOCKED
NULL_CONTROL,future_down_event:origin_plus_signed_flow,origin_plus_signed_flow,future_down_event,False,-0.03219315458456354,-0.02652634031883896,SYNTHETIC_ONLY,0.0,BLOCKED
NULL_CONTROL,future_down_event:origin_vulnerability_signed,origin_vulnerability_signed,future_down_event,False,-0.028354258898348195,-0.024706267100754926,SYNTHETIC_ONLY,0.0,BLOCKED
NULL_CONTROL,future_down_event:oi_x_signed_flow,oi_x_signed_flow,future_down_event,False,-0.0423425491809883,-0.034863344933551074,SYNTHETIC_ONLY,0.0,BLOCKED
NULL_CONTROL,future_down_event:oi_x_funding,oi_x_funding,future_down_event,False,-0.035460319074273466,-0.03327723910145101,SYNTHETIC_ONLY,0.0,BLOCKED
NULL_CONTROL,future_down_event:crowding_composite,crowding_composite,future_down_event,False,-0.031539603661236475,-0.027911916245361552,SYNTHETIC_ONLY,0.0,BLOCKED
NULL_CONTROL,future_down_event:liquidation_sum,liquidation_sum,future_down_event,False,-0.012784619975598632,-0.011705183048877594,SYNTHETIC_ONLY,0.0,BLOCKED
