market,mechanism,required_fields,official_or_primary_source,availability,current_status,proof_use
us_equities,as-filed fundamental inflection,"filing date, accession, revenue, gross profit, operating income, inventory, capex, shares, debt",SEC EDGAR companyfacts/submissions,PUBLIC_BULK,PIPELINE_READY_DATA_NOT_ACQUIRED_IN_RUNTIME,origin/value-capture
us_equities,expectation gap and revision velocity,"PIT consensus EPS/revenue, estimate counts, revisions, dispersion, guidance",I/B/E/S or equivalent PIT estimate vendor,LICENSED,BLOCKED_DATA,origin/expectations
us_equities,customer-supplier qualification diffusion,"dated customer links, revenue concentration, qualification events, customer demand",SEC 10-K/10-Q exhibits plus supplier/customer mapping,PUBLIC_TEXT_PLUS_SPECIALIZED_MAPPING,TEXT_PIPELINE_NOT_BUILT,transmission/value capture
us_equities,short-demand versus squeeze scarcity,"borrow fee, utilization, lendable supply, short demand, recalls, days to cover",securities-lending vendor plus FINRA/SRO short interest,LICENSED_PLUS_PUBLIC_LAGGED,BLOCKED_DATA,vulnerability/direction
us_equities,signed options demand and dealer hedge flow,"buy/sell, open/close, participant capacity, NBBO, Greeks, OI vintage",Cboe DataShop enhanced TBT/open-close plus OCC OI,LICENSED,BLOCKED_DATA,trigger/transmission/range
ihsg,broker inventory persistence and crossing-adjusted accumulation,"ticker-broker buy/sell value/lot, negotiated/crossing, foreign flow, free float, corporate actions",IDX broker summary and issuer disclosures,PUBLIC_CURRENT_HISTORY_ACQUISITION_REQUIRED,BLOCKED_HISTORICAL_PANEL,position build/value capture
commodities,physical scarcity versus speculative covering,"curve, OI, participant long/short, inventory vintage, basis, freight, storage, options",CFTC/exchange/EIA plus physical vendor,MIXED_PUBLIC_LICENSED,PARTIAL_COT_ONLY,origin/positioning/transmission/topping
fx,policy and funding surprise with positioning vulnerability,"rate-path surprise, TFF, cross-currency basis, risk reversal, reserves/intervention",central banks/CFTC/exchange/vendor,MIXED,PARTIAL,origin/vulnerability/direction
crypto,"leveraged build, liquidation vulnerability, forced-flow cascade","venue OI, funding, basis, aggressor side, liquidation flag/side, depth, exchange flows, unlocks",venue APIs and on-chain archives,PUBLIC_OR_VENDOR_VENUE_SPECIFIC,HISTORICAL_ARCHIVE_NOT_BUNDLED,vulnerability/transmission/exhaustion
