date,t10y3m,hy_oas,cape,a1,a2,b1,b2,c,score
2023-07-31,-1.58,3.79,30.89,1,0,0,0,0,1
2023-08-01,-1.49,3.82,30.09,1,0,0,0,0,1
2023-08-02,-1.45,3.96,30.09,1,0,0,0,0,1
2023-08-03,-1.34,3.98,30.09,1,0,0,0,0,1
2023-08-04,-1.49,4.01,30.09,1,0,0,0,0,1
2023-08-07,-1.47,3.97,30.09,1,0,0,0,0,1
2023-08-08,-1.55,4.0,30.09,1,0,0,0,0,1
2023-08-09,-1.55,3.94,30.09,1,0,0,0,0,1
2023-08-10,-1.45,3.83,30.09,1,0,0,0,0,1
2023-08-11,-1.38,3.83,30.09,1,0,0,0,0,1
2023-08-14,-1.37,3.79,30.09,1,0,0,0,0,1
2023-08-15,-1.35,3.85,30.09,1,0,0,0,0,1
2023-08-16,-1.28,3.81,30.09,1,0,0,0,0,1
2023-08-17,-1.26,3.95,30.09,1,0,0,0,0,1
2023-08-18,-1.29,4.02,30.09,1,0,0,0,0,1
2023-08-21,-1.23,3.97,30.09,1,0,0,0,0,1
2023-08-22,-1.23,3.93,30.09,1,0,0,0,0,1
2023-08-23,-1.38,3.92,30.09,1,0,0,0,0,1
2023-08-24,-1.35,3.91,30.09,1,0,0,0,0,1
2023-08-25,-1.36,3.9,30.09,1,0,0,0,0,1
2023-08-28,-1.38,3.86,30.09,1,0,0,0,0,1
2023-08-29,-1.44,3.87,30.09,1,0,0,0,0,1
2023-08-30,-1.44,3.8,30.09,1,0,0,0,0,1
2023-08-31,-1.47,3.85,30.09,1,0,0,0,0,1
2023-09-01,-1.35,3.81,29.8,1,0,0,0,0,1
2023-09-05,-1.28,3.83,29.8,1,0,0,0,0,1
2023-09-06,-1.25,3.86,29.8,1,0,0,0,0,1
2023-09-07,-1.26,3.9,29.8,1,0,0,0,0,1
2023-09-08,-1.29,3.85,29.8,1,0,0,0,0,1
2023-09-11,-1.26,3.82,29.8,1,0,0,0,0,1
2023-09-12,-1.29,3.84,29.8,1,0,0,0,0,1
2023-09-13,-1.3,3.85,29.8,1,0,0,0,0,1
2023-09-14,-1.26,3.78,29.8,1,0,0,0,0,1
2023-09-15,-1.23,3.79,29.8,1,0,0,0,0,1
2023-09-18,-1.23,3.82,29.8,1,0,0,0,0,1
2023-09-19,-1.17,3.82,29.8,1,0,0,0,0,1
2023-09-20,-1.21,3.77,29.8,1,0,0,0,0,1
2023-09-21,-1.08,3.89,29.8,1,0,0,0,0,1
2023-09-22,-1.12,3.93,29.8,1,0,0,0,0,1
2023-09-25,-1.03,3.97,29.8,1,0,0,0,0,1
2023-09-26,-1.02,4.04,29.8,1,0,0,0,0,1
2023-09-27,-0.97,4.03,29.8,1,0,0,0,0,1
2023-09-28,-0.97,4.09,29.8,1,0,0,0,0,1
2023-09-29,-0.96,4.03,29.8,1,0,0,0,0,1
2023-10-02,-0.93,4.11,28.7,1,0,0,0,0,1
2023-10-03,-0.81,4.26,28.7,1,0,0,0,0,1
2023-10-04,-0.88,4.37,28.7,1,0,0,0,0,1
2023-10-05,-0.89,4.38,28.7,1,0,0,0,0,1
2023-10-06,-0.85,4.33,28.7,1,0,0,0,0,1
2023-10-10,-0.95,4.26,28.7,1,0,0,0,0,1
2023-10-11,-1.03,4.25,28.7,1,0,0,0,0,1
2023-10-12,-0.93,4.25,28.7,1,0,0,0,0,1
2023-10-13,-0.99,4.3,28.7,1,0,0,0,0,1
2023-10-16,-0.9,4.27,28.7,1,0,0,0,0,1
2023-10-17,-0.79,4.25,28.7,1,0,0,0,0,1
2023-10-18,-0.7,4.32,28.7,1,0,0,0,0,1
2023-10-19,-0.62,4.37,28.7,1,0,0,0,0,1
2023-10-20,-0.65,4.52,28.7,1,0,0,0,0,1
2023-10-23,-0.72,4.51,28.7,1,0,0,0,0,1
2023-10-24,-0.75,4.41,28.7,1,0,0,0,0,1
2023-10-25,-0.64,4.37,28.7,1,0,0,0,0,1
2023-10-26,-0.73,4.5,28.7,1,0,0,0,0,1
2023-10-27,-0.75,4.53,28.7,1,0,0,0,0,1
2023-10-30,-0.72,4.5,28.7,1,0,0,0,0,1
2023-10-31,-0.71,4.42,28.7,1,0,0,0,0,1
2023-11-01,-0.8,4.47,30.01,1,0,0,0,0,1
2023-11-02,-0.87,4.15,30.01,1,0,0,0,0,1
2023-11-03,-0.96,4.04,30.01,1,0,0,0,0,1
2023-11-06,-0.89,4.0,30.01,1,0,0,0,0,1
2023-11-07,-0.97,4.08,30.01,1,0,0,0,0,1
2023-11-08,-1.05,4.08,30.01,1,0,0,0,0,1
2023-11-09,-0.92,4.04,30.01,1,0,0,0,0,1
2023-11-10,-0.92,4.03,30.01,1,0,0,0,0,1
2023-11-13,-0.92,4.03,30.01,1,0,0,0,0,1
2023-11-14,-1.08,3.92,30.01,1,0,0,0,0,1
2023-11-15,-1.0,3.89,30.01,1,0,0,0,0,1
2023-11-16,-1.06,4.02,30.01,1,0,0,0,0,1
2023-11-17,-1.06,3.99,30.01,1,0,0,0,0,1
2023-11-20,-1.12,3.92,30.01,1,0,0,0,0,1
2023-11-21,-1.12,3.95,30.01,1,0,0,0,0,1
2023-11-22,-1.12,3.9,30.01,1,0,0,0,0,1
2023-11-24,-1.07,3.85,30.01,1,0,0,0,0,1
2023-11-27,-1.1,3.89,30.01,1,0,0,0,0,1
2023-11-28,-1.13,3.9,30.01,1,0,0,0,0,1
2023-11-29,-1.18,3.8,30.01,1,0,0,0,0,1
2023-11-30,-1.08,3.84,30.01,1,0,0,0,0,1
2023-12-01,-1.21,3.87,31.45,1,0,0,0,0,1
2023-12-04,-1.18,3.8,31.45,1,0,0,0,0,1
2023-12-05,-1.27,3.8,31.45,1,0,0,0,0,1
2023-12-06,-1.33,3.79,31.45,1,0,0,0,0,1
2023-12-07,-1.3,3.77,31.45,1,0,0,0,0,1
2023-12-08,-1.21,3.75,31.45,1,0,0,0,0,1
2023-12-11,-1.24,3.79,31.45,1,0,0,0,0,1
2023-12-12,-1.26,3.76,31.45,1,0,0,0,0,1
2023-12-13,-1.4,3.79,31.45,1,0,0,0,0,1
2023-12-14,-1.51,3.47,31.45,1,0,0,0,0,1
2023-12-15,-1.53,3.51,31.45,1,0,0,0,0,1
2023-12-18,-1.51,3.51,31.45,1,0,0,0,0,1
2023-12-19,-1.5,3.46,31.45,1,0,0,0,0,1
2023-12-20,-1.58,3.43,31.45,1,0,0,0,0,1
2023-12-21,-1.53,3.41,31.45,1,0,0,0,0,1
2023-12-22,-1.54,3.39,31.45,1,0,0,0,0,1
2023-12-26,-1.56,3.37,31.45,1,0,0,0,0,1
2023-12-27,-1.65,3.34,31.45,1,0,0,0,0,1
2023-12-28,-1.61,3.32,31.45,1,0,0,0,0,1
2023-12-29,-1.52,3.34,31.45,1,0,0,0,0,1
2024-01-02,-1.51,3.54,31.97,1,0,0,0,0,1
2024-01-03,-1.57,3.71,31.97,1,0,0,0,0,1
2024-01-04,-1.49,3.69,31.97,1,0,0,0,0,1
2024-01-05,-1.42,3.68,31.97,1,0,0,0,0,1
2024-01-08,-1.48,3.63,31.97,1,0,0,0,0,1
2024-01-09,-1.45,3.59,31.97,1,0,0,0,0,1
2024-01-10,-1.42,3.5,31.97,1,0,0,0,0,1
2024-01-11,-1.48,3.55,31.97,1,0,0,0,0,1
2024-01-12,-1.49,3.56,31.97,1,0,0,0,0,1
2024-01-16,-1.38,3.58,31.97,1,0,0,0,0,1
2024-01-17,-1.37,3.62,31.97,1,0,0,0,0,1
2024-01-18,-1.31,3.58,31.97,1,0,0,0,0,1
2024-01-19,-1.3,3.54,31.97,1,0,0,0,0,1
2024-01-22,-1.35,3.49,31.97,1,0,0,0,0,1
2024-01-23,-1.31,3.51,31.97,1,0,0,0,0,1
2024-01-24,-1.26,3.44,31.97,1,0,0,0,0,1
2024-01-25,-1.3,3.45,31.97,1,0,0,0,0,1
2024-01-26,-1.29,3.39,31.97,1,0,0,0,0,1
2024-01-29,-1.34,3.41,31.97,1,0,0,0,0,1
2024-01-30,-1.36,3.42,31.97,1,0,0,0,0,1
2024-01-31,-1.43,3.59,31.97,1,0,0,0,0,1
2024-02-01,-1.55,3.56,33.04,1,0,0,0,0,1
2024-02-02,-1.4,3.47,33.04,1,0,0,0,0,1
2024-02-05,-1.25,3.5,33.04,1,0,0,0,0,1
2024-02-06,-1.35,3.52,33.04,1,0,0,0,0,1
2024-02-07,-1.34,3.43,33.04,1,0,0,0,0,1
2024-02-08,-1.29,3.38,33.04,1,0,0,0,0,1
2024-02-09,-1.27,3.33,33.04,1,0,0,0,0,1
2024-02-12,-1.26,3.35,33.04,1,0,0,0,0,1
2024-02-13,-1.14,3.36,33.04,1,0,0,0,0,1
2024-02-14,-1.16,3.38,33.04,1,0,0,0,0,1
2024-02-15,-1.19,3.35,33.04,1,0,0,0,0,1
2024-02-16,-1.14,3.34,33.04,1,0,0,0,0,1
2024-02-20,-1.17,3.37,33.04,1,0,0,0,0,1
2024-02-21,-1.12,3.34,33.04,1,0,0,0,0,1
2024-02-22,-1.12,3.22,33.04,1,0,0,0,0,1
2024-02-23,-1.2,3.23,33.04,1,0,0,0,0,1
2024-02-26,-1.19,3.23,33.04,1,0,0,0,0,1
2024-02-27,-1.14,3.26,33.04,1,0,0,0,0,1
2024-02-28,-1.18,3.31,33.04,1,0,0,0,0,1
2024-02-29,-1.2,3.29,33.04,1,0,0,0,0,1
2024-03-01,-1.23,3.32,33.76,1,0,0,0,0,1
2024-03-04,-1.26,3.26,33.76,1,0,0,0,0,1
2024-03-05,-1.34,3.31,33.76,1,0,0,0,0,1
2024-03-06,-1.36,3.27,33.76,1,0,0,0,0,1
2024-03-07,-1.38,3.27,33.76,1,0,0,0,0,1
2024-03-08,-1.37,3.26,33.76,1,0,0,0,0,1
2024-03-11,-1.38,3.26,33.76,1,0,0,0,0,1
2024-03-12,-1.32,3.2,33.76,1,0,0,0,0,1
2024-03-13,-1.29,3.15,33.76,1,0,0,0,0,1
2024-03-14,-1.19,3.15,33.76,1,0,0,0,0,1
2024-03-15,-1.17,3.16,33.76,1,0,0,0,0,1
2024-03-18,-1.14,3.13,33.76,1,0,0,0,0,1
2024-03-19,-1.18,3.1,33.76,1,0,0,0,0,1
2024-03-20,-1.2,3.14,33.76,1,0,0,0,0,1
2024-03-21,-1.21,3.05,33.76,1,0,0,0,0,1
2024-03-22,-1.24,3.08,33.76,1,0,0,0,0,1
2024-03-25,-1.21,3.11,33.76,1,0,0,0,0,1
2024-03-26,-1.22,3.15,33.76,1,0,0,0,0,1
2024-03-27,-1.25,3.15,33.76,1,0,0,0,0,1
2024-03-28,-1.26,3.12,33.76,1,0,0,0,0,1
2024-04-01,-1.11,3.12,33.03,1,0,0,0,0,1
2024-04-02,-1.06,3.23,33.03,1,0,0,0,0,1
2024-04-03,-1.06,3.23,33.03,1,0,0,0,0,1
2024-04-04,-1.1,3.24,33.03,1,0,0,0,0,1
2024-04-05,-1.04,3.18,33.03,1,0,0,0,0,1
2024-04-08,-1.01,3.15,33.03,1,0,0,0,0,1
2024-04-09,-1.07,3.14,33.03,1,0,0,0,0,1
2024-04-10,-0.9,3.1,33.03,1,0,0,0,0,1
2024-04-11,-0.89,3.16,33.03,1,0,0,0,0,1
2024-04-12,-0.95,3.25,33.03,1,0,0,0,0,1
2024-04-15,-0.82,3.28,33.03,1,0,0,0,0,1
2024-04-16,-0.78,3.36,33.03,1,0,0,0,0,1
2024-04-17,-0.86,3.42,33.03,1,0,0,0,0,1
2024-04-18,-0.82,3.39,33.03,1,0,0,0,0,1
2024-04-19,-0.83,3.37,33.03,1,0,0,0,0,1
2024-04-22,-0.8,3.29,33.03,1,0,0,0,0,1
2024-04-23,-0.84,3.2,33.03,1,0,0,0,0,1
2024-04-24,-0.81,3.19,33.03,1,0,0,0,0,1
2024-04-25,-0.77,3.24,33.03,1,0,0,0,0,1
2024-04-26,-0.79,3.16,33.03,1,0,0,0,0,1
2024-04-29,-0.82,3.12,33.03,1,0,0,0,0,1
2024-04-30,-0.77,3.18,33.03,1,0,0,0,0,1
2024-05-01,-0.83,3.21,33.78,1,0,0,0,0,1
2024-05-02,-0.88,3.16,33.78,1,0,0,0,0,1
2024-05-03,-0.95,3.08,33.78,1,0,0,0,0,1
2024-05-06,-0.96,3.03,33.78,1,0,0,0,0,1
2024-05-07,-0.98,3.06,33.78,1,0,0,0,0,1
2024-05-08,-0.97,3.1,33.78,1,0,0,0,0,1
2024-05-09,-1.01,3.14,33.78,1,0,0,0,0,1
2024-05-10,-0.97,3.12,33.78,1,0,0,0,0,1
2024-05-13,-0.97,3.14,33.78,1,0,0,0,0,1
2024-05-14,-0.99,3.14,33.78,1,0,0,0,0,1
2024-05-15,-1.09,3.13,33.78,1,0,0,0,0,1
2024-05-16,-1.07,3.08,33.78,1,0,0,0,0,1
2024-05-17,-1.04,3.09,33.78,1,0,0,0,0,1
2024-05-20,-1.01,3.07,33.78,1,0,0,0,0,1
2024-05-21,-1.04,3.07,33.78,1,0,0,0,0,1
2024-05-22,-1.02,3.11,33.78,1,0,0,0,0,1
2024-05-23,-0.99,3.1,33.78,1,0,0,0,0,1
2024-05-24,-1.0,3.11,33.78,1,0,0,0,0,1
2024-05-28,-0.92,3.09,33.78,1,0,0,0,0,1
2024-05-29,-0.85,3.15,33.78,1,0,0,0,0,1
2024-05-30,-0.91,3.19,33.78,1,0,0,0,0,1
2024-05-31,-0.95,3.2,33.78,1,0,0,0,0,1
2024-06-03,-1.11,3.17,34.81,1,0,0,0,0,1
2024-06-04,-1.19,3.22,34.81,1,0,0,0,0,1
2024-06-05,-1.22,3.2,34.81,1,0,0,0,0,1
2024-06-06,-1.23,3.2,34.81,1,0,0,0,0,1
2024-06-07,-1.09,3.15,34.81,1,0,0,0,0,1
2024-06-10,-1.05,3.15,34.81,1,0,0,0,0,1
2024-06-11,-1.13,3.19,34.81,1,0,0,0,0,1
2024-06-12,-1.2,3.09,34.81,1,0,0,0,0,1
2024-06-13,-1.27,3.2,34.81,1,0,0,0,0,1
2024-06-14,-1.31,3.29,34.81,1,0,0,0,0,1
2024-06-17,-1.24,3.26,34.81,1,0,0,0,0,1
2024-06-18,-1.28,3.24,34.81,1,0,0,0,0,1
2024-06-20,-1.25,3.23,34.81,1,0,0,0,0,1
2024-06-21,-1.24,3.21,34.81,1,0,0,0,0,1
2024-06-24,-1.25,3.19,34.81,1,0,0,0,0,1
2024-06-25,-1.26,3.19,34.81,1,0,0,0,0,1
2024-06-26,-1.18,3.18,34.81,1,0,0,0,0,1
2024-06-27,-1.2,3.21,34.81,1,0,0,0,0,1
2024-06-28,-1.12,3.18,34.81,1,0,0,0,0,1
2024-07-01,-0.99,3.21,35.48,1,0,0,0,1,2
2024-07-02,-1.04,3.23,35.48,1,0,0,0,1,2
2024-07-03,-1.11,3.25,35.48,1,0,0,0,1,2
2024-07-05,-1.18,3.27,35.48,1,0,0,0,1,2
2024-07-08,-1.18,3.2,35.48,1,0,0,0,1,2
2024-07-09,-1.16,3.21,35.48,1,0,0,0,1,2
2024-07-10,-1.18,3.17,35.48,1,0,0,0,1,2
2024-07-11,-1.24,3.18,35.48,1,0,0,0,1,2
2024-07-12,-1.25,3.19,35.48,1,0,0,0,1,2
2024-07-15,-1.2,3.13,35.48,1,0,0,0,1,2
2024-07-16,-1.26,3.08,35.48,1,0,0,0,1,2
2024-07-17,-1.27,3.09,35.48,1,0,0,0,1,2
2024-07-18,-1.23,3.09,35.48,1,0,0,0,1,2
2024-07-19,-1.18,3.09,35.48,1,0,0,0,1,2
2024-07-22,-1.17,3.05,35.48,1,0,0,0,1,2
2024-07-23,-1.16,3.02,35.48,1,0,0,0,1,2
2024-07-24,-1.12,3.1,35.48,1,0,0,0,1,2
2024-07-25,-1.12,3.08,35.48,1,0,0,0,1,2
2024-07-26,-1.18,3.1,35.48,1,0,0,0,1,2
2024-07-29,-1.24,3.13,35.48,1,0,0,0,1,2
2024-07-30,-1.25,3.2,35.48,1,0,0,0,1,2
2024-07-31,-1.32,3.25,35.48,1,0,0,0,1,2
2024-08-01,-1.38,3.35,35.08,1,0,0,0,1,2
2024-08-02,-1.49,3.72,35.08,1,0,0,0,1,2
2024-08-05,-1.57,3.93,35.08,1,0,0,0,1,2
2024-08-06,-1.44,3.67,35.08,1,0,0,0,1,2
2024-08-07,-1.38,3.57,35.08,1,0,0,0,1,2
2024-08-08,-1.35,3.48,35.08,1,0,0,0,1,2
2024-08-09,-1.39,3.49,35.08,1,0,0,0,1,2
2024-08-12,-1.43,3.52,35.08,1,0,0,0,1,2
2024-08-13,-1.47,3.54,35.08,1,0,0,0,1,2
2024-08-14,-1.49,3.46,35.08,1,0,0,0,1,2
2024-08-15,-1.42,3.31,35.08,1,0,0,0,1,2
2024-08-16,-1.44,3.29,35.08,1,0,0,0,1,2
2024-08-19,-1.45,3.21,35.08,1,0,0,0,1,2
2024-08-20,-1.47,3.25,35.08,1,0,0,0,1,2
2024-08-21,-1.47,3.27,35.08,1,0,0,0,1,2
2024-08-22,-1.42,3.21,35.08,1,0,0,0,1,2
2024-08-23,-1.44,3.19,35.08,1,0,0,0,1,2
2024-08-26,-1.42,3.15,35.08,1,0,0,0,1,2
2024-08-27,-1.4,3.17,35.08,1,0,0,0,1,2
2024-08-28,-1.37,3.19,35.08,1,0,0,0,1,2
2024-08-29,-1.35,3.15,35.08,1,0,0,0,1,2
2024-08-30,-1.3,3.13,35.08,1,0,0,0,1,2
2024-09-03,-1.35,3.31,35.7,1,0,0,0,1,2
2024-09-04,-1.41,3.35,35.7,1,0,0,0,1,2
2024-09-05,-1.42,3.29,35.7,1,0,0,0,1,2
2024-09-06,-1.41,3.39,35.7,1,0,0,0,1,2
2024-09-09,-1.41,3.36,35.7,1,0,0,0,1,2
2024-09-10,-1.41,3.46,35.7,1,0,0,0,1,2
2024-09-11,-1.45,3.44,35.7,1,0,0,0,1,2
2024-09-12,-1.38,3.39,35.7,1,0,0,0,1,2
2024-09-13,-1.31,3.37,35.7,1,0,0,0,1,2
2024-09-16,-1.33,3.32,35.7,1,0,0,0,1,2
2024-09-17,-1.3,3.25,35.7,1,0,0,0,1,2
2024-09-18,-1.14,3.21,35.7,1,0,0,0,1,2
2024-09-19,-1.07,3.1,35.7,1,0,0,0,1,2
2024-09-20,-1.02,3.15,35.7,1,0,0,0,1,2
2024-09-23,-0.97,3.15,35.7,1,0,0,0,1,2
2024-09-24,-0.95,3.21,35.7,1,0,0,0,1,2
2024-09-25,-0.9,3.19,35.7,1,0,0,0,1,2
2024-09-26,-0.89,3.14,35.7,1,0,0,0,1,2
2024-09-27,-0.93,3.14,35.7,1,0,0,0,1,2
2024-09-30,-0.92,3.03,35.7,1,0,0,0,1,2
2024-10-01,-0.97,3.07,36.59,1,0,0,0,1,2
2024-10-02,-0.9,3.06,36.59,1,0,0,0,1,2
2024-10-03,-0.83,3.04,36.59,1,0,0,0,1,2
2024-10-04,-0.75,2.89,36.59,1,0,0,0,1,2
2024-10-07,-0.74,2.95,36.59,1,0,0,0,1,2
2024-10-08,-0.71,2.99,36.59,1,0,0,0,1,2
2024-10-09,-0.69,2.94,36.59,1,0,0,0,1,2
2024-10-10,-0.66,2.99,36.59,1,0,0,0,1,2
2024-10-11,-0.65,2.98,36.59,1,0,0,0,1,2
2024-10-15,-0.7,2.93,36.59,1,0,0,0,1,2
2024-10-16,-0.7,2.9,36.59,1,0,0,0,1,2
2024-10-17,-0.65,2.89,36.59,1,0,0,0,1,2
2024-10-18,-0.65,2.88,36.59,1,0,0,0,1,2
2024-10-21,-0.54,2.88,36.59,1,0,0,0,1,2
2024-10-22,-0.52,2.92,36.59,1,0,0,0,1,2
2024-10-23,-0.49,2.95,36.59,1,0,0,0,1,2
2024-10-24,-0.49,2.93,36.59,1,0,0,0,1,2
2024-10-25,-0.48,2.89,36.59,1,0,0,0,1,2
2024-10-28,-0.42,2.82,36.59,1,0,0,0,1,2
2024-10-29,-0.42,2.85,36.59,1,0,0,0,1,2
2024-10-30,-0.38,2.8,36.59,1,0,0,0,1,2
2024-10-31,-0.36,2.88,36.59,1,0,0,0,1,2
2024-11-01,-0.24,2.83,37.36,1,0,0,0,1,2
2024-11-04,-0.34,2.87,37.36,1,0,0,0,1,2
2024-11-05,-0.38,2.86,37.36,1,0,0,0,1,2
2024-11-06,-0.22,2.74,37.36,1,0,0,0,1,2
2024-11-07,-0.32,2.73,37.36,1,0,0,0,1,2
2024-11-08,-0.33,2.63,37.36,1,0,0,0,1,2
2024-11-12,-0.2,2.61,37.36,1,0,0,0,1,2
2024-11-13,-0.16,2.64,37.36,1,0,0,0,1,2
2024-11-14,-0.18,2.6,37.36,1,0,0,0,1,2
2024-11-15,-0.17,2.72,37.36,1,0,0,0,1,2
2024-11-18,-0.21,2.72,37.36,1,0,0,0,1,2
2024-11-19,-0.23,2.69,37.36,1,0,0,0,1,2
2024-11-20,-0.21,2.67,37.36,1,0,0,0,1,2
2024-11-21,-0.2,2.61,37.36,1,0,0,0,1,2
2024-11-22,-0.22,2.61,37.36,1,0,0,0,1,2
2024-11-25,-0.35,2.64,37.36,1,0,0,0,1,2
2024-11-26,-0.31,2.68,37.36,1,0,0,0,1,2
2024-11-27,-0.35,2.69,37.36,1,0,0,0,1,2
2024-11-29,-0.4,2.72,37.36,1,0,0,0,1,2
2024-12-02,-0.32,2.68,37.72,1,0,0,0,1,2
2024-12-03,-0.26,2.66,37.72,1,0,0,0,1,2
2024-12-04,-0.28,2.66,37.72,1,0,0,0,1,2
2024-12-05,-0.29,2.66,37.72,1,0,0,0,1,2
2024-12-06,-0.27,2.67,37.72,1,0,0,0,1,2
2024-12-09,-0.22,2.67,37.72,1,0,0,0,1,2
2024-12-10,-0.19,2.67,37.72,1,0,0,0,1,2
2024-12-11,-0.12,2.64,37.72,1,0,0,0,1,2
2024-12-12,-0.03,2.66,37.72,1,1,0,0,1,3
2024-12-13,0.06,2.68,37.72,1,1,0,0,1,3
2024-12-16,0.02,2.69,37.72,1,1,0,0,1,3
2024-12-17,0.02,2.75,37.72,1,1,0,0,1,3
2024-12-18,0.14,2.73,37.72,1,1,0,0,1,3
2024-12-19,0.22,2.91,37.72,1,1,0,0,1,3
2024-12-20,0.18,2.86,37.72,1,1,0,0,1,3
2024-12-23,0.23,2.85,37.72,1,1,0,0,1,3
2024-12-24,0.19,2.86,37.72,1,1,0,0,1,3
2024-12-26,0.23,2.86,37.72,1,1,0,0,1,3
2024-12-27,0.31,2.84,37.72,1,1,0,0,1,3
2024-12-30,0.18,2.94,37.72,1,1,0,0,1,3
2024-12-31,0.21,2.92,37.72,1,1,0,0,1,3
2025-01-02,0.21,2.88,37.14,1,1,0,0,1,3
2025-01-03,0.26,2.81,37.14,1,1,0,0,1,3
2025-01-06,0.27,2.76,37.14,1,1,0,0,1,3
2025-01-07,0.32,2.79,37.14,1,1,0,0,1,3
2025-01-08,0.32,2.84,37.14,1,1,0,0,1,3
2025-01-09,0.33,2.82,37.14,1,1,0,0,1,3
2025-01-10,0.41,2.81,37.14,1,1,0,0,1,3
2025-01-13,0.42,2.85,37.14,1,1,0,0,1,3
2025-01-14,0.42,2.8,37.14,1,1,0,0,1,3
2025-01-15,0.31,2.72,37.14,1,1,0,0,1,3
2025-01-16,0.27,2.73,37.14,1,1,0,0,1,3
2025-01-17,0.27,2.64,37.14,1,1,0,0,1,3
2025-01-21,0.21,2.61,37.14,1,1,0,0,1,3
2025-01-22,0.24,2.59,37.14,1,1,0,0,1,3
2025-01-23,0.29,2.61,37.14,1,1,0,0,1,3
2025-01-24,0.28,2.6,37.14,1,1,0,0,1,3
2025-01-27,0.21,2.66,37.14,1,1,0,0,1,3
2025-01-28,0.24,2.66,37.14,1,1,0,0,1,3
2025-01-29,0.24,2.68,37.14,1,1,0,0,1,3
2025-01-30,0.22,2.67,37.14,1,1,0,0,1,3
2025-01-31,0.27,2.68,37.14,1,1,0,0,1,3
2025-02-03,0.2,2.73,37.19,1,1,0,0,1,3
2025-02-04,0.19,2.71,37.19,1,1,0,0,1,3
2025-02-05,0.1,2.69,37.19,1,1,0,0,1,3
2025-02-06,0.11,2.66,37.19,1,1,0,0,1,3
2025-02-07,0.14,2.67,37.19,1,1,0,0,1,3
2025-02-10,0.16,2.66,37.19,1,1,0,0,1,3
2025-02-11,0.19,2.66,37.19,1,1,0,0,1,3
2025-02-12,0.27,2.65,37.19,1,1,0,0,1,3
2025-02-13,0.18,2.65,37.19,1,1,0,0,1,3
2025-02-14,0.13,2.62,37.19,1,1,0,0,1,3
2025-02-18,0.21,2.62,37.19,1,1,0,0,1,3
2025-02-19,0.19,2.68,37.19,1,1,0,0,1,3
2025-02-20,0.17,2.66,37.19,1,1,0,0,1,3
2025-02-21,0.1,2.78,37.19,1,1,0,0,1,3
2025-02-24,0.09,2.78,37.19,1,1,0,0,1,3
2025-02-25,0.0,2.84,37.19,1,1,0,0,1,3
2025-02-26,-0.06,2.81,37.19,1,1,0,0,1,3
2025-02-27,-0.03,2.81,37.19,1,1,0,0,1,3
2025-02-28,-0.08,2.87,37.19,1,1,0,0,1,3
2025-03-03,-0.19,2.94,34.79,1,1,0,0,0,2
2025-03-04,-0.12,2.99,34.79,1,1,0,0,0,2
2025-03-05,-0.07,2.88,34.79,1,1,0,0,0,2
2025-03-06,-0.05,2.99,34.79,1,1,0,0,0,2
2025-03-07,-0.02,2.97,34.79,1,1,0,0,0,2
2025-03-10,-0.11,3.16,34.79,1,1,0,0,0,2
2025-03-11,-0.06,3.22,34.79,1,1,0,0,0,2
2025-03-12,-0.03,3.2,34.79,1,1,0,0,0,2
2025-03-13,-0.07,3.4,34.79,1,1,0,0,0,2
2025-03-14,-0.02,3.25,34.79,1,1,0,0,0,2
2025-03-17,-0.03,3.18,34.79,1,1,0,0,0,2
2025-03-18,-0.05,3.23,34.79,1,1,0,0,0,2
2025-03-19,-0.08,3.19,34.79,1,1,0,0,0,2
2025-03-20,-0.09,3.17,34.79,1,1,0,0,0,2
2025-03-21,-0.08,3.21,34.79,1,1,0,0,0,2
2025-03-24,0.01,3.05,34.79,1,1,0,0,0,2
2025-03-25,-0.02,3.09,34.79,1,1,0,0,0,2
2025-03-26,0.02,3.19,34.79,1,1,0,0,0,2
2025-03-27,0.05,3.27,34.79,1,1,0,0,0,2
2025-03-28,-0.06,3.47,34.79,1,1,0,0,0,2
2025-03-31,-0.09,3.55,34.79,1,1,0,0,0,2
2025-04-01,-0.15,3.5,32.63,1,1,0,0,0,2
2025-04-02,-0.12,3.42,32.63,1,1,0,0,0,2
2025-04-03,-0.25,4.01,32.63,1,1,0,0,0,2
2025-04-04,-0.27,4.45,32.63,1,1,1,0,0,3
2025-04-07,-0.14,4.61,32.63,1,1,1,0,0,3
2025-04-08,-0.05,4.57,32.63,1,1,1,0,0,3
2025-04-09,-0.01,4.37,32.63,1,1,1,0,0,3
2025-04-10,0.06,4.42,32.63,1,1,1,0,0,3
2025-04-11,0.14,4.26,32.63,1,1,1,0,0,3
2025-04-14,0.05,4.14,32.63,1,1,1,0,0,3
2025-04-15,0.02,4.09,32.63,1,1,1,0,0,3
2025-04-16,-0.04,4.16,32.63,1,1,1,0,0,3
2025-04-17,0.0,4.02,32.63,1,1,1,0,0,3
2025-04-21,0.08,4.16,32.63,1,1,1,0,0,3
2025-04-22,0.08,3.99,32.63,1,1,1,0,0,3
2025-04-23,0.07,3.75,32.63,1,1,1,0,0,3
2025-04-24,0.0,3.73,32.63,1,1,1,0,0,3
2025-04-25,-0.03,3.67,32.63,1,1,1,0,0,3
2025-04-28,-0.09,3.73,32.63,1,1,1,0,0,3
2025-04-29,-0.12,3.74,32.63,1,1,1,0,0,3
2025-04-30,-0.14,3.94,32.63,1,1,1,0,0,3
2025-05-01,-0.06,3.78,35.08,1,1,1,0,1,4
2025-05-02,0.0,3.6,35.08,1,1,1,0,1,4
2025-05-05,0.03,3.6,35.08,1,1,1,0,1,4
2025-05-06,-0.03,3.66,35.08,1,1,1,0,1,4
2025-05-07,-0.08,3.67,35.08,1,1,1,0,1,4
2025-05-08,0.03,3.51,35.08,1,1,1,0,1,4
2025-05-09,0.03,3.53,35.08,1,1,1,0,1,4
2025-05-12,0.03,3.15,35.08,1,1,1,0,1,4
2025-05-13,0.08,3.09,35.08,1,1,1,0,1,4
2025-05-14,0.12,3.1,35.08,1,1,1,0,1,4
2025-05-15,0.07,3.2,35.08,1,1,1,0,1,4
2025-05-16,0.06,3.16,35.08,1,1,1,0,1,4
2025-05-19,0.07,3.21,35.08,1,1,1,0,1,4
2025-05-20,0.1,3.2,35.08,1,1,1,0,1,4
2025-05-21,0.22,3.25,35.08,1,1,1,0,1,4
2025-05-22,0.17,3.32,35.08,1,1,1,0,1,4
2025-05-23,0.15,3.4,35.08,1,1,1,0,1,4
2025-05-27,0.08,3.24,35.08,1,1,1,0,1,4
2025-05-28,0.12,3.23,35.08,1,1,1,0,1,4
2025-05-29,0.07,3.22,35.08,1,1,1,0,1,4
2025-05-30,0.05,3.31,35.08,1,1,1,0,1,4
2025-06-02,0.02,3.27,36.12,1,1,1,0,1,4
2025-06-03,0.03,3.19,36.12,1,1,1,0,1,4
2025-06-04,-0.07,3.23,36.12,1,1,1,0,1,4
2025-06-05,-0.04,3.18,36.12,1,1,1,0,1,4
2025-06-06,0.08,3.09,36.12,1,1,1,0,1,4
2025-06-09,0.05,3.12,36.12,1,1,1,0,1,4
2025-06-10,0.02,3.12,36.12,1,1,1,0,1,4
2025-06-11,-0.04,3.12,36.12,1,1,1,0,1,4
2025-06-12,-0.1,3.17,36.12,1,1,1,0,1,4
2025-06-13,-0.04,3.18,36.12,1,1,1,0,1,4
2025-06-16,0.03,3.1,36.12,1,1,1,0,1,4
2025-06-17,-0.03,3.17,36.12,1,1,1,0,1,4
2025-06-18,-0.04,3.16,36.12,1,1,1,0,1,4
2025-06-20,-0.01,3.13,36.12,1,1,1,0,1,4
2025-06-23,-0.04,3.12,36.12,1,1,1,0,1,4
2025-06-24,-0.08,3.06,36.12,1,1,1,0,1,4
2025-06-25,-0.09,3.04,36.12,1,1,1,0,1,4
2025-06-26,-0.13,3.04,36.12,1,1,1,0,1,4
2025-06-27,-0.1,3.02,36.12,1,1,1,0,1,4
2025-06-30,-0.17,2.96,36.12,1,1,1,0,1,4
2025-07-01,-0.14,2.91,37.48,1,1,1,0,1,4
2025-07-02,-0.11,2.88,37.48,1,1,1,0,1,4
2025-07-03,-0.07,2.8,37.48,1,1,1,0,1,4
2025-07-07,-0.02,2.86,37.48,1,1,1,0,1,4
2025-07-08,0.0,2.92,37.48,1,1,1,0,1,4
2025-07-09,-0.08,2.94,37.48,1,1,1,0,1,4
2025-07-10,-0.07,2.92,37.48,1,1,1,0,1,4
2025-07-11,0.02,2.97,37.48,1,1,1,0,1,4
2025-07-14,0.01,2.95,37.48,1,1,1,0,1,4
2025-07-15,0.08,2.95,37.48,1,1,1,0,1,4
2025-07-16,0.05,3.0,37.48,1,1,1,0,1,4
2025-07-17,0.06,2.91,37.48,1,1,1,0,1,4
2025-07-18,0.04,2.93,37.48,1,1,1,0,1,4
2025-07-21,-0.03,2.89,37.48,1,1,1,0,1,4
2025-07-22,-0.06,2.9,37.48,1,1,1,0,1,4
2025-07-23,-0.01,2.83,37.48,1,1,1,0,1,4
2025-07-24,0.01,2.82,37.48,1,1,1,0,1,4
2025-07-25,-0.02,2.84,37.48,1,1,1,0,1,4
2025-07-28,0.02,2.82,37.48,1,1,1,0,1,4
2025-07-29,-0.06,2.86,37.48,1,1,1,0,1,4
2025-07-30,-0.03,2.89,37.48,1,1,1,0,1,4
2025-07-31,-0.04,2.86,37.48,1,1,1,0,1,4
2025-08-01,-0.12,3.13,37.85,1,1,1,0,1,4
2025-08-04,-0.13,3.02,37.85,1,1,1,0,1,4
2025-08-05,-0.12,2.98,37.85,1,1,1,0,1,4
2025-08-06,-0.1,2.98,37.85,1,1,1,0,1,4
2025-08-07,-0.09,2.95,37.85,1,1,1,0,1,4
2025-08-08,-0.05,2.94,37.85,1,1,1,0,1,4
2025-08-11,-0.07,2.94,37.85,1,1,1,0,1,4
2025-08-12,-0.04,2.93,37.85,1,1,1,0,1,4
2025-08-13,-0.05,2.9,37.85,1,1,1,0,1,4
2025-08-14,-0.01,2.89,37.85,1,1,1,0,1,4
2025-08-15,0.03,2.88,37.85,1,1,1,0,1,4
2025-08-18,0.01,2.88,37.85,1,1,1,0,1,4
2025-08-19,0.0,2.9,37.85,1,1,1,0,1,4
2025-08-20,-0.01,2.94,37.85,1,1,1,0,1,4
2025-08-21,0.01,2.95,37.85,1,1,1,0,1,4
2025-08-22,-0.01,2.88,37.85,1,1,1,0,1,4
2025-08-25,-0.01,2.8,37.85,1,1,1,0,1,4
2025-08-26,-0.02,2.78,37.85,1,1,1,0,1,4
2025-08-27,-0.02,2.78,37.85,1,1,1,0,1,4
2025-08-28,-0.04,2.75,37.85,1,1,1,0,1,4
2025-08-29,0.0,2.82,37.85,1,1,1,0,1,4
2025-09-02,0.08,2.92,38.59,1,1,1,0,1,4
2025-09-03,0.04,2.88,38.59,1,1,1,0,1,4
2025-09-04,0.01,2.84,38.59,1,1,1,0,1,4
2025-09-05,0.03,2.83,38.59,1,1,1,0,1,4
2025-09-08,-0.05,2.84,38.59,1,1,1,0,1,4
2025-09-09,-0.02,2.87,38.59,1,1,1,0,1,4
2025-09-10,-0.05,2.84,38.59,1,1,1,0,1,4
2025-09-11,-0.07,2.78,38.59,1,1,1,0,1,4
2025-09-12,-0.02,2.79,38.59,1,1,1,0,1,4
2025-09-15,-0.01,2.75,38.59,1,1,1,0,1,4
2025-09-16,0.0,2.79,38.59,1,1,1,0,1,4
2025-09-17,0.04,2.79,38.59,1,1,1,0,1,4
2025-09-18,0.08,2.71,38.59,1,1,1,0,1,4
2025-09-19,0.11,2.72,38.59,1,1,1,0,1,4
2025-09-22,0.15,2.69,38.59,1,1,1,0,1,4
2025-09-23,0.12,2.71,38.59,1,1,1,0,1,4
2025-09-24,0.14,2.7,38.59,1,1,1,0,1,4
2025-09-25,0.14,2.76,38.59,1,1,1,0,1,4
2025-09-26,0.18,2.75,38.59,1,1,1,0,1,4
2025-09-29,0.11,2.74,38.59,1,1,1,0,1,4
2025-09-30,0.14,2.8,38.59,1,1,1,0,1,4
2025-10-01,0.11,2.81,39.31,1,1,1,0,1,4
2025-10-02,0.08,2.81,39.31,1,1,1,0,1,4
2025-10-03,0.1,2.8,39.31,1,1,1,0,1,4
2025-10-06,0.16,2.76,39.31,1,1,0,0,1,3
2025-10-07,0.13,2.82,39.31,1,1,0,0,1,3
2025-10-08,0.12,2.84,39.31,1,1,0,0,1,3
2025-10-09,0.11,2.95,39.31,1,1,0,0,1,3
2025-10-10,0.03,3.18,39.31,1,1,0,0,1,3
2025-10-14,0.01,3.11,39.31,1,1,0,0,1,3
2025-10-15,0.02,2.95,39.31,1,1,0,0,1,3
2025-10-16,-0.03,3.04,39.31,1,1,0,0,1,3
2025-10-17,0.02,3.04,39.31,1,1,0,0,1,3
2025-10-20,0.03,2.99,39.31,1,1,0,0,1,3
2025-10-21,0.02,2.97,39.31,1,1,0,0,1,3
2025-10-22,0.01,3.01,39.31,1,1,0,0,1,3
2025-10-23,0.06,2.96,39.31,1,1,0,0,1,3
2025-10-24,0.09,2.88,39.31,1,1,0,0,1,3
2025-10-27,0.12,2.8,39.31,1,1,0,0,1,3
2025-10-28,0.1,2.82,39.31,1,1,0,0,1,3
2025-10-29,0.15,2.76,39.31,1,1,0,0,1,3
2025-10-30,0.19,2.85,39.31,1,1,0,0,1,3
2025-10-31,0.22,2.94,39.31,1,1,0,0,1,3
2025-11-03,0.15,3.04,39.16,1,1,0,0,1,3
2025-11-04,0.14,3.13,39.16,1,1,0,0,1,3
2025-11-05,0.21,3.05,39.16,1,1,0,0,1,3
2025-11-06,0.18,3.13,39.16,1,1,0,0,1,3
2025-11-07,0.19,3.15,39.16,1,1,0,0,1,3
2025-11-10,0.18,3.02,39.16,1,1,0,0,1,3
2025-11-12,0.13,3.02,39.16,1,1,0,0,1,3
2025-11-13,0.15,3.09,39.16,1,1,0,0,1,3
2025-11-14,0.19,3.07,39.16,1,1,0,0,1,3
2025-11-17,0.16,3.13,39.16,1,1,0,0,1,3
2025-11-18,0.18,3.2,39.16,1,1,0,0,1,3
2025-11-19,0.18,3.17,39.16,1,1,0,0,1,3
2025-11-20,0.16,3.17,39.16,1,1,0,0,1,3
2025-11-21,0.16,3.19,39.16,1,1,0,0,1,3
2025-11-24,0.13,3.15,39.16,1,1,0,0,1,3
2025-11-25,0.11,3.1,39.16,1,1,0,0,1,3
2025-11-26,0.08,3.0,39.16,1,1,0,0,1,3
2025-11-28,0.14,2.95,39.16,1,1,0,0,1,3
2025-12-01,0.28,2.94,39.59,1,1,0,0,1,3
2025-12-02,0.32,2.92,39.59,1,1,0,0,1,3
2025-12-03,0.34,2.89,39.59,1,1,0,0,1,3
2025-12-04,0.4,2.88,39.59,1,1,0,0,1,3
2025-12-05,0.43,2.85,39.59,1,1,0,0,1,3
2025-12-08,0.44,2.89,39.59,1,1,0,0,1,3
2025-12-09,0.45,2.89,39.59,1,1,0,0,1,3
2025-12-10,0.44,2.91,39.59,1,1,0,0,1,3
2025-12-11,0.48,2.88,39.59,1,1,0,0,1,3
2025-12-12,0.56,2.91,39.59,0,1,0,0,1,2
2025-12-15,0.53,2.91,39.59,0,1,0,0,1,2
2025-12-16,0.51,2.98,39.59,0,1,0,0,1,2
2025-12-17,0.52,2.99,39.59,0,1,0,0,1,2
2025-12-18,0.5,2.95,39.59,1,1,0,0,1,3
2025-12-19,0.54,2.9,39.59,0,1,0,0,1,2
2025-12-22,0.53,2.88,39.59,0,1,0,0,1,2
2025-12-23,0.53,2.83,39.59,0,1,0,0,1,2
2025-12-24,0.46,2.84,39.59,1,1,0,0,1,3
2025-12-26,0.5,2.86,39.59,1,1,0,0,1,3
2025-12-29,0.44,2.87,39.59,1,1,0,0,1,3
2025-12-30,0.49,2.84,39.59,1,1,0,0,1,3
2025-12-31,0.51,2.81,39.59,0,1,0,0,1,2
2026-01-02,0.54,2.83,39.65,0,1,0,0,1,2
2026-01-05,0.53,2.81,39.65,0,1,0,0,1,2
2026-01-06,0.55,2.79,39.65,0,1,0,0,1,2
2026-01-07,0.53,2.79,39.65,0,1,0,0,1,2
2026-01-08,0.57,2.76,39.65,0,1,0,0,1,2
2026-01-09,0.56,2.74,39.65,0,1,0,0,1,2
2026-01-12,0.52,2.74,39.65,0,1,0,0,1,2
2026-01-13,0.51,2.75,39.65,0,1,0,0,1,2
2026-01-14,0.48,2.76,39.65,1,1,0,0,1,3
2026-01-15,0.49,2.71,39.65,1,1,0,0,1,3
2026-01-16,0.57,2.65,39.65,0,1,0,0,1,2
2026-01-20,0.6,2.73,39.65,0,1,0,0,1,2
2026-01-21,0.56,2.69,39.65,0,1,0,0,1,2
2026-01-22,0.55,2.64,39.65,0,1,0,0,1,2
2026-01-23,0.54,2.68,39.65,0,1,0,0,1,2
2026-01-26,0.55,2.69,39.65,0,1,0,0,1,2
2026-01-27,0.57,2.71,39.65,0,1,0,0,1,2
2026-01-28,0.58,2.72,39.65,0,1,0,0,1,2
2026-01-29,0.57,2.77,39.65,0,1,0,0,1,2
2026-01-30,0.59,2.8,39.65,0,1,0,0,1,2
2026-02-02,0.6,2.81,39.02,0,1,0,0,1,2
2026-02-03,0.59,2.85,39.02,0,1,0,0,1,2
2026-02-04,0.6,2.86,39.02,0,1,0,0,1,2
2026-02-05,0.54,2.97,39.02,0,1,0,0,1,2
2026-02-06,0.54,2.87,39.02,0,1,0,0,1,2
2026-02-09,0.53,2.84,39.02,0,1,0,0,1,2
2026-02-10,0.47,2.86,39.02,1,1,0,0,1,3
2026-02-11,0.48,2.84,39.02,1,1,0,0,1,3
2026-02-12,0.39,2.92,39.02,1,1,0,0,1,3
2026-02-13,0.36,2.95,39.02,1,1,0,0,1,3
2026-02-17,0.36,2.94,39.02,1,1,0,0,1,3
2026-02-18,0.39,2.86,39.02,1,1,0,0,1,3
2026-02-19,0.39,2.88,39.02,1,1,0,0,1,3
2026-02-20,0.39,2.86,39.02,1,1,0,0,1,3
2026-02-23,0.34,2.95,39.02,1,1,0,0,1,3
2026-02-24,0.35,2.97,39.02,1,1,0,0,1,3
2026-02-25,0.36,2.94,39.02,1,1,0,0,1,3
2026-02-26,0.34,2.98,39.02,1,1,0,0,1,3
2026-02-27,0.3,3.1,39.02,1,1,0,0,1,3
2026-03-02,0.33,3.03,37.04,1,1,0,0,1,3
2026-03-03,0.35,3.08,37.04,1,1,0,0,1,3
2026-03-04,0.38,2.97,37.04,1,1,0,0,1,3
2026-03-05,0.43,3.0,37.04,1,1,0,0,1,3
2026-03-06,0.46,3.13,37.04,1,1,0,0,1,3
2026-03-09,0.41,3.19,37.04,1,1,0,0,1,3
2026-03-10,0.44,3.06,37.04,1,1,0,0,1,3
2026-03-11,0.5,3.09,37.04,1,1,0,0,1,3
2026-03-12,0.55,3.17,37.04,0,1,0,0,1,2
2026-03-13,0.56,3.28,37.04,0,1,0,0,1,2
2026-03-16,0.51,3.27,37.04,0,1,0,0,1,2
2026-03-17,0.48,3.22,37.04,1,1,0,0,1,3
2026-03-18,0.53,3.2,37.04,0,1,0,0,1,2
2026-03-19,0.52,3.27,37.04,0,1,0,0,1,2
2026-03-20,0.65,3.24,37.04,0,1,0,0,1,2
2026-03-23,0.6,3.19,37.04,0,1,0,0,1,2
2026-03-24,0.65,3.19,37.04,0,1,0,0,1,2
2026-03-25,0.6,3.17,37.04,0,1,0,0,1,2
2026-03-26,0.69,3.21,37.04,0,1,0,0,1,2
2026-03-27,0.71,3.42,37.04,0,1,0,0,1,2
2026-03-30,0.64,3.46,37.04,0,1,0,0,1,2
2026-03-31,0.6,3.28,37.04,0,1,0,0,1,2
2026-04-01,0.63,3.16,38.15,0,1,0,0,1,2
2026-04-02,0.61,3.17,38.15,0,1,0,0,1,2
2026-04-03,0.64,3.13,38.15,0,1,0,0,1,2
2026-04-06,0.62,3.05,38.15,0,1,0,0,1,2
2026-04-07,0.62,3.12,38.15,0,1,0,0,1,2
2026-04-08,0.6,2.94,38.15,0,1,0,0,1,2
2026-04-09,0.61,2.9,38.15,0,1,0,0,1,2
2026-04-10,0.62,2.94,38.15,0,1,0,0,1,2
2026-04-13,0.59,2.95,38.15,0,1,0,0,1,2
2026-04-14,0.55,2.84,38.15,0,1,0,0,1,2
2026-04-15,0.58,2.85,38.15,0,1,0,0,1,2
2026-04-16,0.62,2.86,38.15,0,1,0,0,1,2
2026-04-17,0.56,2.83,38.15,0,1,0,0,1,2
2026-04-20,0.55,2.87,38.15,0,1,0,0,1,2
2026-04-21,0.61,2.85,38.15,0,1,0,0,1,2
2026-04-22,0.61,2.84,38.15,0,1,0,0,1,2
2026-04-23,0.65,2.86,38.15,0,1,0,0,1,2
2026-04-24,0.62,2.86,38.15,0,1,0,0,1,2
2026-04-27,0.67,2.84,38.15,0,1,0,0,1,2
2026-04-28,0.68,2.85,38.15,0,1,0,0,1,2
2026-04-29,0.74,2.82,38.15,0,1,0,0,1,2
2026-04-30,0.72,2.83,38.15,0,1,0,0,1,2
2026-05-01,0.71,2.77,40.28,0,1,0,0,1,2
2026-05-04,0.75,2.78,40.28,0,1,0,0,1,2
2026-05-05,0.74,2.77,40.28,0,1,0,0,1,2
2026-05-06,0.67,2.75,40.28,0,1,0,0,1,2
2026-05-07,0.72,2.79,40.28,0,1,0,0,1,2
2026-05-08,0.69,2.81,40.28,0,1,0,0,1,2
2026-05-11,0.72,2.79,40.28,0,1,0,0,1,2
2026-05-12,0.76,2.82,40.28,0,1,0,0,1,2
2026-05-13,0.77,2.82,40.28,0,1,0,0,1,2
2026-05-14,0.78,2.76,40.28,0,1,0,0,1,2
2026-05-15,0.9,2.8,40.28,0,1,0,0,1,2
2026-05-18,0.93,2.83,40.28,0,1,0,0,1,2
2026-05-19,1.0,2.86,40.28,0,1,0,0,1,2
2026-05-20,0.92,2.8,40.28,0,1,0,0,1,2
2026-05-21,0.89,2.78,40.28,0,1,0,0,1,2
2026-05-22,0.88,2.74,40.28,0,1,0,0,1,2
2026-05-26,0.82,2.72,40.28,0,1,0,0,1,2
2026-05-27,0.8,2.71,40.28,0,1,0,0,1,2
2026-05-28,0.76,2.72,40.28,0,1,0,0,1,2
2026-05-29,0.76,2.72,40.28,0,1,0,0,1,2
2026-06-01,0.69,2.72,40.5,0,1,0,0,1,2
2026-06-02,0.69,2.71,40.5,0,1,0,0,1,2
2026-06-03,0.71,2.75,40.5,0,1,0,0,1,2
2026-06-04,0.69,2.74,40.5,0,1,0,0,1,2
2026-06-05,0.77,2.76,40.5,0,1,0,0,1,2
2026-06-08,0.76,2.75,40.5,0,1,0,0,1,2
2026-06-09,0.74,2.78,40.5,0,1,0,0,1,2
2026-06-10,0.76,2.8,40.5,0,1,0,0,1,2
2026-06-11,0.67,2.78,40.5,0,1,0,0,1,2
2026-06-12,0.7,2.71,40.5,0,1,0,0,1,2
2026-06-15,0.68,2.66,40.5,0,1,0,0,1,2
2026-06-16,0.64,2.71,40.5,0,1,0,0,1,2
2026-06-17,0.66,2.63,40.5,0,1,0,0,1,2
2026-06-18,0.63,2.66,40.5,0,1,0,0,1,2
2026-06-22,0.66,2.65,40.5,0,1,0,0,1,2
2026-06-23,0.65,2.71,40.5,0,1,0,0,1,2
2026-06-24,0.56,2.76,40.5,0,1,0,0,1,2
2026-06-25,0.56,2.78,40.5,0,1,0,0,1,2
2026-06-26,0.55,2.83,40.5,0,1,0,0,1,2
2026-06-29,0.51,2.8,40.5,0,1,0,0,1,2
2026-06-30,0.57,2.75,40.5,0,1,0,0,1,2
2026-07-01,0.63,2.74,40.73,0,1,0,0,1,2
2026-07-02,0.67,2.75,40.73,0,1,0,0,1,2
2026-07-06,0.61,2.72,40.73,0,1,0,0,1,2
2026-07-07,0.69,2.67,40.73,0,1,0,0,1,2
2026-07-08,0.69,2.7,40.73,0,1,0,0,1,2
2026-07-09,0.71,2.7,40.73,0,1,0,0,1,2
2026-07-10,0.71,2.69,40.73,0,1,0,0,1,2
2026-07-13,0.73,2.69,40.73,0,1,0,0,1,2
2026-07-14,0.74,2.72,40.73,0,1,0,0,1,2
2026-07-15,0.72,2.71,40.73,0,1,0,0,1,2
2026-07-16,0.73,2.71,40.73,0,1,0,0,1,2
2026-07-17,0.7,2.73,40.73,0,1,0,0,1,2
2026-07-20,0.74,2.69,40.73,0,1,0,0,1,2
2026-07-21,0.76,2.69,40.73,0,1,0,0,1,2
2026-07-22,0.78,2.68,40.73,0,1,0,0,1,2
2026-07-23,0.76,2.77,40.73,0,1,0,0,1,2
2026-07-24,0.73,2.79,40.73,0,1,0,0,1,2
2026-07-27,0.69,2.81,40.73,0,1,0,0,1,2
2026-07-28,0.71,2.84,40.73,0,1,0,0,1,2
