ticker,n_test,cand_cov,cand_score,base_cov_local,base_score_local,k_local,long_target_inverted,short_target_inverted,false_long_rr_pass,false_short_rr_pass
A,276,0.5543478260869565,2.5940378623188405,0.7101449275362319,2.0525766109989516,0.6756647437700259,3,0,0,0
AAL,276,0.4746376811594203,3.9501163949275364,0.6630434782608695,2.7488106991782972,0.6141433509731954,1,0,0,0
AAP,276,0.4927536231884058,10.321444565217385,0.6594202898550725,7.181542477389741,0.5811083216653248,2,0,0,0
AAPL,276,0.5652173913043478,7.31125697463768,0.7028985507246377,5.387319619438921,0.6517330866241621,2,0,0,0
ABBV,276,0.5036231884057971,4.817304438405796,0.7355072463768116,3.300620604945829,0.6277880204513271,4,0,0,0
ABC,276,0.532608695652174,5.539716304347828,0.6884057971014492,4.0518487968992,0.56558944904918,1,0,0,0
ABT,276,0.4782608695652174,2.097521376811594,0.6811594202898551,1.4735396458063574,0.6307282630745152,3,0,0,0
ACN,276,0.4782608695652174,4.462585326086955,0.6666666666666666,3.3836991739434543,0.5988594156027608,1,0,0,0
ADBE,276,0.4963768115942029,7.710486141304352,0.7246376811594203,5.744002296916284,0.6283310815627717,1,0,0,0
ADI,276,0.4782608695652174,4.567361322463767,0.6304347826086957,3.379387134211387,0.5848154344849209,2,0,0,0
ADM,276,0.532608695652174,2.0268035326086955,0.7681159420289855,1.4479169141629498,0.6727438825426558,2,0,0,0
ADP,276,0.4855072463768116,5.2636287137681155,0.6630434782608695,3.565095657256392,0.6003453739725138,2,0,0,0
ADS,276,0.5036231884057971,15.466459239130437,0.7210144927536232,11.138111186491757,0.6121756709176552,1,0,0,0
ADSK,276,0.5,6.735866938405796,0.7101449275362319,5.117504838999839,0.6437798315279911,0,0,0,0
AEE,276,0.48188405797101447,1.93553097826087,0.6811594202898551,1.3715764762352551,0.6395800367209845,1,0,0,0
AEP,276,0.4927536231884058,2.2360655797101456,0.6847826086956522,1.5853832857521457,0.6445139898787262,1,0,0,0
AES,276,0.45652173913043476,0.6202704710144927,0.6884057971014492,0.46307949237244567,0.6344436788448834,1,0,0,0
AET,276,0.5036231884057971,7.337441757246377,0.782608695652174,5.122585337650497,0.6903352648214471,1,0,0,0
AFL,276,0.5869565217391305,2.701439764492754,0.7137681159420289,1.8933400158196363,0.6243300088755557,2,0,0,0
AGN,276,0.5036231884057971,12.444985235507248,0.7463768115942029,8.658378020815976,0.6206139313086321,3,0,0,0
AIG,276,0.5181159420289855,2.6395807971014484,0.7318840579710145,1.816598272677043,0.6242150078831177,3,0,0,0
AIV,276,0.5217391304347826,1.7723644927536228,0.7210144927536232,1.235885384709756,0.6051474539131565,0,1,0,0
AIZ,276,0.5217391304347826,5.0479249094202885,0.7282608695652174,3.5749189348370196,0.6396227765980845,2,0,0,0
AJG,276,0.5289855072463768,2.1642698369565228,0.6884057971014492,1.4748029446218707,0.6070829962404282,1,0,0,0
AKAM,276,0.5289855072463768,3.7660221014492747,0.7355072463768116,2.789483360723991,0.6449730962879582,2,1,0,0
ALB,276,0.5036231884057971,7.713907518115943,0.6340579710144928,5.548233021911342,0.5836340492519392,2,0,0,0
ALGN,276,0.5217391304347826,13.941147192028982,0.644927536231884,10.176132840436825,0.5893987183519507,1,0,0,0
ALK,276,0.48188405797101447,5.929691576086958,0.6884057971014492,4.203406835126815,0.6318464160843966,3,1,0,0
ALL,276,0.5362318840579711,3.134778894927536,0.7572463768115942,2.2601595782256343,0.6373383835100533,0,0,0,0
ALLE,276,0.48188405797101447,3.7528401268115945,0.6739130434782609,2.580233757088743,0.5762962029593645,1,0,0,0
ALXN,276,0.5108695652173914,10.276875090579711,0.6702898550724637,7.223056316385693,0.6170849490111576,1,0,0,0
AMAT,276,0.5181159420289855,3.349905253623187,0.6086956521739131,2.4825234675374452,0.5985328659403469,1,0,0,0
AMD,276,0.6231884057971014,1.76270643115942,0.6956521739130435,1.3146310365480844,0.5967927483900712,1,0,0,0
AME,276,0.5579710144927537,2.2779228260869577,0.6884057971014492,1.6379821420416916,0.6421985738438436,2,0,0,0
AMG,276,0.5217391304347826,8.971151539855075,0.7681159420289855,6.770712042553181,0.6925252276703133,4,0,0,0
AMGN,276,0.532608695652174,8.50970788043478,0.7101449275362319,6.055246879389546,0.6433249728307042,4,0,0,0
AMP,276,0.5289855072463768,7.765720199275363,0.7318840579710145,5.612605258063428,0.7020531620066344,1,0,0,0
AMT,276,0.42028985507246375,5.96533197463768,0.7101449275362319,4.078522265189359,0.6269335285686282,2,0,0,0
AMZN,276,0.48188405797101447,54.46445344202899,0.6557971014492754,38.326332784548484,0.6481290745423073,1,0,0,0
ANDV,276,0.40942028985507245,5.599425362318843,0.6811594202898551,3.9159124183862644,0.6121816667081057,0,0,0,0
ANSS,276,0.4891304347826087,6.049650815217393,0.7028985507246377,4.353010594645743,0.5863260505763734,1,0,0,0
ANTM,276,0.532608695652174,10.062776992753626,0.7391304347826086,7.274725135199846,0.6540546128379441,5,0,0,0
AON,276,0.4782608695652174,4.678308786231882,0.6739130434782609,3.2804639639470414,0.6217648199148,1,0,0,0
AOS,276,0.4927536231884058,2.5186041666666665,0.6485507246376812,1.7170189079177844,0.6018847234857887,2,0,0,0
APA,276,0.45652173913043476,4.523426177536232,0.6956521739130435,3.10657120352968,0.627631323208513,2,0,0,0
APC,276,0.4528985507246377,3.996642844202898,0.6884057971014492,2.753176018650223,0.6167039165366625,3,0,0,0
APD,276,0.5398550724637681,5.035985597826085,0.6847826086956522,3.934292488343116,0.6041128921332772,0,0,0,0
APH,276,0.5579710144927537,2.396433876811593,0.6884057971014492,1.9269362994465835,0.622701962263644,1,0,0,0
ARE,276,0.48188405797101447,4.8978197463768085,0.6920289855072463,3.3210814459443685,0.5848846073774274,0,0,0,0
ARNC,276,0.4601449275362319,2.196812047101449,0.6739130434782609,1.5546588543790576,0.6328136781961263,4,0,0,0
ATVI,276,0.4746376811594203,4.021152083333335,0.6485507246376812,2.9927299495310336,0.6067314905867005,1,0,0,0
AVB,276,0.5181159420289855,6.1731311594202865,0.7572463768115942,4.891180655851019,0.5960816468620418,2,1,0,0
AVGO,276,0.4963768115942029,16.28594682971015,0.6739130434782609,11.477146561617491,0.6412198601920055,3,0,0,0
AVY,276,0.5144927536231884,3.9165983695652193,0.7210144927536232,2.8749164061151316,0.642981197017361,0,0,0,0
AWK,276,0.44565217391304346,3.1319150362318813,0.6920289855072463,2.1556494314996866,0.6130433106812279,1,0,0,0
AXP,276,0.5398550724637681,3.1456095108695648,0.7427536231884058,2.2571646375959604,0.6363984336650184,2,0,0,0
AYI,276,0.4855072463768116,16.75802101449275,0.677536231884058,11.464647176514477,0.5875342691511939,0,2,0,0
AZO,276,0.5253623188405797,42.18820461956522,0.6630434782608695,28.672881025781475,0.5744244960727513,3,0,0,0
BA,276,0.44565217391304346,12.024786684782615,0.6739130434782609,8.754467249841664,0.6626521530179624,4,0,0,0
BAC,276,0.5072463768115942,1.5069326992753622,0.7137681159420289,1.0502943239808142,0.676583434637204,1,0,0,0
BAX,276,0.5144927536231884,2.3314052536231893,0.6557971014492754,1.6758120629667943,0.59341250759102,0,0,0,0
BBT,276,0.5615942028985508,2.2392080615942027,0.7246376811594203,1.5633434878106192,0.6594500820532407,0,2,0,0
BBY,276,0.42028985507246375,4.748850090579708,0.6557971014492754,3.3043988365092725,0.6240974515142211,0,0,0,0
BDX,276,0.5036231884057971,8.574605525362324,0.7282608695652174,6.05915377020652,0.6285889565497483,5,0,0,0
BEN,276,0.5253623188405797,2.087940398550724,0.7463768115942029,1.5058331824404996,0.6657146719791176,0,0,0,0
BF.B,276,0.44565217391304346,2.703304619565217,0.717391304347826,1.892533686545508,0.6285061561778412,3,0,0,0
BIIB,276,0.5072463768115942,19.538550905797095,0.6811594202898551,13.78064244087326,0.6148639781610349,4,0,0,0
BK,276,0.5108695652173914,2.162507246376811,0.7391304347826086,1.599740795287673,0.6712782972220288,0,0,0,0
BLK,276,0.5289855072463768,18.899839945652168,0.7028985507246377,13.563347586153851,0.6605108284634551,1,0,0,0
BLL,276,0.4782608695652174,1.7185689311594203,0.6992753623188406,1.2962416097429355,0.6184786714014875,2,0,0,0
BMY,276,0.5,3.1243240942029,0.7137681159420289,2.2838870373064215,0.6033807236362388,0,0,0,0
BRK.B,276,0.5289855072463768,6.057707608695645,0.7101449275362319,4.246199587664313,0.6789320660400218,1,0,0,0
BSX,276,0.5471014492753623,1.212247010869565,0.7355072463768116,0.8915032285630996,0.6288178382082518,3,1,0,0
BWA,276,0.5072463768115942,2.9950163043478275,0.6884057971014492,2.090154708645256,0.6419005029311066,3,0,0,0
BXP,276,0.4528985507246377,5.626734873188407,0.6920289855072463,3.8849700962443565,0.6165207130197224,0,0,0,0
C,276,0.5,3.3696466485507255,0.7065217391304348,2.3291884714986444,0.6247076891894476,0,0,0,0
CA,276,0.5905797101449275,1.370198731884058,0.7427536231884058,1.0481660637771077,0.6027072827156766,0,0,0,0
CAG,276,0.5144927536231884,1.6064007246376817,0.7028985507246377,1.128284266290804,0.6196017736878613,1,1,0,0
CAH,276,0.463768115942029,4.391245742753623,0.6992753623188406,3.062479156097831,0.6401268072883417,1,1,0,0
CAT,276,0.5181159420289855,6.037048822463768,0.6884057971014492,4.47726665340068,0.6149758613022119,3,0,0,0
CB,276,0.4963768115942029,5.417784239130435,0.7137681159420289,3.742692321477908,0.6626108839611788,0,0,0,0
CBG,276,0.4746376811594203,2.05078768115942,0.7028985507246377,1.3843862628198158,0.646200517609526,2,0,0,0
CBOE,276,0.5144927536231884,4.155776358695651,0.6594202898550725,3.0455701143515506,0.5684650563227621,2,0,0,0
CBS,276,0.5072463768115942,3.749682427536234,0.6485507246376812,2.6073445995485356,0.6210679772802604,0,0,0,0
CCI,276,0.4601449275362319,4.460867300724635,0.7065217391304348,3.0790692511619104,0.6034130112660474,2,0,0,0
CCL,276,0.4927536231884058,2.839672916666668,0.6557971014492754,2.099783956659659,0.6186965090781884,0,0,0,0
CDNS,276,0.5072463768115942,1.911263043478262,0.6340579710144928,1.3562599869048595,0.5555168496353337,3,0,0,0
CELG,276,0.532608695652174,7.639243297101447,0.7391304347826086,5.5242813285885335,0.6253344907967967,2,1,0,0
CERN,276,0.5398550724637681,3.583289039855073,0.7065217391304348,2.4550272206930392,0.6056511236558157,3,0,0,0
CF,276,0.4420289855072464,3.489052989130435,0.6630434782608695,2.418687731257152,0.6112871007372201,2,0,0,0
CHD,276,0.4601449275362319,2.023382427536231,0.7101449275362319,1.362379569194569,0.6296269470420629,0,2,0,0
CHK,276,0.4420289855072464,0.6445754528985507,0.6666666666666666,0.44342402223422134,0.6176462728161609,0,1,0,0
CHRW,276,0.5217391304347826,3.854650543478261,0.6630434782608695,2.672596996105586,0.5645115448709237,4,1,0,0
CHTR,276,0.532608695652174,20.480938768115944,0.6920289855072463,15.53265984193469,0.5669534874715974,0,0,0,0
CI,276,0.5253623188405797,8.299202083333341,0.6739130434782609,6.024578566823692,0.6194250115757334,0,0,0,0
CINF,276,0.4673913043478261,3.3884312499999996,0.7101449275362319,2.246837890467032,0.6583214514925696,0,1,0,0
CL,276,0.5036231884057971,2.8882613224637663,0.7101449275362319,2.0871794611018006,0.6116050393065762,0,0,0,0
CLX,276,0.5072463768115942,5.550210054347827,0.6413043478260869,3.958488471612564,0.5884451381198936,1,1,0,0
CMA,276,0.5471014492753623,4.537035688405799,0.7572463768115942,3.1278009991437576,0.6448194146890118,1,0,0,0
CMCSA,276,0.5,2.0447577898550713,0.6594202898550725,1.439366137232556,0.6073070423911991,3,0,0,0
CME,276,0.5615942028985508,5.362566847826088,0.7028985507246377,3.9231886066911468,0.6090187174617582,3,0,0,0
CMG,276,0.4601449275362319,28.30222599637682,0.7028985507246377,20.360366193279727,0.6125744362059578,1,0,0,0
CMI,276,0.5289855072463768,7.630629891304347,0.6847826086956522,5.58984579803831,0.6148107654898305,0,0,0,0
CMS,276,0.4673913043478261,1.445537047101448,0.6594202898550725,1.0360347006640558,0.6325581219441196,0,0,0,0
CNC,276,0.4963768115942029,5.836210960144931,0.6376811594202898,4.396643480529771,0.598537553857384,2,0,0,0
CNP,276,0.4384057971014493,1.056018297101449,0.6630434782608695,0.7308565824438432,0.6147110851268835,2,1,0,0
COF,276,0.4927536231884058,4.798283423913045,0.7318840579710145,3.4034764442246175,0.6812875812734555,1,0,0,0
COG,276,0.4492753623188406,1.8734537137681146,0.6847826086956522,1.3421249796423231,0.5945176897867475,2,0,0,0
COL,276,0.5507246376811594,4.4907589673913035,0.7355072463768116,3.9647413966486025,0.6206581496697452,1,0,0,0
COO,276,0.5217391304347826,11.860737228260868,0.7065217391304348,8.56826497541707,0.5831390556950858,3,0,0,0
COP,276,0.5072463768115942,3.1961404891304364,0.6992753623188406,2.435043356902264,0.6758010201338804,3,0,0,0
COST,276,0.4963768115942029,8.341459963768115,0.6920289855072463,5.900493496288567,0.6031325287515868,1,1,0,0
COTY,276,0.4963768115942029,1.5059335144927537,0.5760869565217391,1.0568276662000227,0.513945721747922,1,1,0,0
CPB,276,0.5217391304347826,2.753507971014493,0.6956521739130435,2.081755409783605,0.6078314976716418,1,2,0,0
CRM,276,0.6086956521739131,3.829980615942029,0.7355072463768116,2.8542999155631494,0.620198317637755,1,0,0,0
CSCO,276,0.5144927536231884,1.3368924818840582,0.6847826086956522,1.0208808113764014,0.5937482912709915,1,1,0,0
CSX,276,0.5072463768115942,3.4262379528985503,0.6847826086956522,2.5143550631376463,0.6470861556410025,1,1,0,0
CTAS,276,0.5036231884057971,6.109990942028987,0.6630434782608695,4.130747665684404,0.5716594458851965,2,0,0,0
CTL,276,0.5072463768115942,1.7880556159420289,0.6847826086956522,1.2694779995906862,0.620575206904748,1,0,0,0
CTSH,276,0.5398550724637681,2.622817844202899,0.7210144927536232,1.9993339596622715,0.632237976517806,0,0,0,0
CTXS,276,0.5905797101449275,4.4295986413043495,0.7463768115942029,3.6125659983202434,0.5988047805020194,1,2,0,0
CVS,276,0.5036231884057971,4.746887681159422,0.7137681159420289,3.294245272217415,0.6297361896422232,1,0,0,0
CVX,276,0.4963768115942029,5.006821739130433,0.7282608695652174,3.477053647718645,0.6708344432394898,3,1,0,0
CXO,276,0.4782608695652174,9.070228442028986,0.6992753623188406,6.219557896540862,0.6233571512612746,1,0,0,0
D,276,0.4855072463768116,2.785503351449273,0.6739130434782609,2.010094890862335,0.6041539049779184,0,0,0,0
DAL,276,0.5144927536231884,3.375546376811594,0.6594202898550725,2.4266558014356416,0.6225959392047071,1,1,0,0
DE,276,0.5543478260869565,5.599119565217392,0.677536231884058,4.121454542011202,0.590035955953171,1,0,0,0
DFS,276,0.5036231884057971,3.3162042572463757,0.7282608695652174,2.3399413138931355,0.6729087894953643,2,1,0,0
DG,276,0.4673913043478261,5.162527989130435,0.6884057971014492,3.4663977720719372,0.6168962253130953,2,0,0,0
DGX,276,0.5615942028985508,3.718339945652174,0.7862318840579711,2.6923432759283035,0.6304548330343467,0,0,0,0
DHI,276,0.5036231884057971,2.1237963768115944,0.6485507246376812,1.5042061197578633,0.600072461188556,3,0,0,0
DHR,276,0.4963768115942029,3.1729473731884057,0.7028985507246377,2.242267843357497,0.6356263049870288,0,0,0,0
DIS,276,0.5471014492753623,4.237999365942028,0.6992753623188406,3.1374841963909934,0.6362768390719802,0,1,0,0
DISCA,276,0.5036231884057971,2.0115136775362314,0.6630434782608695,1.3643921116063196,0.5984846107961557,1,0,0,0
DISCK,276,0.48188405797101447,1.8937006340579707,0.6739130434782609,1.281105654973823,0.6024778007635786,0,0,0,0
DISH,276,0.5253623188405797,3.8565646739130424,0.7137681159420289,2.8641129604153304,0.6043241793286683,0,0,0,0
DLR,276,0.42028985507246375,6.579482155797101,0.6956521739130435,4.371654957273793,0.6285762649817227,0,2,0,0
DLTR,276,0.4855072463768116,5.29572536231884,0.6485507246376812,3.7192383928936827,0.5756664988149831,1,0,0,0
DOV,276,0.5253623188405797,4.182869746376809,0.7210144927536232,3.109004906859384,0.6327984463496256,2,0,0,0
DPS,276,0.5253623188405797,3.769909510869566,0.7934782608695652,2.7396135157422803,0.6346198857029591,1,0,0,0
DRE,276,0.4927536231884058,1.1782913043478258,0.717391304347826,0.8121851903281512,0.621758401975505,1,1,0,0
DRI,276,0.5398550724637681,4.322215489130434,0.7101449275362319,3.0882195011280507,0.6309771929600685,0,0,0,0
DTE,276,0.4891304347826087,3.4282030797101446,0.6847826086956522,2.4127502264945857,0.6416276397671529,2,0,0,0
DUK,276,0.5108695652173914,2.427741485507246,0.6884057971014492,1.7730182305451092,0.607411011450346,2,0,0,0
DVA,276,0.5289855072463768,4.393248460144924,0.6521739130434783,3.0875571976726217,0.5651165278201729,0,1,0,0
DVN,276,0.4420289855072464,3.3979844202898555,0.6920289855072463,2.325382016273449,0.6442644325515556,2,1,0,0
EA,276,0.4927536231884058,6.445812047101449,0.7028985507246377,4.731732790104558,0.6092597427822518,0,0,0,0
EBAY,276,0.5434782608695652,2.0500858695652178,0.6702898550724637,1.5109301009260605,0.5682973236058625,3,0,0,0
ECL,276,0.5253623188405797,3.774947373188409,0.7355072463768116,2.7315668576370764,0.6542451476837162,2,0,0,0
ED,276,0.47101449275362317,2.7117303442029015,0.6485507246376812,1.8304774406793278,0.619974835873141,0,0,0,0
EFX,276,0.532608695652174,6.427795652173913,0.7681159420289855,5.729910844160879,0.6329091019822136,1,2,0,0
EIX,276,0.4601449275362319,3.2155691123188412,0.7137681159420289,2.265689890408128,0.6224303954616376,0,1,0,0
EL,276,0.5289855072463768,4.218742300724639,0.717391304347826,3.2170425173097517,0.6415035003882756,5,0,0,0
EMN,276,0.47101449275362317,3.863727083333332,0.6956521739130435,2.6195328622342364,0.6118537888775429,0,0,0,0
EMR,276,0.463768115942029,2.965768749999999,0.6920289855072463,2.0242467180790076,0.6486127869902181,0,0,0,0
EOG,276,0.5,5.5934054347826105,0.7028985507246377,3.898744514882594,0.6551367779116657,0,1,0,0
EQIX,276,0.47101449275362317,20.022349275362334,0.7028985507246377,14.116809902779893,0.5928152652409587,1,0,0,0
EQR,276,0.5108695652173914,2.2655134963768098,0.7210144927536232,1.626763824894526,0.619431637723479,1,0,0,0
EQT,276,0.5652173913043478,4.916255615942029,0.6920289855072463,3.6679597100365284,0.6085667567581149,1,0,0,0
ES,276,0.5108695652173914,2.119865760869566,0.6956521739130435,1.4821220301113378,0.6321924050417166,0,0,0,0
ESRX,276,0.5543478260869565,3.551777083333332,0.6847826086956522,2.732608415088323,0.5708355577225054,1,0,0,0
ESS,276,0.5398550724637681,9.869760144927538,0.7065217391304348,7.102127183771636,0.5861768809513695,0,1,0,0
ETFC,276,0.5543478260869565,2.3622741847826094,0.717391304347826,1.7776034960601763,0.6249103162014114,1,0,0,0
ETN,276,0.4963768115942029,3.4224290760869565,0.677536231884058,2.4774448253734316,0.6558635773114257,4,0,0,0
ETR,276,0.47101449275362317,3.0005287137681167,0.644927536231884,2.060482518701592,0.6120234399374932,0,0,0,0
EW,276,0.48188405797101447,6.195572010869565,0.7282608695652174,4.511535073532756,0.6175771856933401,2,1,0,0
EXC,276,0.5108695652173914,1.43246920289855,0.7028985507246377,1.0858748862405925,0.62173496987078,3,0,0,0
EXPD,276,0.532608695652174,2.4164975543478264,0.7210144927536232,1.7427601137618054,0.5815917112704095,1,0,0,0
EXPE,276,0.4746376811594203,7.778004166666667,0.6956521739130435,5.730062293914746,0.6060172252758202,1,0,0,0
EXR,276,0.4420289855072464,4.677537228260871,0.7101449275362319,3.0041692809353955,0.6320553545931809,2,0,0,0
F,276,0.4927536231884058,0.6110290760869566,0.6811594202898551,0.4376316692395226,0.6222871423024466,2,1,0,0
FAST,276,0.5,3.0145855072463767,0.6920289855072463,2.0646514107789713,0.5993629402244064,2,0,0,0
FB,276,0.4963768115942029,8.006012681159419,0.6739130434782609,5.756054915919195,0.6505697747806578,0,0,0,0
FBHS,276,0.4855072463768116,2.7276014492753653,0.6920289855072463,1.9610949611648063,0.6376712180234423,2,0,0,0
FCX,276,0.5,1.54763097826087,0.7065217391304348,1.1197670070369732,0.6600005008792944,2,1,0,0
FDX,276,0.48188405797101447,10.418636050724642,0.6920289855072463,7.170505695797443,0.6421553837390074,6,0,0,0
FE,276,0.5036231884057971,1.4499420289855074,0.7137681159420289,1.0503803420560578,0.6435912885250064,1,0,0,0
FFIV,276,0.5253623188405797,6.994525452898546,0.6992753623188406,5.282631107984183,0.5954066020386617,2,0,0,0
FIS,276,0.5217391304347826,2.9493803442028974,0.7318840579710145,2.158357010067611,0.631669045694312,1,0,0,0
FISV,276,0.5072463768115942,4.2404702898550735,0.7572463768115942,2.9947714027111743,0.6367517715495297,2,0,0,0
FITB,276,0.5217391304347826,1.5238596920289855,0.75,1.0707738177040054,0.6245813125316196,2,0,0,0
FL,276,0.572463768115942,4.877586684782609,0.7101449275362319,3.609174015333673,0.5983859715889139,1,0,0,0
FLIR,276,0.5543478260869565,2.1364708333333327,0.6884057971014492,1.4508362958276921,0.5803305421580224,3,0,0,0
FLR,276,0.5108695652173914,3.3967792572463775,0.717391304347826,2.5526576803155465,0.6419296049973674,5,0,0,0
FLS,276,0.5036231884057971,3.0504894021739126,0.7572463768115942,2.208536092394476,0.675194287936084,0,0,0,0
FMC,276,0.5181159420289855,4.985145289855069,0.6884057971014492,3.449339014551689,0.6312237841822423,3,0,0,0
FOX,276,0.4891304347826087,1.8233844202898548,0.644927536231884,1.3326564424736447,0.5755974102217402,2,1,0,0
FOXA,276,0.4891304347826087,1.8953036231884053,0.6702898550724637,1.3725784714686808,0.5730488493570969,2,1,0,0
FRT,276,0.4528985507246377,6.489931068840579,0.6340579710144928,4.311717488796771,0.5786396278811797,0,0,0,0
FTI,276,0.5,2.2987837862318843,0.6195652173913043,1.5958736631180697,0.621001793400559,0,0,0,0
GD,276,0.48188405797101447,7.989230978260867,0.7101449275362319,5.784515263352631,0.6415130322439053,2,0,0,0
GE,276,0.4927536231884058,1.3467432065217393,0.6847826086956522,0.9361122252325351,0.607515444553831,0,1,0,0
GGP,276,0.47101449275362317,1.6391774456521737,0.6376811594202898,1.1177107808580535,0.5839367555129982,1,1,0,0
GILD,276,0.4673913043478261,4.6559624999999984,0.7028985507246377,3.043800352840627,0.6153757797079754,4,0,0,0
GIS,276,0.4927536231884058,2.700970561594202,0.6340579710144928,1.9468331347220011,0.5890909456392254,0,0,0,0
GLW,276,0.5217391304347826,1.3885483695652174,0.6666666666666666,1.0612610244314813,0.578487588967102,2,0,0,0
GM,276,0.4782608695652174,2.3961180253623193,0.6666666666666666,1.635989975073911,0.6049608709347628,3,1,0,0
GOOGL,276,0.5543478260869565,42.456792481884065,0.7318840579710145,30.31463516243515,0.6709852775444785,1,0,0,0
GPC,276,0.5217391304347826,4.493220108695653,0.7137681159420289,3.201748643840895,0.6434443189705088,1,0,0,0
GPN,276,0.4782608695652174,4.835605344202898,0.6956521739130435,3.3138956536457416,0.6249882536534848,2,0,0,0
GPS,276,0.4528985507246377,2.5089960144927534,0.6920289855072463,1.616651421143415,0.5927055347007665,1,2,0,0
GRMN,276,0.4927536231884058,2.54066865942029,0.677536231884058,1.8355095513709492,0.6003906074008496,0,1,0,0
GS,276,0.4492753623188406,12.990622010869563,0.717391304347826,9.219718109396325,0.6603474713363177,2,1,0,0
GT,276,0.5072463768115942,2.0143711050724633,0.7246376811594203,1.418379563937108,0.577108072587507,1,0,0,0
GWW,276,0.4855072463768116,16.05405172101449,0.6702898550724637,10.77392770793313,0.5733999153816858,0,0,0,0
HAL,276,0.5434782608695652,3.401065217391304,0.7536231884057971,2.351897707645904,0.6486174355135078,1,0,0,0
HAS,276,0.5398550724637681,5.914333605072465,0.7210144927536232,4.320204113632127,0.5818252973548536,1,0,0,0
HBAN,276,0.5434782608695652,0.7922780797101449,0.7572463768115942,0.5618664651649262,0.6669121947793984,2,1,0,0
HBI,276,0.463768115942029,1.7735205615942025,0.6739130434782609,1.2024397686034358,0.6069930966706741,4,0,0,0
HCA,276,0.48188405797101447,5.131191666666667,0.6557971014492754,3.4582467362413634,0.5839665649244863,4,0,0,0
HCN,276,0.5181159420289855,3.007671557971015,0.6956521739130435,2.0547476386972594,0.6247748020594267,0,1,0,0
HCP,276,0.4492753623188406,1.4966947463768108,0.7282608695652174,1.0292182685429898,0.6340974496996789,0,0,0,0
HD,276,0.4528985507246377,6.505291666666665,0.6485507246376812,4.464504223696117,0.6332423035428023,2,1,0,0
HES,276,0.4420289855072464,4.508532971014492,0.6557971014492754,2.9168645450661526,0.6277430277359339,1,0,0,0
HIG,276,0.5362318840579711,2.1455432971014483,0.7427536231884058,1.4744257851183167,0.6463436680997832,3,0,0,0
HII,276,0.44565217391304346,12.092409148550722,0.7028985507246377,8.16957484463848,0.6140113044609529,3,1,0,0
HOG,276,0.4891304347826087,3.3601254528985494,0.6992753623188406,2.4669418261110523,0.6343142704567944,0,0,0,0
HOLX,276,0.5471014492753623,1.9152959239130434,0.7101449275362319,1.4674291161916315,0.5883495624190862,2,1,0,0
HON,276,0.5688405797101449,4.22245489130435,0.7065217391304348,3.0883735321669237,0.6231865714726385,2,0,0,0
HP,276,0.4601449275362319,5.643648460144928,0.6666666666666666,3.5338478195588316,0.6274139470826235,2,0,0,0
HRB,276,0.4963768115942029,1.9708294384057967,0.6702898550724637,1.4080583605630388,0.6043702895415487,1,0,0,0
HRL,276,0.4746376811594203,1.6642109601449282,0.6847826086956522,1.1998730757640814,0.6437887283801378,1,0,0,0
HRS,276,0.4855072463768116,5.177030887681158,0.6521739130434783,3.6126577877729797,0.6040140889471965,4,0,0,0
HSIC,276,0.5905797101449275,4.006541304347825,0.6666666666666666,3.0411872051842437,0.6002863066812969,0,2,0,0
HST,276,0.4891304347826087,1.0341495471014484,0.75,0.7304672016670137,0.6330621107835561,3,0,0,0
HSY,276,0.5036231884057971,3.7084475543478277,0.717391304347826,2.7943316655645667,0.6137796583788728,0,0,0,0
HUM,276,0.532608695652174,11.664442934782608,0.6956521739130435,8.695263826068732,0.5808279187863349,2,0,0,0
IBM,276,0.4963768115942029,6.195439402173913,0.7318840579710145,4.524265082042435,0.6670819908077916,2,0,0,0
ICE,276,0.5,2.9248821557970994,0.7065217391304348,2.255693730979481,0.6045371993778184,2,0,0,0
IDXX,276,0.572463768115942,8.940054347826083,0.6304347826086957,6.812890861610772,0.5404587896434514,1,0,0,0
IFF,276,0.45652173913043476,5.7027350543478255,0.6884057971014492,4.12457997393679,0.6377104898420439,1,0,0,0
ILMN,276,0.463768115942029,13.351889221014494,0.6594202898550725,9.423561583294239,0.572395088064086,1,0,0,0
INCY,276,0.5036231884057971,12.633097916666667,0.6594202898550725,8.47221575568108,0.588924027968153,2,0,0,0
INTC,276,0.4927536231884058,2.023517210144927,0.7137681159420289,1.4379776024929245,0.6133885159398891,2,0,0,0
INTU,276,0.47101449275362317,5.845377989130434,0.7065217391304348,4.266490313109231,0.6038729946407301,0,1,0,0
IP,276,0.48188405797101447,2.8500708333333336,0.6739130434782609,1.9989693674947953,0.6341249634591979,1,0,0,0
IPG,276,0.5253623188405797,1.352306702898551,0.6920289855072463,0.996763095637515,0.6285631889340129,1,0,0,0
IQV,276,0.5507246376811594,4.418399637681157,0.6702898550724637,3.1268252504467147,0.5748547979223161,3,0,0,0
IR,276,0.5253623188405797,4.006887047101448,0.6992753623188406,2.9907447410638266,0.6320774532054718,4,0,0,0
IRM,276,0.4528985507246377,1.9343567934782626,0.6630434782608695,1.3364807625841053,0.5672701071091871,1,0,0,0
ISRG,276,0.5181159420289855,17.688954528985494,0.6304347826086957,12.734957547906685,0.5582620989722658,1,0,0,0
IT,276,0.5072463768115942,5.750676177536234,0.6920289855072463,4.078843773239162,0.6111407267440995,2,0,0,0
ITW,276,0.5434782608695652,5.487150271739134,0.6992753623188406,4.0228758973371015,0.656198065450397,2,0,0,0
IVZ,276,0.5072463768115942,1.862479257246377,0.7427536231884058,1.3111386956997149,0.6571579594970017,1,0,0,0
JBHT,276,0.4746376811594203,5.591025,0.677536231884058,3.806162099870826,0.6169748901360224,1,0,0,0
JCI,276,0.48188405797101447,2.2904270833333356,0.6992753623188406,1.5667659066348683,0.6440783663945614,0,0,0,0
JEC,276,0.4782608695652174,3.402503985507246,0.7065217391304348,2.3721293864267463,0.6397162796381659,3,1,0,0
JNJ,276,0.5,4.47382635869565,0.717391304347826,3.186824803921801,0.64762864527015,1,0,0,0
JNPR,276,0.5688405797101449,1.5261335144927541,0.7137681159420289,1.1996041361106995,0.5994362274184417,1,0,0,0
JPM,276,0.5217391304347826,4.207819746376811,0.677536231884058,2.985241179924954,0.6285060985405327,2,0,0,0
JWN,276,0.5253623188405797,4.050901721014492,0.6811594202898551,2.9930259146460667,0.5817632336188069,1,0,0,0
K,276,0.5036231884057971,3.285171286231886,0.6847826086956522,2.3982923238528455,0.6026174345743176,0,0,0,0
KEY,276,0.5108695652173914,1.0916397644927547,0.717391304347826,0.7819432936899057,0.6500357690050774,0,1,0,0
KIM,276,0.42391304347826086,1.4159191123188406,0.6884057971014492,0.9573130109905142,0.6265513341036787,0,0,0,0
KLAC,276,0.5,6.332348913043478,0.6920289855072463,4.815041878525313,0.6106815223822517,2,0,0,0
KMB,276,0.4601449275362319,5.415111503623191,0.6739130434782609,3.5776430334170626,0.6280736939408498,0,2,0,0
KMI,276,0.463768115942029,1.0457964673913038,0.6920289855072463,0.725897691801953,0.641533986829279,0,0,0,0
KMX,276,0.5398550724637681,4.059427989130435,0.7681159420289855,2.9378587512180503,0.6535152306923486,0,1,0,0
KO,276,0.4673913043478261,1.2528926630434782,0.7137681159420289,0.8363548117039554,0.6085510202643376,2,0,0,0
KORS,276,0.5217391304347826,3.061960054347826,0.717391304347826,2.2943450634015203,0.5924687533696288,1,1,0,0
KR,276,0.45652173913043476,2.091339311594203,0.677536231884058,1.4333080055799858,0.6098196085158905,1,1,0,0
KSS,276,0.4855072463768116,4.297582336956523,0.6920289855072463,3.1037339640663295,0.6005617860426756,1,0,0,0
KSU,276,0.5072463768115942,5.302145742753622,0.6956521739130435,3.9631644078857273,0.6163078642647474,2,1,0,0
L,276,0.5253623188405797,1.5518294384057962,0.7391304347826086,1.1000279063017153,0.6570590267317831,1,0,0,0
LB,276,0.5289855072463768,5.361308967391305,0.7028985507246377,3.8077467696083365,0.636780560927967,1,0,0,0
LEG,276,0.4963768115942029,2.2020918478260882,0.6485507246376812,1.6363385422445216,0.605091121209582,0,0,0,0
LEN,276,0.4782608695652174,3.4899312499999993,0.6485507246376812,2.304219010273556,0.5932557619353829,1,0,0,0
LH,276,0.5217391304347826,6.689728532608695,0.6811594202898551,5.077473660372935,0.5612007708599395,6,0,0,0
LKQ,276,0.48188405797101447,1.6237759963768135,0.6557971014492754,1.1119797271010583,0.5572488553789785,4,0,0,0
LLL,276,0.4492753623188406,7.834941666666671,0.644927536231884,5.486218705196717,0.6204140256747873,0,0,0,0
LLY,276,0.45652173913043476,3.614214855072463,0.717391304347826,2.4972761224724223,0.5921811233933899,4,1,0,0
LMT,276,0.4528985507246377,10.373953170289862,0.6811594202898551,7.210381836184463,0.6320813182168833,3,0,0,0
LNC,276,0.5253623188405797,4.08893777173913,0.7028985507246377,2.893105992079322,0.639627560806898,2,0,0,0
LNT,276,0.44565217391304346,1.4392706521739114,0.6376811594202898,1.0083128144013833,0.6308552295182112,0,0,0,0
LOW,276,0.4746376811594203,4.473317934782611,0.6594202898550725,3.257576224777668,0.6222271529208017,3,1,0,0
LRCX,276,0.4855072463768116,12.853764583333335,0.6304347826086957,9.024279098039427,0.6313919036027537,1,0,0,0
LUK,276,0.5253623188405797,1.3580893115942028,0.6739130434782609,0.9588694697007945,0.6351632375664142,1,1,0,0
LUV,276,0.5181159420289855,3.4878077898550734,0.6630434782608695,2.643520444728625,0.5806552677550036,3,0,0,0
LYB,276,0.5,4.979484420289856,0.7101449275362319,3.854063249801877,0.6334843240903457,4,0,0,0
M,276,0.5108695652173914,2.773314673913043,0.6811594202898551,1.953580712164656,0.5934905320770281,1,1,0,0
MA,276,0.5,5.335133786231886,0.717391304347826,3.7438519930543093,0.6534618313639946,1,0,0,0
MAA,276,0.5289855072463768,4.073891938405798,0.7753623188405797,2.907952482426367,0.6329303732851367,2,0,0,0
MAC,276,0.5036231884057971,4.444616394927536,0.6340579710144928,2.9757554972499443,0.5993757767367687,1,1,0,0
MAR,276,0.47101449275362317,4.924617481884057,0.7028985507246377,3.703074595521188,0.6508503178027207,2,0,0,0
MAS,276,0.48188405797101447,1.8031459239130438,0.6956521739130435,1.272053435151122,0.6507837304348244,3,0,0,0
MAT,276,0.5289855072463768,2.064326539855072,0.6956521739130435,1.5026230769525555,0.5921419437883643,1,1,0,0
MCD,276,0.5,4.967090760869568,0.7137681159420289,3.627370502229058,0.6295287474947435,1,0,0,0
MCHP,276,0.5108695652173914,4.66793206521739,0.6231884057971014,3.749690934515948,0.6010295411356037,1,0,0,0
MCK,276,0.5253623188405797,10.12205416666667,0.6811594202898551,7.114217292281607,0.5852093440044326,0,0,0,0
MCO,276,0.5,5.471582518115945,0.6884057971014492,3.8531646667104877,0.608081958653492,1,0,0,0
MDLZ,276,0.4891304347826087,1.7038422101449275,0.7246376811594203,1.3052557266218447,0.603033464596905,2,1,0,0
MDT,276,0.532608695652174,3.231336684782609,0.7065217391304348,2.3454600644321233,0.632248479466181,0,1,0,0
MET,276,0.5434782608695652,2.7471968297101435,0.7210144927536232,2.0707425582627392,0.6484634446124474,0,0,0,0
MGM,276,0.4963768115942029,2.0215997282608695,0.6376811594202898,1.5008317666337456,0.5996000008424226,2,0,0,0
MHK,276,0.5072463768115942,9.464928170289866,0.6811594202898551,6.826516541999537,0.5907716139546516,1,0,0,0
MKC,276,0.4963768115942029,4.525615126811595,0.6739130434782609,3.2455442370271643,0.634765558556143,1,0,0,0
MLM,276,0.5036231884057971,15.409784692028987,0.644927536231884,10.899506567826538,0.5998488788321752,1,0,0,0
MMC,276,0.4782608695652174,2.820871286231884,0.6847826086956522,1.9109445501704172,0.6220038817567384,4,0,0,0
MMM,276,0.48188405797101447,7.74738070652174,0.677536231884058,5.32682053741204,0.6178584331014114,2,0,0,0
MNST,276,0.5471014492753623,2.55121865942029,0.7318840579710145,1.8344085006743112,0.5787032107474338,1,0,0,0
MO,276,0.4891304347826087,2.8735196557971023,0.7101449275362319,2.0336003508916285,0.6220571588441456,1,1,0,0
MON,276,0.5144927536231884,2.358909692028982,0.75,1.6716417064483744,0.6221566599792698,3,0,0,0
MOS,276,0.4746376811594203,2.161664492753624,0.717391304347826,1.4598312696762843,0.6414824848420585,4,0,0,0
MPC,276,0.5289855072463768,3.505676992753625,0.6920289855072463,2.7885266572068863,0.6182897280704085,1,0,0,0
MRK,276,0.5253623188405797,2.921736141304347,0.7463768115942029,2.2585172018236,0.6094419714713509,1,0,0,0
MRO,276,0.48188405797101447,1.54056838768116,0.717391304347826,1.1972452795687745,0.6586218118613244,2,1,0,0
MS,276,0.5362318840579711,2.5818806159420284,0.7028985507246377,1.8974778001730388,0.6446760880351108,2,0,0,0
MSFT,276,0.5615942028985508,2.776672101449274,0.7028985507246377,2.253310748851014,0.6196008794144913,0,0,0,0
MSI,276,0.48188405797101447,4.058788586956518,0.6666666666666666,2.8679997502731185,0.5820194964031993,1,0,0,0
MTB,276,0.5362318840579711,8.049866757246377,0.7391304347826086,5.621798344929196,0.6381094343598241,2,0,0,0
MTD,276,0.5217391304347826,25.534824728260872,0.677536231884058,18.458234108552954,0.5823884473566878,1,0,0,0
MU,276,0.4891304347826087,3.476474003623189,0.6521739130434783,2.4716401196507536,0.6538475867481768,1,0,0,0
MYL,276,0.5108695652173914,3.0986139492753617,0.6557971014492754,2.1818471845189977,0.5699747037156143,2,0,0,0
NBL,276,0.4963768115942029,2.4656922101449275,0.6884057971014492,1.7952951962303496,0.6449154273433184,1,0,0,0
NCLH,276,0.4891304347826087,3.6495780797101447,0.6521739130434783,2.608581657174377,0.5867007531145466,1,0,0,0
NDAQ,276,0.5108695652173914,2.726044655797099,0.7028985507246377,1.8676683832974261,0.592158503608653,1,0,0,0
NEE,276,0.4891304347826087,4.839590307971018,0.6956521739130435,3.5610816189862846,0.6235167039701845,0,0,0,0
NEM,276,0.5072463768115942,2.1970995471014483,0.75,1.6687533261624352,0.6851891854892133,1,0,0,0
NFLX,276,0.5398550724637681,13.100526539855078,0.6485507246376812,9.872323644743604,0.5852806563315435,1,0,0,0
NFX,276,0.5,3.4313229166666672,0.6811594202898551,2.4226899167985847,0.6128542853173875,1,1,0,0
NI,276,0.4601449275362319,0.9961057065217398,0.6594202898550725,0.6826341107040981,0.5838054683206599,2,0,0,0
NKE,276,0.5108695652173914,2.9036663949275363,0.7210144927536232,2.158034393474841,0.6487493504409273,2,0,0,0
NLSN,276,0.4782608695652174,2.390853079710144,0.6666666666666666,1.6074470650075945,0.6129333323731023,2,0,0,0
NOC,276,0.4963768115942029,10.548907065217389,0.6956521739130435,7.177007413261851,0.632323986623297,4,0,0,0
NOV,276,0.427536231884058,2.7604727355072463,0.6521739130434783,1.9147777430727355,0.621648858041028,2,1,0,0
NRG,276,0.48188405797101447,1.968063586956522,0.6992753623188406,1.2905979423466079,0.6480335861059654,3,0,0,0
NSC,276,0.5144927536231884,7.328126086956519,0.6884057971014492,5.632633109837106,0.6251923014725177,3,0,0,0
NTAP,276,0.5144927536231884,2.7317897644927536,0.6811594202898551,1.9361624376938553,0.5560624276698956,2,0,0,0
NTRS,276,0.5144927536231884,4.36907463768116,0.7101449275362319,3.173351420745469,0.5930895501041382,1,1,0,0
NUE,276,0.532608695652174,4.297125905797102,0.7028985507246377,2.993997603650827,0.6290646951935486,2,0,0,0
NVDA,276,0.6485507246376812,15.090378985507245,0.6739130434782609,11.444422541295554,0.6240230533389917,0,0,0,0
NWL,276,0.5144927536231884,3.7226642210144942,0.7318840579710145,2.953795206363516,0.6340728119058651,1,2,0,0
NWS,276,0.5289855072463768,0.7354196557971012,0.6702898550724637,0.5423873931691503,0.5706091930468508,0,0,0,0
NWSA,276,0.5072463768115942,0.7026027173913043,0.6739130434782609,0.515408091501345,0.5579726253361067,2,0,0,0
O,276,0.4528985507246377,2.74239411231884,0.677536231884058,1.862219359812222,0.617160937300095,0,0,0,0
OKE,276,0.4855072463768116,3.3616019021739127,0.6811594202898551,2.413302889127877,0.6249318153761882,0,1,0,0
OMC,276,0.5579710144927537,3.536150815217393,0.7391304347826086,2.681025694425378,0.6682620740499673,1,0,0,0
ORCL,276,0.5,1.9958307971014484,0.7101449275362319,1.4296329425991097,0.635136281671162,0,0,0,0
ORLY,276,0.4601449275362319,18.012168478260865,0.6847826086956522,11.865861347880854,0.5920914746241928,3,0,0,0
OXY,276,0.4673913043478261,3.271081431159419,0.6847826086956522,2.3043666813521377,0.6122866009971947,4,0,0,0
PAYX,276,0.4528985507246377,2.4758246376811606,0.6231884057971014,1.7941797224724825,0.5819393849112897,2,0,0,0
PBCT,276,0.5688405797101449,0.8393910326086959,0.7427536231884058,0.6014297035818927,0.6060270121737895,2,1,0,0
PCAR,276,0.48188405797101447,3.7095072463768144,0.6557971014492754,2.7232779421686195,0.603607422055159,0,1,0,0
PCG,276,0.5181159420289855,2.9627001811594194,0.7355072463768116,2.1387812781732767,0.6356732465817141,1,2,0,0
PCLN,276,0.4963768115942029,87.63237364130437,0.7463768115942029,62.491357429604406,0.6320795544480643,2,0,0,0
PDCO,276,0.47101449275362317,2.609515851449276,0.6376811594202898,1.814629600153273,0.5592410845618108,0,0,0,0
PEG,276,0.4782608695652174,1.7326244565217395,0.7282608695652174,1.2072958695886498,0.6494720773606711,3,0,0,0
PEP,276,0.5108695652173914,3.187733605072463,0.644927536231884,2.291403329548518,0.6139337989363983,2,0,0,0
PFE,276,0.572463768115942,1.2246537137681157,0.7427536231884058,0.8298455237464261,0.5779264803635369,3,0,0,0
PFG,276,0.4927536231884058,2.993054891304349,0.75,2.1808779479492184,0.67078932024687,1,0,0,0
PG,276,0.4746376811594203,2.6428413043478254,0.7391304347826086,1.8961943726526567,0.6313981176027798,1,1,0,0
PGR,276,0.5289855072463768,1.8127406702898559,0.644927536231884,1.3046905708917333,0.6252409268442776,1,0,0,0
PH,276,0.4782608695652174,7.992837952898553,0.6811594202898551,5.695696941945475,0.615823458158726,4,0,0,0
PHM,276,0.5036231884057971,1.4144142210144928,0.677536231884058,1.0184606395227445,0.5940409186737492,2,0,0,0
PKG,276,0.4855072463768116,5.746637590579711,0.677536231884058,3.919534972256394,0.601081059327481,2,0,0,0
PKI,276,0.5108695652173914,2.8375653079710137,0.7282608695652174,2.018065719178638,0.6464396566249678,2,0,0,0
PLD,276,0.4420289855072464,2.7265246376811576,0.6557971014492754,1.908601219076263,0.6140974745614083,3,1,0,0
PM,276,0.4855072463768116,4.599959963768115,0.6195652173913043,3.1833022758652256,0.5919805418359408,1,0,0,0
PNC,276,0.5797101449275363,5.901883695652174,0.7355072463768116,4.454027775939636,0.6611044491091681,0,0,0,0
PNR,276,0.5362318840579711,3.196170199275361,0.7391304347826086,2.3165850492910183,0.6714117161778496,2,0,0,0
PNW,276,0.4528985507246377,2.9192183876811604,0.7028985507246377,2.009574753371836,0.6423457936250777,0,0,0,0
PPG,276,0.5,4.353130887681158,0.7427536231884058,3.33826661478371,0.6679373810198883,5,0,0,0
PPL,276,0.5144927536231884,1.1829527173913044,0.75,0.8394918270826803,0.6625961680725219,0,0,0,0
PRGO,276,0.5579710144927537,6.39431331521739,0.7391304347826086,4.5042402818350595,0.6124816261849434,3,1,0,0
PRU,276,0.5507246376811594,5.181551449275365,0.7536231884057971,3.799115499270558,0.6713104468147488,2,0,0,0
PSA,276,0.5217391304347826,10.41063387681159,0.7210144927536232,7.01417003399768,0.6105988581873273,1,0,0,0
PSX,276,0.4528985507246377,3.9175801630434783,0.6702898550724637,2.674696062324508,0.6060492230079909,2,0,0,0
PVH,276,0.4855072463768116,6.505245289855073,0.6956521739130435,4.721879315102156,0.599291474374981,1,0,0,0
PWR,276,0.48188405797101447,2.197354076086956,0.6702898550724637,1.536172392495661,0.6006289957831817,2,0,0,0
PX,276,0.5471014492753623,5.414689221014493,0.6630434782608695,4.018358354093175,0.6361000320985072,4,0,0,0
PXD,276,0.4782608695652174,12.77636467391304,0.6811594202898551,8.786348696913661,0.6038225408511102,2,1,0,0
QCOM,276,0.5362318840579711,3.6070596014492753,0.6956521739130435,2.630063890292486,0.6138465667975556,3,2,0,0
RCL,276,0.47101449275362317,6.800390036231881,0.7210144927536232,4.858697161905061,0.6832454680766624,1,0,0,0
RE,276,0.5181159420289855,13.171705072463766,0.6992753623188406,8.807047393125957,0.6081441847455129,4,1,0,0
REG,276,0.4673913043478261,3.6336523550724635,0.6630434782608695,2.3564187352776775,0.6165530414368819,0,0,0,0
REGN,276,0.5072463768115942,34.024934329710135,0.6702898550724637,23.556550610565573,0.6292575305269943,3,0,0,0
RF,276,0.5398550724637681,0.9173395833333331,0.7463768115942029,0.6520077597347631,0.6415759673135444,1,1,0,0
RHI,276,0.4855072463768116,2.983711231884058,0.6847826086956522,2.1470544010034636,0.6295376783057136,2,0,0,0
RHT,276,0.5760869565217391,5.040254166666665,0.7572463768115942,3.738037222387056,0.6291300635720597,1,0,0,0
RJF,276,0.5181159420289855,4.400587771739129,0.6992753623188406,3.0889004086584437,0.6584915717388383,2,1,0,0
RL,276,0.5181159420289855,6.384454981884059,0.6557971014492754,4.346371830962708,0.5682286718222151,2,2,0,0
RMD,276,0.4891304347826087,4.139572192028988,0.6159420289855072,3.0567157024003992,0.5823132720119254,1,0,0,0
ROK,276,0.5434782608695652,7.782625815217387,0.6811594202898551,6.153893682400134,0.6128186136420519,2,0,0,0
ROP,276,0.5289855072463768,8.271952083333334,0.6992753623188406,6.258465581034235,0.6211732106573048,0,0,0,0
ROST,276,0.5543478260869565,3.729769746376814,0.6376811594202898,2.651111364316186,0.5955304321347381,0,0,0,0
RRC,276,0.4746376811594203,2.519325543478261,0.6920289855072463,1.7071485778933029,0.62963396023174,0,1,0,0
RSG,276,0.5,1.9929861413043497,0.6739130434782609,1.4222211382179901,0.6041692021688133,2,0,0,0
RTN,276,0.4963768115942029,6.47399492753623,0.6920289855072463,4.508956442784402,0.6164478661878958,3,0,0,0
SBAC,276,0.40942028985507245,7.370174818840581,0.6739130434782609,4.948099267764244,0.5520572634107528,4,0,0,0
SBUX,276,0.5072463768115942,2.7019457427536233,0.7028985507246377,1.7710543398066392,0.6412938363220756,2,0,0,0
SCG,276,0.4673913043478261,4.080728079710144,0.7101449275362319,2.956344927420948,0.6553761991961765,0,2,0,0
SCHW,276,0.4927536231884058,2.5519849637681165,0.717391304347826,1.8802299527507724,0.6386394375086754,1,0,0,0
SEE,276,0.4673913043478261,2.173745471014494,0.6992753623188406,1.5192868061628402,0.6197972605650832,1,0,0,0
SHW,276,0.5217391304347826,13.91190615942029,0.677536231884058,10.822293584221024,0.6150211712364387,3,0,0,0
SIG,276,0.5,7.447616666666666,0.7065217391304348,5.1749343466098425,0.580090617999002,1,0,0,0
SJM,276,0.5181159420289855,5.743033423913043,0.6847826086956522,4.100236880592888,0.5838622713815885,2,0,0,0
SLB,276,0.45652173913043476,4.04413695652174,0.677536231884058,2.6115498888791224,0.6253540696278133,2,0,0,0
SLG,276,0.5289855072463768,4.959757608695651,0.6702898550724637,3.4206155489340007,0.5855421841936285,0,1,0,0
SNA,276,0.47101449275362317,8.644666213768119,0.717391304347826,5.963777270632699,0.6432498179123475,2,0,0,0
SNI,276,0.6086956521739131,3.6210607789855067,0.7463768115942029,2.6070616506639976,0.5931200364166075,4,1,0,0
SNPS,276,0.5362318840579711,3.1527794384057963,0.6594202898550725,2.262870284859403,0.5675391770887778,3,0,0,0
SO,276,0.4963768115942029,1.7215778079710142,0.6811594202898551,1.2089539282550696,0.6222880771778306,0,0,0,0
SPG,276,0.47101449275362317,9.26061077898551,0.6557971014492754,6.375673114345042,0.6108509421553151,0,0,0,0
SPGI,276,0.4855072463768116,6.474539130434791,0.6956521739130435,4.571580655713632,0.6284753685556526,1,0,0,0
SRCL,276,0.4963768115942029,4.263097101449278,0.6702898550724637,3.12428504722493,0.5501696387866336,2,1,0,0
SRE,276,0.4782608695652174,4.06020525362319,0.7355072463768116,2.8943576773450403,0.6124212834236967,0,0,0,0
STI,276,0.532608695652174,3.163042572463768,0.7355072463768116,2.2288864875666623,0.6478213470379443,0,1,0,0
STT,276,0.5144927536231884,4.312272735507247,0.7028985507246377,3.2150170845136534,0.6405670669996374,1,0,0,0
STX,276,0.5688405797101449,3.5795389492753618,0.7246376811594203,2.7022883335578527,0.5894419242522091,1,0,0,0
STZ,276,0.5398550724637681,7.536402173913042,0.7463768115942029,5.8511050267140625,0.6216544877431401,2,0,0,0
SWK,276,0.4963768115942029,5.734047644927539,0.7065217391304348,4.090476898279033,0.6136685911165657,2,0,0,0
SWKS,276,0.4963768115942029,6.96090117753623,0.6666666666666666,5.319440954007729,0.6250540977660343,3,0,0,0
SYK,276,0.463768115942029,5.795510869565221,0.717391304347826,4.096168129296996,0.6388041041902066,4,0,0,0
SYMC,276,0.5217391304347826,1.8363427536231878,0.6594202898550725,1.3100807649099158,0.5350680334784758,2,0,0,0
SYY,276,0.5543478260869565,2.1287623188405793,0.7065217391304348,1.691080838942081,0.5897095016574753,1,0,0,0
T,276,0.4746376811594203,1.8605878623188388,0.6268115942028986,1.2922443108617074,0.5986587582170627,0,0,0,0
TAP,276,0.5,4.156904166666667,0.7101449275362319,2.8525354197479085,0.6345764842038898,0,2,0,0
TDG,276,0.5144927536231884,17.315401086956513,0.6594202898550725,11.778284260961046,0.5570884622830465,0,1,0,0
TEL,276,0.5398550724637681,3.3196890398550725,0.7101449275362319,2.4549250272399346,0.629996789106559,1,0,0,0
TGT,276,0.4927536231884058,4.82636322463768,0.677536231884058,3.2840276652353872,0.6029225868632395,3,0,0,0
TIF,276,0.4891304347826087,5.2557860507246374,0.6847826086956522,3.6942120714051305,0.6340660413103482,2,0,0,0
TJX,276,0.4746376811594203,3.619650905797102,0.6992753623188406,2.5095756220045047,0.6414956666054629,1,0,0,0
TMK,276,0.6014492753623188,2.5287313405797125,0.7463768115942029,1.812777110653381,0.6332541141437303,1,0,0,0
TMO,276,0.47101449275362317,8.093017481884056,0.7065217391304348,5.715484308608381,0.6387171402718593,1,1,0,0
TPR,276,0.4963768115942029,2.577860960144928,0.6884057971014492,1.890534342647803,0.5933934246291296,0,0,0,0
TRIP,276,0.4891304347826087,3.99295588768116,0.7101449275362319,2.8684064472808974,0.5684200419541715,3,1,0,0
TROW,276,0.5072463768115942,4.241121467391304,0.6956521739130435,3.062021759929762,0.6097891350231546,1,0,0,0
TRV,276,0.4963768115942029,4.834362047101447,0.7210144927536232,3.341343173827509,0.6464463706089958,1,0,0,0
TSCO,276,0.4927536231884058,4.734215307971016,0.6702898550724637,3.129123654126022,0.6198595319784925,1,0,0,0
TSN,276,0.4673913043478261,3.4087162137681153,0.7028985507246377,2.422232781517937,0.6290465881430976,0,0,0,0
TSS,276,0.5471014492753623,2.977839764492754,0.7427536231884058,2.072297207943151,0.6406973648564552,2,0,0,0
TWX,276,0.5036231884057971,2.9052965579710146,0.7318840579710145,1.9826118873243586,0.5914621799245439,0,0,0,0
TXN,276,0.4855072463768116,4.325647101449277,0.6666666666666666,3.226286169549049,0.6219886775990229,1,0,0,0
TXT,276,0.4420289855072464,2.593980072463767,0.7101449275362319,1.7858879423760392,0.6588238116768188,1,0,0,0
UAA,276,0.4673913043478261,2.2248761775362325,0.7210144927536232,1.5008349678403048,0.6170468631419433,1,0,0,0
UAL,276,0.4746376811594203,5.746922192028983,0.6884057971014492,4.1139611424695985,0.6359052917891325,1,0,0,0
UDR,276,0.4963768115942029,1.4053926630434788,0.717391304347826,1.006045342219557,0.595593390367844,2,0,0,0
UHS,276,0.48188405797101447,6.995486231884059,0.6956521739130435,4.7157362627900445,0.6026374699418611,4,0,0,0
ULTA,276,0.5434782608695652,16.92110887681159,0.6521739130434783,12.536972169898764,0.5703395253330409,1,0,0,0
UNH,276,0.5217391304347826,8.204594746376813,0.6992753623188406,5.7190271800867905,0.6101232483808007,1,0,0,0
UNM,276,0.5688405797101449,2.328206521739131,0.7463768115942029,1.6414481211820031,0.6743313961807728,2,0,0,0
UNP,276,0.532608695652174,5.395575905797103,0.7318840579710145,3.986907529259596,0.6629241546863214,2,0,0,0
UPS,276,0.4601449275362319,5.205447373188407,0.6268115942028986,3.513818181458322,0.6038731104802364,1,0,0,0
URI,276,0.5398550724637681,10.137156793478264,0.677536231884058,7.298150656733922,0.6239417872710639,1,1,0,0
USB,276,0.5579710144927537,2.1615349637681165,0.7427536231884058,1.4499043008831967,0.6479163694604825,1,0,0,0
UTX,276,0.5253623188405797,4.2060894927536205,0.7065217391304348,3.0615763807477396,0.6374923009798313,1,0,0,0
V,276,0.5108695652173914,3.675969927536231,0.7101449275362319,2.6774579521441844,0.6581685105318332,2,0,0,0
VAR,276,0.463768115942029,5.1431577898550715,0.7028985507246377,3.756663615306061,0.6061035816874335,2,0,0,0
VFC,276,0.44565217391304346,3.2474056159420286,0.6702898550724637,2.157893054206111,0.6090180266022462,2,0,0,0
VIAB,276,0.4891304347826087,2.9677165760869557,0.6884057971014492,2.1399938431734022,0.5732871787641536,2,0,0,0
VLO,276,0.4963768115942029,3.6590978260869576,0.6811594202898551,2.6003901182488858,0.6029403165377938,4,0,0,0
VMC,276,0.463768115942029,8.524183876811595,0.6413043478260869,5.978296751925807,0.6126584494194478,0,0,0,0
VNO,276,0.47101449275362317,4.452077626811593,0.7246376811594203,3.123300776581242,0.6043367533869312,1,2,0,0
VRSK,276,0.5072463768115942,3.2872018115941994,0.6413043478260869,2.274124223887144,0.5303706267504975,1,0,0,0
VRSN,276,0.5036231884057971,4.048317753623189,0.6557971014492754,2.7713078887153473,0.5727612457321222,1,0,0,0
VRTX,276,0.4891304347826087,10.318615126811597,0.6956521739130435,7.658366680171577,0.595317078026665,1,0,0,0
VTR,276,0.4673913043478261,2.867963586956522,0.7065217391304348,2.001675904335506,0.6175913226890041,0,1,0,0
VZ,276,0.4601449275362319,2.351216666666667,0.6811594202898551,1.5748246620949702,0.6310449438026199,2,0,0,0
WAT,276,0.5036231884057971,7.743333786231884,0.6884057971014492,5.693586637305345,0.6172346716195991,1,0,0,0
WBA,276,0.5362318840579711,3.9087635869565207,0.7065217391304348,2.838656546455396,0.6238127845502994,2,0,0,0
WDC,276,0.5471014492753623,6.59850190217391,0.6956521739130435,4.835800076816412,0.6279252066422234,0,0,0,0
WEC,276,0.4963768115942029,2.1023285326086967,0.6956521739130435,1.44919772547762,0.6467661745684916,0,0,0,0
WFC,276,0.4384057971014493,2.915910235507247,0.7391304347826086,2.016541353349355,0.6795579805456111,1,0,0,0
WHR,276,0.5108695652173914,10.144847735507245,0.7065217391304348,7.2973719477119765,0.6115844248024812,1,0,0,0
WM,276,0.5144927536231884,2.234054166666666,0.6811594202898551,1.6279688401611818,0.6090144803022814,1,0,0,0
WMB,276,0.4927536231884058,1.675804347826087,0.6521739130434783,1.2308061392941545,0.5882132378617787,2,0,0,0
WMT,276,0.5108695652173914,3.5966499094202886,0.7065217391304348,2.5491664891392682,0.6000165370174846,0,0,0,0
WU,276,0.48188405797101447,1.0142691123188405,0.717391304347826,0.6844504115847521,0.6261852986115032,1,1,0,0
WY,276,0.5217391304347826,1.4570240942028965,0.7246376811594203,1.0551025823059432,0.6288160844573274,2,0,0,0
WYN,276,0.463768115942029,5.276029528985506,0.717391304347826,3.612433235345006,0.6477593504682543,3,0,0,0
WYNN,276,0.5217391304347826,10.624954347826083,0.7101449275362319,7.994947445803241,0.6173499904096055,0,0,0,0
XEC,276,0.4492753623188406,8.020611231884057,0.7210144927536232,5.595441522954477,0.6381229959032443,2,1,0,0
XEL,276,0.4782608695652174,1.4513161231884049,0.7065217391304348,1.0025418180052768,0.6482171781675637,1,0,0,0
XL,276,0.5362318840579711,2.095669474637681,0.6884057971014492,1.6360869033794176,0.6112063203172036,0,0,0,0
XLNX,276,0.5036231884057971,3.8852163043478263,0.677536231884058,2.8253514129587383,0.5931461918646324,1,0,0,0
XOM,276,0.4963768115942029,2.8385784420289837,0.677536231884058,2.051998861920594,0.6296151450566274,2,1,0,0
XRAY,276,0.4963768115942029,3.256573641304347,0.6992753623188406,2.2638205397079347,0.5906617015493205,2,0,0,0
XRX,276,0.5,1.7294288949275365,0.7282608695652174,1.2170793547105072,0.6301246789903457,0,3,0,0
XYL,276,0.4855072463768116,2.51534402173913,0.6884057971014492,1.8414610052708784,0.6303300302681386,4,1,0,0
YUM,276,0.4782608695652174,2.725304528985509,0.7210144927536232,1.8942300015622386,0.5992731760660417,1,0,0,0
ZBH,276,0.5362318840579711,5.926851902173911,0.7101449275362319,4.268622470752633,0.598808397500591,3,1,0,0
ZION,276,0.5253623188405797,2.7684969202898553,0.7137681159420289,1.9168289256742241,0.6260851360460004,1,0,0,0
ZTS,276,0.5181159420289855,2.5201589673913047,0.6847826086956522,1.7730975895377263,0.5900660448702005,3,0,0,0
